npi,sum_benes,dataset,metric,reason,sum_srvcs,profile_id,sum_payment_amount
1013014836,2453.0,providers_a,sum_benes,MAD z-score >= 8 (extreme outlier),,,
1043508963,3123.0,providers_a,sum_benes,MAD z-score >= 8 (extreme outlier),,,
1013987882,22507.0,providers_a,sum_benes,MAD z-score >= 8 (extreme outlier),,,
1043307549,5061.0,providers_a,sum_benes,MAD z-score >= 8 (extreme outlier),,,
1013915552,6029.0,providers_a,sum_benes,MAD z-score >= 8 (extreme outlier),,,
1023246527,5286.0,providers_a,sum_benes,MAD z-score >= 8 (extreme outlier),,,
1043211444,2818.0,providers_a,sum_benes,MAD z-score >= 8 (extreme outlier),,,
1043218845,3573.0,providers_a,sum_benes,MAD z-score >= 8 (extreme outlier),,,
1003852039,5420.0,providers_a,sum_benes,MAD z-score >= 8 (extreme outlier),,,
1003811423,2748.0,providers_a,sum_benes,MAD z-score >= 8 (extreme outlier),,,
1013128073,2770.0,providers_a,sum_benes,MAD z-score >= 8 (extreme outlier),,,
1033125414,4547.0,providers_a,sum_benes,MAD z-score >= 8 (extreme outlier),,,
1043254964,3601.0,providers_a,sum_benes,MAD z-score >= 8 (extreme outlier),,,
1043461924,7931.0,providers_a,sum_benes,MAD z-score >= 8 (extreme outlier),,,
1033284823,5381.0,providers_a,sum_benes,MAD z-score >= 8 (extreme outlier),,,
1003870726,7476.0,providers_a,sum_benes,MAD z-score >= 8 (extreme outlier),,,
1023205531,2835.0,providers_a,sum_benes,MAD z-score >= 8 (extreme outlier),,,
1013352962,9611.0,providers_a,sum_benes,MAD z-score >= 8 (extreme outlier),,,
1003912809,8319.0,providers_a,sum_benes,MAD z-score >= 8 (extreme outlier),,,
1023371077,2962.0,providers_a,sum_benes,MAD z-score >= 8 (extreme outlier),,,
1003808361,5025.0,providers_a,sum_benes,MAD z-score >= 8 (extreme outlier),,,
1033370408,10674.0,providers_a,sum_benes,MAD z-score >= 8 (extreme outlier),,,
1013127117,3387.0,providers_a,sum_benes,MAD z-score >= 8 (extreme outlier),,,
1013128057,2530.0,providers_a,sum_benes,MAD z-score >= 8 (extreme outlier),,,
1003245317,9951.0,providers_a,sum_benes,MAD z-score >= 8 (extreme outlier),,,
1003927666,2784.0,providers_a,sum_benes,MAD z-score >= 8 (extreme outlier),,,
1013100312,5759.0,providers_a,sum_benes,MAD z-score >= 8 (extreme outlier),,,
1043500598,2781.0,providers_a,sum_benes,MAD z-score >= 8 (extreme outlier),,,
1013353804,3667.0,providers_a,sum_benes,MAD z-score >= 8 (extreme outlier),,,
1023050655,3367.0,providers_a,sum_benes,MAD z-score >= 8 (extreme outlier),,,
1043304116,3023.0,providers_a,sum_benes,MAD z-score >= 8 (extreme outlier),,,
1013275478,2597.0,providers_a,sum_benes,MAD z-score >= 8 (extreme outlier),,,
1003058173,8341.0,providers_a,sum_benes,MAD z-score >= 8 (extreme outlier),,,
1023593142,3493.0,providers_a,sum_benes,MAD z-score >= 8 (extreme outlier),,,
1033144183,2931.0,providers_a,sum_benes,MAD z-score >= 8 (extreme outlier),,,
1013951458,2889.0,providers_a,sum_benes,MAD z-score >= 8 (extreme outlier),,,
1033156591,4760.0,providers_a,sum_benes,MAD z-score >= 8 (extreme outlier),,,
1023440187,3312.0,providers_a,sum_benes,MAD z-score >= 8 (extreme outlier),,,
1033247747,4357.0,providers_a,sum_benes,MAD z-score >= 8 (extreme outlier),,,
1023018744,2831.0,providers_a,sum_benes,MAD z-score >= 8 (extreme outlier),,,
1023173929,5654.0,providers_a,sum_benes,MAD z-score >= 8 (extreme outlier),,,
1033136965,3402.0,providers_a,sum_benes,MAD z-score >= 8 (extreme outlier),,,
1013919232,2801.0,providers_a,sum_benes,MAD z-score >= 8 (extreme outlier),,,
1023168622,2983.0,providers_a,sum_benes,MAD z-score >= 8 (extreme outlier),,,
1023320538,2482.0,providers_a,sum_benes,MAD z-score >= 8 (extreme outlier),,,
1033142526,3604.0,providers_a,sum_benes,MAD z-score >= 8 (extreme outlier),,,
1053311472,4208.0,providers_a,sum_benes,MAD z-score >= 8 (extreme outlier),,,
1013191105,3758.0,providers_a,sum_benes,MAD z-score >= 8 (extreme outlier),,,
1003079112,2593.0,providers_a,sum_benes,MAD z-score >= 8 (extreme outlier),,,
1023031770,2522.0,providers_a,sum_benes,MAD z-score >= 8 (extreme outlier),,,
1013042209,6730.0,providers_a,sum_benes,MAD z-score >= 8 (extreme outlier),,,
1003192667,4193.0,providers_a,sum_benes,MAD z-score >= 8 (extreme outlier),,,
1003980947,3927.0,providers_a,sum_benes,MAD z-score >= 8 (extreme outlier),,,
1013928308,2835.0,providers_a,sum_benes,MAD z-score >= 8 (extreme outlier),,,
1043303233,3299.0,providers_a,sum_benes,MAD z-score >= 8 (extreme outlier),,,
1013951912,4315.0,providers_a,sum_benes,MAD z-score >= 8 (extreme outlier),,,
1023152378,2903.0,providers_a,sum_benes,MAD z-score >= 8 (extreme outlier),,,
1023062973,2794.0,providers_a,sum_benes,MAD z-score >= 8 (extreme outlier),,,
1033179387,4297.0,providers_a,sum_benes,MAD z-score >= 8 (extreme outlier),,,
1043522311,2628.0,providers_a,sum_benes,MAD z-score >= 8 (extreme outlier),,,
1043605579,2978.0,providers_a,sum_benes,MAD z-score >= 8 (extreme outlier),,,
1013914639,57375.0,providers_a,sum_benes,MAD z-score >= 8 (extreme outlier),,,
1033307137,3958.0,providers_a,sum_benes,MAD z-score >= 8 (extreme outlier),,,
1013028612,4550.0,providers_a,sum_benes,MAD z-score >= 8 (extreme outlier),,,
1023069796,4064.0,providers_a,sum_benes,MAD z-score >= 8 (extreme outlier),,,
1003006180,6552.0,providers_a,sum_benes,MAD z-score >= 8 (extreme outlier),,,
1043250004,4218.0,providers_a,sum_benes,MAD z-score >= 8 (extreme outlier),,,
1013145234,5063.0,providers_a,sum_benes,MAD z-score >= 8 (extreme outlier),,,
1023057700,4128.0,providers_a,sum_benes,MAD z-score >= 8 (extreme outlier),,,
1033348438,3830.0,providers_a,sum_benes,MAD z-score >= 8 (extreme outlier),,,
1053308320,4163.0,providers_a,sum_benes,MAD z-score >= 8 (extreme outlier),,,
1033199450,5671.0,providers_a,sum_benes,MAD z-score >= 8 (extreme outlier),,,
1043244726,16354.0,providers_a,sum_benes,MAD z-score >= 8 (extreme outlier),,,
1043201106,3751.0,providers_a,sum_benes,MAD z-score >= 8 (extreme outlier),,,
1043207228,3293.0,providers_a,sum_benes,MAD z-score >= 8 (extreme outlier),,,
1013016732,2532.0,providers_a,sum_benes,MAD z-score >= 8 (extreme outlier),,,
1053340802,9867.0,providers_a,sum_benes,MAD z-score >= 8 (extreme outlier),,,
1033321450,5372.0,providers_a,sum_benes,MAD z-score >= 8 (extreme outlier),,,
1033136551,4206.0,providers_a,sum_benes,MAD z-score >= 8 (extreme outlier),,,
1013982305,4606.0,providers_a,sum_benes,MAD z-score >= 8 (extreme outlier),,,
1013997337,3670.0,providers_a,sum_benes,MAD z-score >= 8 (extreme outlier),,,
1043574338,2570.0,providers_a,sum_benes,MAD z-score >= 8 (extreme outlier),,,
1013911791,3117.0,providers_a,sum_benes,MAD z-score >= 8 (extreme outlier),,,
1013259167,5275.0,providers_a,sum_benes,MAD z-score >= 8 (extreme outlier),,,
1013913326,3058.0,providers_a,sum_benes,MAD z-score >= 8 (extreme outlier),,,
1043396245,4895.0,providers_a,sum_benes,MAD z-score >= 8 (extreme outlier),,,
1043315153,2955.0,providers_a,sum_benes,MAD z-score >= 8 (extreme outlier),,,
1003808544,9212.0,providers_a,sum_benes,MAD z-score >= 8 (extreme outlier),,,
1023058989,3285.0,providers_a,sum_benes,MAD z-score >= 8 (extreme outlier),,,
1023098928,6595.0,providers_a,sum_benes,MAD z-score >= 8 (extreme outlier),,,
1033479233,2888.0,providers_a,sum_benes,MAD z-score >= 8 (extreme outlier),,,
1003809435,2835.0,providers_a,sum_benes,MAD z-score >= 8 (extreme outlier),,,
1033346721,2646.0,providers_a,sum_benes,MAD z-score >= 8 (extreme outlier),,,
1013111376,2903.0,providers_a,sum_benes,MAD z-score >= 8 (extreme outlier),,,
1043338338,4491.0,providers_a,sum_benes,MAD z-score >= 8 (extreme outlier),,,
1043288657,6439.0,providers_a,sum_benes,MAD z-score >= 8 (extreme outlier),,,
1023002813,7468.0,providers_a,sum_benes,MAD z-score >= 8 (extreme outlier),,,
1043265937,3299.0,providers_a,sum_benes,MAD z-score >= 8 (extreme outlier),,,
1013097534,2569.0,providers_a,sum_benes,MAD z-score >= 8 (extreme outlier),,,
1033131610,3156.0,providers_a,sum_benes,MAD z-score >= 8 (extreme outlier),,,
1033222849,2773.0,providers_a,sum_benes,MAD z-score >= 8 (extreme outlier),,,
1053317198,7222.0,providers_a,sum_benes,MAD z-score >= 8 (extreme outlier),,,
1043258270,3274.0,providers_a,sum_benes,MAD z-score >= 8 (extreme outlier),,,
1013928407,5361.0,providers_a,sum_benes,MAD z-score >= 8 (extreme outlier),,,
1043474042,6994.0,providers_a,sum_benes,MAD z-score >= 8 (extreme outlier),,,
1033104773,3221.0,providers_a,sum_benes,MAD z-score >= 8 (extreme outlier),,,
1003801705,4510.0,providers_a,sum_benes,MAD z-score >= 8 (extreme outlier),,,
1043273451,4800.0,providers_a,sum_benes,MAD z-score >= 8 (extreme outlier),,,
1043449598,2896.0,providers_a,sum_benes,MAD z-score >= 8 (extreme outlier),,,
1013918010,5235.0,providers_a,sum_benes,MAD z-score >= 8 (extreme outlier),,,
1033126735,2745.0,providers_a,sum_benes,MAD z-score >= 8 (extreme outlier),,,
1043216682,302288.0,providers_a,sum_benes,MAD z-score >= 8 (extreme outlier),,,
1013968478,15996.0,providers_a,sum_benes,MAD z-score >= 8 (extreme outlier),,,
1043311244,3231.0,providers_a,sum_benes,MAD z-score >= 8 (extreme outlier),,,
1003948464,13035.0,providers_a,sum_benes,MAD z-score >= 8 (extreme outlier),,,
1023370913,2554.0,providers_a,sum_benes,MAD z-score >= 8 (extreme outlier),,,
1003851833,2769.0,providers_a,sum_benes,MAD z-score >= 8 (extreme outlier),,,
1033105747,3751.0,providers_a,sum_benes,MAD z-score >= 8 (extreme outlier),,,
1043209950,3502.0,providers_a,sum_benes,MAD z-score >= 8 (extreme outlier),,,
1053307421,2977.0,providers_a,sum_benes,MAD z-score >= 8 (extreme outlier),,,
1023157260,3020.0,providers_a,sum_benes,MAD z-score >= 8 (extreme outlier),,,
1013915784,2813.0,providers_a,sum_benes,MAD z-score >= 8 (extreme outlier),,,
1003105677,3232.0,providers_a,sum_benes,MAD z-score >= 8 (extreme outlier),,,
1023220381,2823.0,providers_a,sum_benes,MAD z-score >= 8 (extreme outlier),,,
1023062502,3682.0,providers_a,sum_benes,MAD z-score >= 8 (extreme outlier),,,
1003075433,4190.0,providers_a,sum_benes,MAD z-score >= 8 (extreme outlier),,,
1043206980,7830.0,providers_a,sum_benes,MAD z-score >= 8 (extreme outlier),,,
1003859679,7718.0,providers_a,sum_benes,MAD z-score >= 8 (extreme outlier),,,
1003894569,4431.0,providers_a,sum_benes,MAD z-score >= 8 (extreme outlier),,,
1033161088,2713.0,providers_a,sum_benes,MAD z-score >= 8 (extreme outlier),,,
1003128976,3103.0,providers_a,sum_benes,MAD z-score >= 8 (extreme outlier),,,
1053324962,2992.0,providers_a,sum_benes,MAD z-score >= 8 (extreme outlier),,,
1043858996,27332.0,providers_a,sum_benes,MAD z-score >= 8 (extreme outlier),,,
1003174814,2785.0,providers_a,sum_benes,MAD z-score >= 8 (extreme outlier),,,
1013117977,4914.0,providers_a,sum_benes,MAD z-score >= 8 (extreme outlier),,,
1003863929,19441.0,providers_a,sum_benes,MAD z-score >= 8 (extreme outlier),,,
1043651516,3242.0,providers_a,sum_benes,MAD z-score >= 8 (extreme outlier),,,
1023060415,3753.0,providers_a,sum_benes,MAD z-score >= 8 (extreme outlier),,,
1043299274,3186.0,providers_a,sum_benes,MAD z-score >= 8 (extreme outlier),,,
1003802901,3782.0,providers_a,sum_benes,MAD z-score >= 8 (extreme outlier),,,
1003805052,4489.0,providers_a,sum_benes,MAD z-score >= 8 (extreme outlier),,,
1013234624,6147.0,providers_a,sum_benes,MAD z-score >= 8 (extreme outlier),,,
1023452836,2671.0,providers_a,sum_benes,MAD z-score >= 8 (extreme outlier),,,
1023050341,4140.0,providers_a,sum_benes,MAD z-score >= 8 (extreme outlier),,,
1023468709,3722.0,providers_a,sum_benes,MAD z-score >= 8 (extreme outlier),,,
1033167846,2831.0,providers_a,sum_benes,MAD z-score >= 8 (extreme outlier),,,
1033503164,3723.0,providers_a,sum_benes,MAD z-score >= 8 (extreme outlier),,,
1003031691,2479.0,providers_a,sum_benes,MAD z-score >= 8 (extreme outlier),,,
1043667884,2725.0,providers_a,sum_benes,MAD z-score >= 8 (extreme outlier),,,
1033322466,146546.0,providers_a,sum_benes,MAD z-score >= 8 (extreme outlier),,,
1003088675,2857.0,providers_a,sum_benes,MAD z-score >= 8 (extreme outlier),,,
1023005139,9604.0,providers_a,sum_benes,MAD z-score >= 8 (extreme outlier),,,
1043570757,3266.0,providers_a,sum_benes,MAD z-score >= 8 (extreme outlier),,,
1043581317,3913.0,providers_a,sum_benes,MAD z-score >= 8 (extreme outlier),,,
1013076546,4859.0,providers_a,sum_benes,MAD z-score >= 8 (extreme outlier),,,
1043225469,4011.0,providers_a,sum_benes,MAD z-score >= 8 (extreme outlier),,,
1003088113,3209.0,providers_a,sum_benes,MAD z-score >= 8 (extreme outlier),,,
1003804170,8775.0,providers_a,sum_benes,MAD z-score >= 8 (extreme outlier),,,
1013992429,4887.0,providers_a,sum_benes,MAD z-score >= 8 (extreme outlier),,,
1013989318,2978.0,providers_a,sum_benes,MAD z-score >= 8 (extreme outlier),,,
1033180971,2935.0,providers_a,sum_benes,MAD z-score >= 8 (extreme outlier),,,
1013288273,5244.0,providers_a,sum_benes,MAD z-score >= 8 (extreme outlier),,,
1013932698,2653.0,providers_a,sum_benes,MAD z-score >= 8 (extreme outlier),,,
1003059288,3321.0,providers_a,sum_benes,MAD z-score >= 8 (extreme outlier),,,
1013098995,3513.0,providers_a,sum_benes,MAD z-score >= 8 (extreme outlier),,,
1013101054,4376.0,providers_a,sum_benes,MAD z-score >= 8 (extreme outlier),,,
1043343122,4341.0,providers_a,sum_benes,MAD z-score >= 8 (extreme outlier),,,
1033141684,10638.0,providers_a,sum_benes,MAD z-score >= 8 (extreme outlier),,,
1053322453,2768.0,providers_a,sum_benes,MAD z-score >= 8 (extreme outlier),,,
1033113790,6751.0,providers_a,sum_benes,MAD z-score >= 8 (extreme outlier),,,
1023010444,2597.0,providers_a,sum_benes,MAD z-score >= 8 (extreme outlier),,,
1023060696,2624.0,providers_a,sum_benes,MAD z-score >= 8 (extreme outlier),,,
1003019654,4116.0,providers_a,sum_benes,MAD z-score >= 8 (extreme outlier),,,
1003201450,4462.0,providers_a,sum_benes,MAD z-score >= 8 (extreme outlier),,,
1023150182,3505.0,providers_a,sum_benes,MAD z-score >= 8 (extreme outlier),,,
1023371952,6227.0,providers_a,sum_benes,MAD z-score >= 8 (extreme outlier),,,
1053343376,2709.0,providers_a,sum_benes,MAD z-score >= 8 (extreme outlier),,,
1043221328,2716.0,providers_a,sum_benes,MAD z-score >= 8 (extreme outlier),,,
1033760723,4050.0,providers_a,sum_benes,MAD z-score >= 8 (extreme outlier),,,
1033313630,2764.0,providers_a,sum_benes,MAD z-score >= 8 (extreme outlier),,,
1033431549,4409.0,providers_a,sum_benes,MAD z-score >= 8 (extreme outlier),,,
1013950898,2643.0,providers_a,sum_benes,MAD z-score >= 8 (extreme outlier),,,
1043214067,4110.0,providers_a,sum_benes,MAD z-score >= 8 (extreme outlier),,,
1003889346,4865.0,providers_a,sum_benes,MAD z-score >= 8 (extreme outlier),,,
1043248867,3003.0,providers_a,sum_benes,MAD z-score >= 8 (extreme outlier),,,
1033640537,2505.0,providers_a,sum_benes,MAD z-score >= 8 (extreme outlier),,,
1013917731,2925.0,providers_a,sum_benes,MAD z-score >= 8 (extreme outlier),,,
1013954759,3312.0,providers_a,sum_benes,MAD z-score >= 8 (extreme outlier),,,
1013997741,6626.0,providers_a,sum_benes,MAD z-score >= 8 (extreme outlier),,,
1013909811,2538.0,providers_a,sum_benes,MAD z-score >= 8 (extreme outlier),,,
1003873662,2622.0,providers_a,sum_benes,MAD z-score >= 8 (extreme outlier),,,
1013463801,2577.0,providers_a,sum_benes,MAD z-score >= 8 (extreme outlier),,,
1043304280,4789.0,providers_a,sum_benes,MAD z-score >= 8 (extreme outlier),,,
1023106838,4337.0,providers_a,sum_benes,MAD z-score >= 8 (extreme outlier),,,
1023093259,3570.0,providers_a,sum_benes,MAD z-score >= 8 (extreme outlier),,,
1023539053,31105.0,providers_a,sum_benes,MAD z-score >= 8 (extreme outlier),,,
1003822164,2995.0,providers_a,sum_benes,MAD z-score >= 8 (extreme outlier),,,
1013000629,3157.0,providers_a,sum_benes,MAD z-score >= 8 (extreme outlier),,,
1043253511,5236.0,providers_a,sum_benes,MAD z-score >= 8 (extreme outlier),,,
1013913284,6589.0,providers_a,sum_benes,MAD z-score >= 8 (extreme outlier),,,
1033125950,4111.0,providers_a,sum_benes,MAD z-score >= 8 (extreme outlier),,,
1003918228,2798.0,providers_a,sum_benes,MAD z-score >= 8 (extreme outlier),,,
1023302965,2803.0,providers_a,sum_benes,MAD z-score >= 8 (extreme outlier),,,
1003145038,2672.0,providers_a,sum_benes,MAD z-score >= 8 (extreme outlier),,,
1023471208,3894.0,providers_a,sum_benes,MAD z-score >= 8 (extreme outlier),,,
1033180039,2709.0,providers_a,sum_benes,MAD z-score >= 8 (extreme outlier),,,
1043506900,2668.0,providers_a,sum_benes,MAD z-score >= 8 (extreme outlier),,,
1003869058,3833.0,providers_a,sum_benes,MAD z-score >= 8 (extreme outlier),,,
1003857269,6574.0,providers_a,sum_benes,MAD z-score >= 8 (extreme outlier),,,
1043304462,7686.0,providers_a,sum_benes,MAD z-score >= 8 (extreme outlier),,,
1013002328,3624.0,providers_a,sum_benes,MAD z-score >= 8 (extreme outlier),,,
1043270044,3205.0,providers_a,sum_benes,MAD z-score >= 8 (extreme outlier),,,
1023635455,3055.0,providers_a,sum_benes,MAD z-score >= 8 (extreme outlier),,,
1023023777,6310.0,providers_a,sum_benes,MAD z-score >= 8 (extreme outlier),,,
1013983592,3127.0,providers_a,sum_benes,MAD z-score >= 8 (extreme outlier),,,
1013999085,3125.0,providers_a,sum_benes,MAD z-score >= 8 (extreme outlier),,,
1043749765,2634.0,providers_a,sum_benes,MAD z-score >= 8 (extreme outlier),,,
1033151014,3510.0,providers_a,sum_benes,MAD z-score >= 8 (extreme outlier),,,
1003045857,4360.0,providers_a,sum_benes,MAD z-score >= 8 (extreme outlier),,,
1033215348,14245.0,providers_a,sum_benes,MAD z-score >= 8 (extreme outlier),,,
1003877887,2458.0,providers_a,sum_benes,MAD z-score >= 8 (extreme outlier),,,
1033377478,3878.0,providers_a,sum_benes,MAD z-score >= 8 (extreme outlier),,,
1023011137,3812.0,providers_a,sum_benes,MAD z-score >= 8 (extreme outlier),,,
1003930215,4120.0,providers_a,sum_benes,MAD z-score >= 8 (extreme outlier),,,
1023033271,6494.0,providers_a,sum_benes,MAD z-score >= 8 (extreme outlier),,,
1023455797,2729.0,providers_a,sum_benes,MAD z-score >= 8 (extreme outlier),,,
1013966282,3178.0,providers_a,sum_benes,MAD z-score >= 8 (extreme outlier),,,
1003305624,4112.0,providers_a,sum_benes,MAD z-score >= 8 (extreme outlier),,,
1013913482,2525.0,providers_a,sum_benes,MAD z-score >= 8 (extreme outlier),,,
1013030790,2710.0,providers_a,sum_benes,MAD z-score >= 8 (extreme outlier),,,
1023170388,3002.0,providers_a,sum_benes,MAD z-score >= 8 (extreme outlier),,,
1023097433,6020.0,providers_a,sum_benes,MAD z-score >= 8 (extreme outlier),,,
1013171941,3680.0,providers_a,sum_benes,MAD z-score >= 8 (extreme outlier),,,
1013197375,2607.0,providers_a,sum_benes,MAD z-score >= 8 (extreme outlier),,,
1023329026,3054.0,providers_a,sum_benes,MAD z-score >= 8 (extreme outlier),,,
1033105739,6027.0,providers_a,sum_benes,MAD z-score >= 8 (extreme outlier),,,
1003838699,5266.0,providers_a,sum_benes,MAD z-score >= 8 (extreme outlier),,,
1033407275,3335.0,providers_a,sum_benes,MAD z-score >= 8 (extreme outlier),,,
1043453970,4144.0,providers_a,sum_benes,MAD z-score >= 8 (extreme outlier),,,
1033371406,4545.0,providers_a,sum_benes,MAD z-score >= 8 (extreme outlier),,,
1023112786,3733.0,providers_a,sum_benes,MAD z-score >= 8 (extreme outlier),,,
1053336602,4951.0,providers_a,sum_benes,MAD z-score >= 8 (extreme outlier),,,
1023259777,3106.0,providers_a,sum_benes,MAD z-score >= 8 (extreme outlier),,,
1013934579,2685.0,providers_a,sum_benes,MAD z-score >= 8 (extreme outlier),,,
1013105949,2491.0,providers_a,sum_benes,MAD z-score >= 8 (extreme outlier),,,
1003260654,6719.0,providers_a,sum_benes,MAD z-score >= 8 (extreme outlier),,,
1033192992,12075.0,providers_a,sum_benes,MAD z-score >= 8 (extreme outlier),,,
1043225923,4755.0,providers_a,sum_benes,MAD z-score >= 8 (extreme outlier),,,
1013112671,2928.0,providers_a,sum_benes,MAD z-score >= 8 (extreme outlier),,,
1033157672,4420.0,providers_a,sum_benes,MAD z-score >= 8 (extreme outlier),,,
1003877580,2757.0,providers_a,sum_benes,MAD z-score >= 8 (extreme outlier),,,
1043252273,6774.0,providers_a,sum_benes,MAD z-score >= 8 (extreme outlier),,,
1013994987,3666.0,providers_a,sum_benes,MAD z-score >= 8 (extreme outlier),,,
1043208127,3977.0,providers_a,sum_benes,MAD z-score >= 8 (extreme outlier),,,
1043325822,2797.0,providers_a,sum_benes,MAD z-score >= 8 (extreme outlier),,,
1033105507,3810.0,providers_a,sum_benes,MAD z-score >= 8 (extreme outlier),,,
1013405547,3083.0,providers_a,sum_benes,MAD z-score >= 8 (extreme outlier),,,
1013191600,3918.0,providers_a,sum_benes,MAD z-score >= 8 (extreme outlier),,,
1013141555,3482.0,providers_a,sum_benes,MAD z-score >= 8 (extreme outlier),,,
1043453855,2822.0,providers_a,sum_benes,MAD z-score >= 8 (extreme outlier),,,
1013172907,2806.0,providers_a,sum_benes,MAD z-score >= 8 (extreme outlier),,,
1013943737,2734.0,providers_a,sum_benes,MAD z-score >= 8 (extreme outlier),,,
1033148382,3274.0,providers_a,sum_benes,MAD z-score >= 8 (extreme outlier),,,
1033194048,2845.0,providers_a,sum_benes,MAD z-score >= 8 (extreme outlier),,,
1033115639,2973.0,providers_a,sum_benes,MAD z-score >= 8 (extreme outlier),,,
1023597655,6963.0,providers_a,sum_benes,MAD z-score >= 8 (extreme outlier),,,
1023118916,12629.0,providers_a,sum_benes,MAD z-score >= 8 (extreme outlier),,,
1043221658,3319.0,providers_a,sum_benes,MAD z-score >= 8 (extreme outlier),,,
1013983402,6687.0,providers_a,sum_benes,MAD z-score >= 8 (extreme outlier),,,
1013907476,3725.0,providers_a,sum_benes,MAD z-score >= 8 (extreme outlier),,,
1013991124,2997.0,providers_a,sum_benes,MAD z-score >= 8 (extreme outlier),,,
1033231105,2972.0,providers_a,sum_benes,MAD z-score >= 8 (extreme outlier),,,
1023165685,3542.0,providers_a,sum_benes,MAD z-score >= 8 (extreme outlier),,,
1043743594,2745.0,providers_a,sum_benes,MAD z-score >= 8 (extreme outlier),,,
1003041765,2845.0,providers_a,sum_benes,MAD z-score >= 8 (extreme outlier),,,
1043415789,2659.0,providers_a,sum_benes,MAD z-score >= 8 (extreme outlier),,,
1043265648,2558.0,providers_a,sum_benes,MAD z-score >= 8 (extreme outlier),,,
1003027376,8817.0,providers_a,sum_benes,MAD z-score >= 8 (extreme outlier),,,
1043253693,3946.0,providers_a,sum_benes,MAD z-score >= 8 (extreme outlier),,,
1023092343,3600.0,providers_a,sum_benes,MAD z-score >= 8 (extreme outlier),,,
1043545965,4232.0,providers_a,sum_benes,MAD z-score >= 8 (extreme outlier),,,
1023076379,5943.0,providers_a,sum_benes,MAD z-score >= 8 (extreme outlier),,,
1043221492,4258.0,providers_a,sum_benes,MAD z-score >= 8 (extreme outlier),,,
1023570488,3869.0,providers_a,sum_benes,MAD z-score >= 8 (extreme outlier),,,
1003888421,2809.0,providers_a,sum_benes,MAD z-score >= 8 (extreme outlier),,,
1023309325,3930.0,providers_a,sum_benes,MAD z-score >= 8 (extreme outlier),,,
1043261373,4740.0,providers_a,sum_benes,MAD z-score >= 8 (extreme outlier),,,
1053337931,2655.0,providers_a,sum_benes,MAD z-score >= 8 (extreme outlier),,,
1033156617,4924.0,providers_a,sum_benes,MAD z-score >= 8 (extreme outlier),,,
1043865421,4922.0,providers_a,sum_benes,MAD z-score >= 8 (extreme outlier),,,
1033197454,3365.0,providers_a,sum_benes,MAD z-score >= 8 (extreme outlier),,,
1003889304,4108.0,providers_a,sum_benes,MAD z-score >= 8 (extreme outlier),,,
1013995406,3448.0,providers_a,sum_benes,MAD z-score >= 8 (extreme outlier),,,
1043521024,5669.0,providers_a,sum_benes,MAD z-score >= 8 (extreme outlier),,,
1013943026,5178.0,providers_a,sum_benes,MAD z-score >= 8 (extreme outlier),,,
1043352586,17165.0,providers_a,sum_benes,MAD z-score >= 8 (extreme outlier),,,
1033552237,2999.0,providers_a,sum_benes,MAD z-score >= 8 (extreme outlier),,,
1013331735,3989.0,providers_a,sum_benes,MAD z-score >= 8 (extreme outlier),,,
1003880170,2761.0,providers_a,sum_benes,MAD z-score >= 8 (extreme outlier),,,
1023213071,3885.0,providers_a,sum_benes,MAD z-score >= 8 (extreme outlier),,,
1023165289,4861.0,providers_a,sum_benes,MAD z-score >= 8 (extreme outlier),,,
1003876285,4495.0,providers_a,sum_benes,MAD z-score >= 8 (extreme outlier),,,
1013199868,3660.0,providers_a,sum_benes,MAD z-score >= 8 (extreme outlier),,,
1023094737,2630.0,providers_a,sum_benes,MAD z-score >= 8 (extreme outlier),,,
1023061850,3851.0,providers_a,sum_benes,MAD z-score >= 8 (extreme outlier),,,
1043427081,2550.0,providers_a,sum_benes,MAD z-score >= 8 (extreme outlier),,,
1023421849,2474.0,providers_a,sum_benes,MAD z-score >= 8 (extreme outlier),,,
1013127026,3929.0,providers_a,sum_benes,MAD z-score >= 8 (extreme outlier),,,
1013061464,3527.0,providers_a,sum_benes,MAD z-score >= 8 (extreme outlier),,,
1033319991,2478.0,providers_a,sum_benes,MAD z-score >= 8 (extreme outlier),,,
1003995291,3298.0,providers_a,sum_benes,MAD z-score >= 8 (extreme outlier),,,
1023012960,5734.0,providers_a,sum_benes,MAD z-score >= 8 (extreme outlier),,,
1013221761,3035.0,providers_a,sum_benes,MAD z-score >= 8 (extreme outlier),,,
1003829730,3413.0,providers_a,sum_benes,MAD z-score >= 8 (extreme outlier),,,
1043200579,5273.0,providers_a,sum_benes,MAD z-score >= 8 (extreme outlier),,,
1053312694,2977.0,providers_a,sum_benes,MAD z-score >= 8 (extreme outlier),,,
1003883539,5497.0,providers_a,sum_benes,MAD z-score >= 8 (extreme outlier),,,
1013014752,3529.0,providers_a,sum_benes,MAD z-score >= 8 (extreme outlier),,,
1003904673,120072.0,providers_a,sum_benes,MAD z-score >= 8 (extreme outlier),,,
1023251832,3102.0,providers_a,sum_benes,MAD z-score >= 8 (extreme outlier),,,
1033125372,5889.0,providers_a,sum_benes,MAD z-score >= 8 (extreme outlier),,,
1013184340,4421.0,providers_a,sum_benes,MAD z-score >= 8 (extreme outlier),,,
1013911783,2878.0,providers_a,sum_benes,MAD z-score >= 8 (extreme outlier),,,
1003813775,4609.0,providers_a,sum_benes,MAD z-score >= 8 (extreme outlier),,,
1033114822,2490.0,providers_a,sum_benes,MAD z-score >= 8 (extreme outlier),,,
1043530231,4168.0,providers_a,sum_benes,MAD z-score >= 8 (extreme outlier),,,
1033289020,4174.0,providers_a,sum_benes,MAD z-score >= 8 (extreme outlier),,,
1023144300,3171.0,providers_a,sum_benes,MAD z-score >= 8 (extreme outlier),,,
1033399720,5163.0,providers_a,sum_benes,MAD z-score >= 8 (extreme outlier),,,
1023497880,7127.0,providers_a,sum_benes,MAD z-score >= 8 (extreme outlier),,,
1033573407,3032.0,providers_a,sum_benes,MAD z-score >= 8 (extreme outlier),,,
1033293261,2895.0,providers_a,sum_benes,MAD z-score >= 8 (extreme outlier),,,
1043217862,4784.0,providers_a,sum_benes,MAD z-score >= 8 (extreme outlier),,,
1003876996,3300.0,providers_a,sum_benes,MAD z-score >= 8 (extreme outlier),,,
1053317347,2509.0,providers_a,sum_benes,MAD z-score >= 8 (extreme outlier),,,
1003900366,2786.0,providers_a,sum_benes,MAD z-score >= 8 (extreme outlier),,,
1013273036,4409.0,providers_a,sum_benes,MAD z-score >= 8 (extreme outlier),,,
1013901693,4082.0,providers_a,sum_benes,MAD z-score >= 8 (extreme outlier),,,
1003021791,4843.0,providers_a,sum_benes,MAD z-score >= 8 (extreme outlier),,,
1043536865,3656.0,providers_a,sum_benes,MAD z-score >= 8 (extreme outlier),,,
1013330877,3451.0,providers_a,sum_benes,MAD z-score >= 8 (extreme outlier),,,
1023126448,3058.0,providers_a,sum_benes,MAD z-score >= 8 (extreme outlier),,,
1023062809,4902.0,providers_a,sum_benes,MAD z-score >= 8 (extreme outlier),,,
1043485964,3498.0,providers_a,sum_benes,MAD z-score >= 8 (extreme outlier),,,
1003850934,9899.0,providers_a,sum_benes,MAD z-score >= 8 (extreme outlier),,,
1033163142,4725.0,providers_a,sum_benes,MAD z-score >= 8 (extreme outlier),,,
1023058369,4022.0,providers_a,sum_benes,MAD z-score >= 8 (extreme outlier),,,
1033573365,2598.0,providers_a,sum_benes,MAD z-score >= 8 (extreme outlier),,,
1043218415,3190.0,providers_a,sum_benes,MAD z-score >= 8 (extreme outlier),,,
1033840707,9703.0,providers_a,sum_benes,MAD z-score >= 8 (extreme outlier),,,
1033293709,4785.0,providers_a,sum_benes,MAD z-score >= 8 (extreme outlier),,,
1013988799,6604.0,providers_a,sum_benes,MAD z-score >= 8 (extreme outlier),,,
1003108457,2935.0,providers_a,sum_benes,MAD z-score >= 8 (extreme outlier),,,
1033117817,3656.0,providers_a,sum_benes,MAD z-score >= 8 (extreme outlier),,,
1023677499,5159.0,providers_a,sum_benes,MAD z-score >= 8 (extreme outlier),,,
1043285331,3323.0,providers_a,sum_benes,MAD z-score >= 8 (extreme outlier),,,
1033130315,4830.0,providers_a,sum_benes,MAD z-score >= 8 (extreme outlier),,,
1023403177,2789.0,providers_a,sum_benes,MAD z-score >= 8 (extreme outlier),,,
1043308695,2773.0,providers_a,sum_benes,MAD z-score >= 8 (extreme outlier),,,
1043653264,3845.0,providers_a,sum_benes,MAD z-score >= 8 (extreme outlier),,,
1043282528,2919.0,providers_a,sum_benes,MAD z-score >= 8 (extreme outlier),,,
1003022708,2871.0,providers_a,sum_benes,MAD z-score >= 8 (extreme outlier),,,
1013141597,2889.0,providers_a,sum_benes,MAD z-score >= 8 (extreme outlier),,,
1023028354,9354.0,providers_a,sum_benes,MAD z-score >= 8 (extreme outlier),,,
1043366636,7870.0,providers_a,sum_benes,MAD z-score >= 8 (extreme outlier),,,
1003869488,5799.0,providers_a,sum_benes,MAD z-score >= 8 (extreme outlier),,,
1043364938,2640.0,providers_a,sum_benes,MAD z-score >= 8 (extreme outlier),,,
1033538426,3934.0,providers_a,sum_benes,MAD z-score >= 8 (extreme outlier),,,
1023074937,2836.0,providers_a,sum_benes,MAD z-score >= 8 (extreme outlier),,,
1033139696,4458.0,providers_a,sum_benes,MAD z-score >= 8 (extreme outlier),,,
1003890864,4461.0,providers_a,sum_benes,MAD z-score >= 8 (extreme outlier),,,
1003220351,2709.0,providers_a,sum_benes,MAD z-score >= 8 (extreme outlier),,,
1013159680,2969.0,providers_a,sum_benes,MAD z-score >= 8 (extreme outlier),,,
1043578826,2483.0,providers_a,sum_benes,MAD z-score >= 8 (extreme outlier),,,
1043238306,3262.0,providers_a,sum_benes,MAD z-score >= 8 (extreme outlier),,,
1023423944,3748.0,providers_a,sum_benes,MAD z-score >= 8 (extreme outlier),,,
1023273398,4676.0,providers_a,sum_benes,MAD z-score >= 8 (extreme outlier),,,
1033485305,3185.0,providers_a,sum_benes,MAD z-score >= 8 (extreme outlier),,,
1013904895,5093.0,providers_a,sum_benes,MAD z-score >= 8 (extreme outlier),,,
1013963057,12021.0,providers_a,sum_benes,MAD z-score >= 8 (extreme outlier),,,
1043312432,4173.0,providers_a,sum_benes,MAD z-score >= 8 (extreme outlier),,,
1023454279,3083.0,providers_a,sum_benes,MAD z-score >= 8 (extreme outlier),,,
1013175389,2569.0,providers_a,sum_benes,MAD z-score >= 8 (extreme outlier),,,
1043476807,5313.0,providers_a,sum_benes,MAD z-score >= 8 (extreme outlier),,,
1003022500,4663.0,providers_a,sum_benes,MAD z-score >= 8 (extreme outlier),,,
1033105754,2540.0,providers_a,sum_benes,MAD z-score >= 8 (extreme outlier),,,
1023033487,4908.0,providers_a,sum_benes,MAD z-score >= 8 (extreme outlier),,,
1013995299,4113.0,providers_a,sum_benes,MAD z-score >= 8 (extreme outlier),,,
1043220932,6266.0,providers_a,sum_benes,MAD z-score >= 8 (extreme outlier),,,
1033104369,3571.0,providers_a,sum_benes,MAD z-score >= 8 (extreme outlier),,,
1003913070,4084.0,providers_a,sum_benes,MAD z-score >= 8 (extreme outlier),,,
1033133996,3537.0,providers_a,sum_benes,MAD z-score >= 8 (extreme outlier),,,
1013903491,3487.0,providers_a,sum_benes,MAD z-score >= 8 (extreme outlier),,,
1003103755,2483.0,providers_a,sum_benes,MAD z-score >= 8 (extreme outlier),,,
1033323381,3858.0,providers_a,sum_benes,MAD z-score >= 8 (extreme outlier),,,
1033256052,2663.0,providers_a,sum_benes,MAD z-score >= 8 (extreme outlier),,,
1013188051,2857.0,providers_a,sum_benes,MAD z-score >= 8 (extreme outlier),,,
1033318928,3946.0,providers_a,sum_benes,MAD z-score >= 8 (extreme outlier),,,
1023047479,2804.0,providers_a,sum_benes,MAD z-score >= 8 (extreme outlier),,,
1023232741,3541.0,providers_a,sum_benes,MAD z-score >= 8 (extreme outlier),,,
1033107750,3787.0,providers_a,sum_benes,MAD z-score >= 8 (extreme outlier),,,
1043261514,6335.0,providers_a,sum_benes,MAD z-score >= 8 (extreme outlier),,,
1033133111,3533.0,providers_a,sum_benes,MAD z-score >= 8 (extreme outlier),,,
1023176476,2807.0,providers_a,sum_benes,MAD z-score >= 8 (extreme outlier),,,
1033291711,2611.0,providers_a,sum_benes,MAD z-score >= 8 (extreme outlier),,,
1003808809,4133.0,providers_a,sum_benes,MAD z-score >= 8 (extreme outlier),,,
1043514011,3521.0,providers_a,sum_benes,MAD z-score >= 8 (extreme outlier),,,
1003963976,4124.0,providers_a,sum_benes,MAD z-score >= 8 (extreme outlier),,,
1033198395,4577.0,providers_a,sum_benes,MAD z-score >= 8 (extreme outlier),,,
1033115423,2551.0,providers_a,sum_benes,MAD z-score >= 8 (extreme outlier),,,
1013379262,2532.0,providers_a,sum_benes,MAD z-score >= 8 (extreme outlier),,,
1053304436,7028.0,providers_a,sum_benes,MAD z-score >= 8 (extreme outlier),,,
1043248719,3389.0,providers_a,sum_benes,MAD z-score >= 8 (extreme outlier),,,
1023581857,2617.0,providers_a,sum_benes,MAD z-score >= 8 (extreme outlier),,,
1033159678,3504.0,providers_a,sum_benes,MAD z-score >= 8 (extreme outlier),,,
1003908179,2458.0,providers_a,sum_benes,MAD z-score >= 8 (extreme outlier),,,
1003802265,3317.0,providers_a,sum_benes,MAD z-score >= 8 (extreme outlier),,,
1013989599,2773.0,providers_a,sum_benes,MAD z-score >= 8 (extreme outlier),,,
1003895756,5189.0,providers_a,sum_benes,MAD z-score >= 8 (extreme outlier),,,
1053310755,3795.0,providers_a,sum_benes,MAD z-score >= 8 (extreme outlier),,,
1023428828,3273.0,providers_a,sum_benes,MAD z-score >= 8 (extreme outlier),,,
1023096765,57630.0,providers_a,sum_benes,MAD z-score >= 8 (extreme outlier),,,
1043204365,5320.0,providers_a,sum_benes,MAD z-score >= 8 (extreme outlier),,,
1003910910,2933.0,providers_a,sum_benes,MAD z-score >= 8 (extreme outlier),,,
1013900182,3860.0,providers_a,sum_benes,MAD z-score >= 8 (extreme outlier),,,
1043496789,5290.0,providers_a,sum_benes,MAD z-score >= 8 (extreme outlier),,,
1023005691,3875.0,providers_a,sum_benes,MAD z-score >= 8 (extreme outlier),,,
1023496908,2783.0,providers_a,sum_benes,MAD z-score >= 8 (extreme outlier),,,
1003143033,2510.0,providers_a,sum_benes,MAD z-score >= 8 (extreme outlier),,,
1013947167,2538.0,providers_a,sum_benes,MAD z-score >= 8 (extreme outlier),,,
1023010204,5435.0,providers_a,sum_benes,MAD z-score >= 8 (extreme outlier),,,
1023058641,4979.0,providers_a,sum_benes,MAD z-score >= 8 (extreme outlier),,,
1023113743,2598.0,providers_a,sum_benes,MAD z-score >= 8 (extreme outlier),,,
1023090867,2783.0,providers_a,sum_benes,MAD z-score >= 8 (extreme outlier),,,
1053317941,9560.0,providers_a,sum_benes,MAD z-score >= 8 (extreme outlier),,,
1043359292,3251.0,providers_a,sum_benes,MAD z-score >= 8 (extreme outlier),,,
1003842964,2533.0,providers_a,sum_benes,MAD z-score >= 8 (extreme outlier),,,
1023247061,7177.0,providers_a,sum_benes,MAD z-score >= 8 (extreme outlier),,,
1043276900,9823.0,providers_a,sum_benes,MAD z-score >= 8 (extreme outlier),,,
1013081603,2616.0,providers_a,sum_benes,MAD z-score >= 8 (extreme outlier),,,
1023228525,4314.0,providers_a,sum_benes,MAD z-score >= 8 (extreme outlier),,,
1003259458,2495.0,providers_a,sum_benes,MAD z-score >= 8 (extreme outlier),,,
1023064656,3283.0,providers_a,sum_benes,MAD z-score >= 8 (extreme outlier),,,
1053316869,5030.0,providers_a,sum_benes,MAD z-score >= 8 (extreme outlier),,,
1003278862,2600.0,providers_a,sum_benes,MAD z-score >= 8 (extreme outlier),,,
1043448285,3809.0,providers_a,sum_benes,MAD z-score >= 8 (extreme outlier),,,
1043310188,5365.0,providers_a,sum_benes,MAD z-score >= 8 (extreme outlier),,,
1003897794,3075.0,providers_a,sum_benes,MAD z-score >= 8 (extreme outlier),,,
1013971191,3109.0,providers_a,sum_benes,MAD z-score >= 8 (extreme outlier),,,
1003825720,2671.0,providers_a,sum_benes,MAD z-score >= 8 (extreme outlier),,,
1023630662,6907.0,providers_a,sum_benes,MAD z-score >= 8 (extreme outlier),,,
1043251655,2616.0,providers_a,sum_benes,MAD z-score >= 8 (extreme outlier),,,
1003817370,2739.0,providers_a,sum_benes,MAD z-score >= 8 (extreme outlier),,,
1043335219,3579.0,providers_a,sum_benes,MAD z-score >= 8 (extreme outlier),,,
1033559786,2508.0,providers_a,sum_benes,MAD z-score >= 8 (extreme outlier),,,
1043261001,2956.0,providers_a,sum_benes,MAD z-score >= 8 (extreme outlier),,,
1013189281,2557.0,providers_a,sum_benes,MAD z-score >= 8 (extreme outlier),,,
1033434774,7165.0,providers_a,sum_benes,MAD z-score >= 8 (extreme outlier),,,
1053074757,11695.0,providers_a,sum_benes,MAD z-score >= 8 (extreme outlier),,,
1003990698,3597.0,providers_a,sum_benes,MAD z-score >= 8 (extreme outlier),,,
1043673163,5908.0,providers_a,sum_benes,MAD z-score >= 8 (extreme outlier),,,
1013229756,2676.0,providers_a,sum_benes,MAD z-score >= 8 (extreme outlier),,,
1043202591,5670.0,providers_a,sum_benes,MAD z-score >= 8 (extreme outlier),,,
1023269321,6897.0,providers_a,sum_benes,MAD z-score >= 8 (extreme outlier),,,
1003888165,3898.0,providers_a,sum_benes,MAD z-score >= 8 (extreme outlier),,,
1043478555,5503.0,providers_a,sum_benes,MAD z-score >= 8 (extreme outlier),,,
1003878000,21421.0,providers_a,sum_benes,MAD z-score >= 8 (extreme outlier),,,
1023085875,6461.0,providers_a,sum_benes,MAD z-score >= 8 (extreme outlier),,,
1033344106,4189.0,providers_a,sum_benes,MAD z-score >= 8 (extreme outlier),,,
1043207574,3241.0,providers_a,sum_benes,MAD z-score >= 8 (extreme outlier),,,
1043359813,2553.0,providers_a,sum_benes,MAD z-score >= 8 (extreme outlier),,,
1043553852,3420.0,providers_a,sum_benes,MAD z-score >= 8 (extreme outlier),,,
1033431903,5283.0,providers_a,sum_benes,MAD z-score >= 8 (extreme outlier),,,
1053330787,4026.0,providers_a,sum_benes,MAD z-score >= 8 (extreme outlier),,,
1013090117,4132.0,providers_a,sum_benes,MAD z-score >= 8 (extreme outlier),,,
1023042231,2862.0,providers_a,sum_benes,MAD z-score >= 8 (extreme outlier),,,
1043412489,3273.0,providers_a,sum_benes,MAD z-score >= 8 (extreme outlier),,,
1033342886,2740.0,providers_a,sum_benes,MAD z-score >= 8 (extreme outlier),,,
1003125568,3475.0,providers_a,sum_benes,MAD z-score >= 8 (extreme outlier),,,
1013904093,4662.0,providers_a,sum_benes,MAD z-score >= 8 (extreme outlier),,,
1013020189,6094.0,providers_a,sum_benes,MAD z-score >= 8 (extreme outlier),,,
1023465150,3754.0,providers_a,sum_benes,MAD z-score >= 8 (extreme outlier),,,
1033503172,5804.0,providers_a,sum_benes,MAD z-score >= 8 (extreme outlier),,,
1003119975,2578.0,providers_a,sum_benes,MAD z-score >= 8 (extreme outlier),,,
1033153176,2640.0,providers_a,sum_benes,MAD z-score >= 8 (extreme outlier),,,
1033380548,3469.0,providers_a,sum_benes,MAD z-score >= 8 (extreme outlier),,,
1013525286,166612.0,providers_a,sum_benes,MAD z-score >= 8 (extreme outlier),,,
1043274525,3813.0,providers_a,sum_benes,MAD z-score >= 8 (extreme outlier),,,
1033405154,5133.0,providers_a,sum_benes,MAD z-score >= 8 (extreme outlier),,,
1013968650,7278.0,providers_a,sum_benes,MAD z-score >= 8 (extreme outlier),,,
1003839093,2607.0,providers_a,sum_benes,MAD z-score >= 8 (extreme outlier),,,
1013671502,4158.0,providers_a,sum_benes,MAD z-score >= 8 (extreme outlier),,,
1023613403,4176.0,providers_a,sum_benes,MAD z-score >= 8 (extreme outlier),,,
1013924760,4654.0,providers_a,sum_benes,MAD z-score >= 8 (extreme outlier),,,
1003868761,5545.0,providers_a,sum_benes,MAD z-score >= 8 (extreme outlier),,,
1003253238,2950.0,providers_a,sum_benes,MAD z-score >= 8 (extreme outlier),,,
1023453495,3125.0,providers_a,sum_benes,MAD z-score >= 8 (extreme outlier),,,
1003255308,2855.0,providers_a,sum_benes,MAD z-score >= 8 (extreme outlier),,,
1003987439,8833.0,providers_a,sum_benes,MAD z-score >= 8 (extreme outlier),,,
1043202120,6543.0,providers_a,sum_benes,MAD z-score >= 8 (extreme outlier),,,
1013392356,2590.0,providers_a,sum_benes,MAD z-score >= 8 (extreme outlier),,,
1003234915,5194.0,providers_a,sum_benes,MAD z-score >= 8 (extreme outlier),,,
1033505086,3373.0,providers_a,sum_benes,MAD z-score >= 8 (extreme outlier),,,
1053314724,2729.0,providers_a,sum_benes,MAD z-score >= 8 (extreme outlier),,,
1043453475,3573.0,providers_a,sum_benes,MAD z-score >= 8 (extreme outlier),,,
1003896416,3469.0,providers_a,sum_benes,MAD z-score >= 8 (extreme outlier),,,
1043891336,16211.0,providers_a,sum_benes,MAD z-score >= 8 (extreme outlier),,,
1043248032,4171.0,providers_a,sum_benes,MAD z-score >= 8 (extreme outlier),,,
1043503196,2686.0,providers_a,sum_benes,MAD z-score >= 8 (extreme outlier),,,
1043530215,3145.0,providers_a,sum_benes,MAD z-score >= 8 (extreme outlier),,,
1043507080,3036.0,providers_a,sum_benes,MAD z-score >= 8 (extreme outlier),,,
1033268131,3035.0,providers_a,sum_benes,MAD z-score >= 8 (extreme outlier),,,
1013904044,4428.0,providers_a,sum_benes,MAD z-score >= 8 (extreme outlier),,,
1023011970,3094.0,providers_a,sum_benes,MAD z-score >= 8 (extreme outlier),,,
1003201336,3856.0,providers_a,sum_benes,MAD z-score >= 8 (extreme outlier),,,
1023051372,7408.0,providers_a,sum_benes,MAD z-score >= 8 (extreme outlier),,,
1033373287,4123.0,providers_a,sum_benes,MAD z-score >= 8 (extreme outlier),,,
1013221282,2527.0,providers_a,sum_benes,MAD z-score >= 8 (extreme outlier),,,
1023055316,3070.0,providers_a,sum_benes,MAD z-score >= 8 (extreme outlier),,,
1003966359,3629.0,providers_a,sum_benes,MAD z-score >= 8 (extreme outlier),,,
1043377062,6220.0,providers_a,sum_benes,MAD z-score >= 8 (extreme outlier),,,
1033395074,6960.0,providers_a,sum_benes,MAD z-score >= 8 (extreme outlier),,,
1033115241,3936.0,providers_a,sum_benes,MAD z-score >= 8 (extreme outlier),,,
1033201090,124359.0,providers_a,sum_benes,MAD z-score >= 8 (extreme outlier),,,
1023018728,8766.0,providers_a,sum_benes,MAD z-score >= 8 (extreme outlier),,,
1003884461,2757.0,providers_a,sum_benes,MAD z-score >= 8 (extreme outlier),,,
1013966043,2871.0,providers_a,sum_benes,MAD z-score >= 8 (extreme outlier),,,
1003841834,3033.0,providers_a,sum_benes,MAD z-score >= 8 (extreme outlier),,,
1013009596,3795.0,providers_a,sum_benes,MAD z-score >= 8 (extreme outlier),,,
1033184528,5564.0,providers_a,sum_benes,MAD z-score >= 8 (extreme outlier),,,
1003860313,5103.0,providers_a,sum_benes,MAD z-score >= 8 (extreme outlier),,,
1033329958,2909.0,providers_a,sum_benes,MAD z-score >= 8 (extreme outlier),,,
1023374014,2531.0,providers_a,sum_benes,MAD z-score >= 8 (extreme outlier),,,
1013398213,2553.0,providers_a,sum_benes,MAD z-score >= 8 (extreme outlier),,,
1003811746,3444.0,providers_a,sum_benes,MAD z-score >= 8 (extreme outlier),,,
1043650641,2689.0,providers_a,sum_benes,MAD z-score >= 8 (extreme outlier),,,
1013910090,3327.0,providers_a,sum_benes,MAD z-score >= 8 (extreme outlier),,,
1023112950,2560.0,providers_a,sum_benes,MAD z-score >= 8 (extreme outlier),,,
1013175694,2457.0,providers_a,sum_benes,MAD z-score >= 8 (extreme outlier),,,
1033342092,2877.0,providers_a,sum_benes,MAD z-score >= 8 (extreme outlier),,,
1003942491,5149.0,providers_a,sum_benes,MAD z-score >= 8 (extreme outlier),,,
1033170022,3641.0,providers_a,sum_benes,MAD z-score >= 8 (extreme outlier),,,
1043272693,2476.0,providers_a,sum_benes,MAD z-score >= 8 (extreme outlier),,,
1043340144,2471.0,providers_a,sum_benes,MAD z-score >= 8 (extreme outlier),,,
1013965854,2901.0,providers_a,sum_benes,MAD z-score >= 8 (extreme outlier),,,
1003250911,3042.0,providers_a,sum_benes,MAD z-score >= 8 (extreme outlier),,,
1043431026,3889.0,providers_a,sum_benes,MAD z-score >= 8 (extreme outlier),,,
1023164613,2836.0,providers_a,sum_benes,MAD z-score >= 8 (extreme outlier),,,
1033539168,4401.0,providers_a,sum_benes,MAD z-score >= 8 (extreme outlier),,,
1003028556,2842.0,providers_a,sum_benes,MAD z-score >= 8 (extreme outlier),,,
1033181219,3148.0,providers_a,sum_benes,MAD z-score >= 8 (extreme outlier),,,
1033114335,2677.0,providers_a,sum_benes,MAD z-score >= 8 (extreme outlier),,,
1033196001,15773.0,providers_a,sum_benes,MAD z-score >= 8 (extreme outlier),,,
1003265208,2679.0,providers_a,sum_benes,MAD z-score >= 8 (extreme outlier),,,
1043659238,3629.0,providers_a,sum_benes,MAD z-score >= 8 (extreme outlier),,,
1053315762,6710.0,providers_a,sum_benes,MAD z-score >= 8 (extreme outlier),,,
1033323258,5151.0,providers_a,sum_benes,MAD z-score >= 8 (extreme outlier),,,
1003889924,3245.0,providers_a,sum_benes,MAD z-score >= 8 (extreme outlier),,,
1013977107,2712.0,providers_a,sum_benes,MAD z-score >= 8 (extreme outlier),,,
1023129608,3146.0,providers_a,sum_benes,MAD z-score >= 8 (extreme outlier),,,
1033385232,6732.0,providers_a,sum_benes,MAD z-score >= 8 (extreme outlier),,,
1023540325,4351.0,providers_a,sum_benes,MAD z-score >= 8 (extreme outlier),,,
1043233166,3739.0,providers_a,sum_benes,MAD z-score >= 8 (extreme outlier),,,
1013973254,2644.0,providers_a,sum_benes,MAD z-score >= 8 (extreme outlier),,,
1013091966,3588.0,providers_a,sum_benes,MAD z-score >= 8 (extreme outlier),,,
1043203425,6422.0,providers_a,sum_benes,MAD z-score >= 8 (extreme outlier),,,
1033257753,4837.0,providers_a,sum_benes,MAD z-score >= 8 (extreme outlier),,,
1053345082,2464.0,providers_a,sum_benes,MAD z-score >= 8 (extreme outlier),,,
1023492600,2984.0,providers_a,sum_benes,MAD z-score >= 8 (extreme outlier),,,
1013941616,3204.0,providers_a,sum_benes,MAD z-score >= 8 (extreme outlier),,,
1023042850,4731.0,providers_a,sum_benes,MAD z-score >= 8 (extreme outlier),,,
1023080892,2974.0,providers_a,sum_benes,MAD z-score >= 8 (extreme outlier),,,
1013960681,4563.0,providers_a,sum_benes,MAD z-score >= 8 (extreme outlier),,,
1053334318,3282.0,providers_a,sum_benes,MAD z-score >= 8 (extreme outlier),,,
1013094432,2873.0,providers_a,sum_benes,MAD z-score >= 8 (extreme outlier),,,
1003880592,3467.0,providers_a,sum_benes,MAD z-score >= 8 (extreme outlier),,,
1013095892,3496.0,providers_a,sum_benes,MAD z-score >= 8 (extreme outlier),,,
1033430293,6588.0,providers_a,sum_benes,MAD z-score >= 8 (extreme outlier),,,
1023002862,4575.0,providers_a,sum_benes,MAD z-score >= 8 (extreme outlier),,,
1023058310,3726.0,providers_a,sum_benes,MAD z-score >= 8 (extreme outlier),,,
1003843178,3543.0,providers_a,sum_benes,MAD z-score >= 8 (extreme outlier),,,
1003841073,4495.0,providers_a,sum_benes,MAD z-score >= 8 (extreme outlier),,,
1013987791,6524.0,providers_a,sum_benes,MAD z-score >= 8 (extreme outlier),,,
1023042124,2850.0,providers_a,sum_benes,MAD z-score >= 8 (extreme outlier),,,
1003836214,5953.0,providers_a,sum_benes,MAD z-score >= 8 (extreme outlier),,,
1003816745,3548.0,providers_a,sum_benes,MAD z-score >= 8 (extreme outlier),,,
1023069622,9801.0,providers_a,sum_benes,MAD z-score >= 8 (extreme outlier),,,
1013918952,3608.0,providers_a,sum_benes,MAD z-score >= 8 (extreme outlier),,,
1003101908,4388.0,providers_a,sum_benes,MAD z-score >= 8 (extreme outlier),,,
1023456290,4483.0,providers_a,sum_benes,MAD z-score >= 8 (extreme outlier),,,
1013980952,4950.0,providers_a,sum_benes,MAD z-score >= 8 (extreme outlier),,,
1033324611,5844.0,providers_a,sum_benes,MAD z-score >= 8 (extreme outlier),,,
1023117470,2989.0,providers_a,sum_benes,MAD z-score >= 8 (extreme outlier),,,
1043293095,6521.0,providers_a,sum_benes,MAD z-score >= 8 (extreme outlier),,,
1013901586,3050.0,providers_a,sum_benes,MAD z-score >= 8 (extreme outlier),,,
1003812082,3544.0,providers_a,sum_benes,MAD z-score >= 8 (extreme outlier),,,
1023338241,3406.0,providers_a,sum_benes,MAD z-score >= 8 (extreme outlier),,,
1043273758,3255.0,providers_a,sum_benes,MAD z-score >= 8 (extreme outlier),,,
1013022029,2836.0,providers_a,sum_benes,MAD z-score >= 8 (extreme outlier),,,
1033193180,3519.0,providers_a,sum_benes,MAD z-score >= 8 (extreme outlier),,,
1013541820,3597.0,providers_a,sum_benes,MAD z-score >= 8 (extreme outlier),,,
1043283898,2851.0,providers_a,sum_benes,MAD z-score >= 8 (extreme outlier),,,
1013032713,9059.0,providers_a,sum_benes,MAD z-score >= 8 (extreme outlier),,,
1023168382,17165.0,providers_a,sum_benes,MAD z-score >= 8 (extreme outlier),,,
1023430121,5760.0,providers_a,sum_benes,MAD z-score >= 8 (extreme outlier),,,
1003066846,4657.0,providers_a,sum_benes,MAD z-score >= 8 (extreme outlier),,,
1013194299,2495.0,providers_a,sum_benes,MAD z-score >= 8 (extreme outlier),,,
1023181864,6714.0,providers_a,sum_benes,MAD z-score >= 8 (extreme outlier),,,
1023273190,4479.0,providers_a,sum_benes,MAD z-score >= 8 (extreme outlier),,,
1033246939,3943.0,providers_a,sum_benes,MAD z-score >= 8 (extreme outlier),,,
1023053600,3322.0,providers_a,sum_benes,MAD z-score >= 8 (extreme outlier),,,
1053320184,5389.0,providers_a,sum_benes,MAD z-score >= 8 (extreme outlier),,,
1003856204,4555.0,providers_a,sum_benes,MAD z-score >= 8 (extreme outlier),,,
1023089182,3188.0,providers_a,sum_benes,MAD z-score >= 8 (extreme outlier),,,
1023218237,5852.0,providers_a,sum_benes,MAD z-score >= 8 (extreme outlier),,,
1023195112,12586.0,providers_a,sum_benes,MAD z-score >= 8 (extreme outlier),,,
1013255991,2799.0,providers_a,sum_benes,MAD z-score >= 8 (extreme outlier),,,
1023307774,5534.0,providers_a,sum_benes,MAD z-score >= 8 (extreme outlier),,,
1023013505,3021.0,providers_a,sum_benes,MAD z-score >= 8 (extreme outlier),,,
1033265723,2670.0,providers_a,sum_benes,MAD z-score >= 8 (extreme outlier),,,
1033478037,5528.0,providers_a,sum_benes,MAD z-score >= 8 (extreme outlier),,,
1033220298,3058.0,providers_a,sum_benes,MAD z-score >= 8 (extreme outlier),,,
1053308460,2925.0,providers_a,sum_benes,MAD z-score >= 8 (extreme outlier),,,
1033154521,3908.0,providers_a,sum_benes,MAD z-score >= 8 (extreme outlier),,,
1053301564,3442.0,providers_a,sum_benes,MAD z-score >= 8 (extreme outlier),,,
1023285145,2560.0,providers_a,sum_benes,MAD z-score >= 8 (extreme outlier),,,
1033155437,3457.0,providers_a,sum_benes,MAD z-score >= 8 (extreme outlier),,,
1013303288,3028.0,providers_a,sum_benes,MAD z-score >= 8 (extreme outlier),,,
1033401310,5357.0,providers_a,sum_benes,MAD z-score >= 8 (extreme outlier),,,
1013916717,2659.0,providers_a,sum_benes,MAD z-score >= 8 (extreme outlier),,,
1013027622,2544.0,providers_a,sum_benes,MAD z-score >= 8 (extreme outlier),,,
1013615665,25879.0,providers_a,sum_benes,MAD z-score >= 8 (extreme outlier),,,
1033256326,2778.0,providers_a,sum_benes,MAD z-score >= 8 (extreme outlier),,,
1023279387,2513.0,providers_a,sum_benes,MAD z-score >= 8 (extreme outlier),,,
1013900331,3648.0,providers_a,sum_benes,MAD z-score >= 8 (extreme outlier),,,
1013951250,2655.0,providers_a,sum_benes,MAD z-score >= 8 (extreme outlier),,,
1023279767,4373.0,providers_a,sum_benes,MAD z-score >= 8 (extreme outlier),,,
1013164268,3818.0,providers_a,sum_benes,MAD z-score >= 8 (extreme outlier),,,
1003220187,2488.0,providers_a,sum_benes,MAD z-score >= 8 (extreme outlier),,,
1033282678,2844.0,providers_a,sum_benes,MAD z-score >= 8 (extreme outlier),,,
1003812561,2908.0,providers_a,sum_benes,MAD z-score >= 8 (extreme outlier),,,
1013989409,2991.0,providers_a,sum_benes,MAD z-score >= 8 (extreme outlier),,,
1013515667,3697.0,providers_a,sum_benes,MAD z-score >= 8 (extreme outlier),,,
1003895418,4946.0,providers_a,sum_benes,MAD z-score >= 8 (extreme outlier),,,
1023091857,4062.0,providers_a,sum_benes,MAD z-score >= 8 (extreme outlier),,,
1003174350,3223.0,providers_a,sum_benes,MAD z-score >= 8 (extreme outlier),,,
1013332857,4162.0,providers_a,sum_benes,MAD z-score >= 8 (extreme outlier),,,
1043297096,5274.0,providers_a,sum_benes,MAD z-score >= 8 (extreme outlier),,,
1003898651,4685.0,providers_a,sum_benes,MAD z-score >= 8 (extreme outlier),,,
1043324510,2519.0,providers_a,sum_benes,MAD z-score >= 8 (extreme outlier),,,
1013179712,2524.0,providers_a,sum_benes,MAD z-score >= 8 (extreme outlier),,,
1043227895,3666.0,providers_a,sum_benes,MAD z-score >= 8 (extreme outlier),,,
1033377643,2546.0,providers_a,sum_benes,MAD z-score >= 8 (extreme outlier),,,
1013017581,4750.0,providers_a,sum_benes,MAD z-score >= 8 (extreme outlier),,,
1023158409,2511.0,providers_a,sum_benes,MAD z-score >= 8 (extreme outlier),,,
1043298417,5792.0,providers_a,sum_benes,MAD z-score >= 8 (extreme outlier),,,
1043271497,5498.0,providers_a,sum_benes,MAD z-score >= 8 (extreme outlier),,,
1043314982,3032.0,providers_a,sum_benes,MAD z-score >= 8 (extreme outlier),,,
1023364643,3915.0,providers_a,sum_benes,MAD z-score >= 8 (extreme outlier),,,
1053330779,2524.0,providers_a,sum_benes,MAD z-score >= 8 (extreme outlier),,,
1043487911,3215.0,providers_a,sum_benes,MAD z-score >= 8 (extreme outlier),,,
1033260633,4156.0,providers_a,sum_benes,MAD z-score >= 8 (extreme outlier),,,
1003090390,4085.0,providers_a,sum_benes,MAD z-score >= 8 (extreme outlier),,,
1013096866,3774.0,providers_a,sum_benes,MAD z-score >= 8 (extreme outlier),,,
1023014149,2650.0,providers_a,sum_benes,MAD z-score >= 8 (extreme outlier),,,
1013976463,4844.0,providers_a,sum_benes,MAD z-score >= 8 (extreme outlier),,,
1003896903,4685.0,providers_a,sum_benes,MAD z-score >= 8 (extreme outlier),,,
1033746755,2853.0,providers_a,sum_benes,MAD z-score >= 8 (extreme outlier),,,
1023458452,2632.0,providers_a,sum_benes,MAD z-score >= 8 (extreme outlier),,,
1003818394,3141.0,providers_a,sum_benes,MAD z-score >= 8 (extreme outlier),,,
1043278476,2854.0,providers_a,sum_benes,MAD z-score >= 8 (extreme outlier),,,
1003029620,5417.0,providers_a,sum_benes,MAD z-score >= 8 (extreme outlier),,,
1033145479,6061.0,providers_a,sum_benes,MAD z-score >= 8 (extreme outlier),,,
1043266752,3053.0,providers_a,sum_benes,MAD z-score >= 8 (extreme outlier),,,
1033650866,3800.0,providers_a,sum_benes,MAD z-score >= 8 (extreme outlier),,,
1013939834,7494.0,providers_a,sum_benes,MAD z-score >= 8 (extreme outlier),,,
1033141692,2844.0,providers_a,sum_benes,MAD z-score >= 8 (extreme outlier),,,
1023332814,3418.0,providers_a,sum_benes,MAD z-score >= 8 (extreme outlier),,,
1023032737,4952.0,providers_a,sum_benes,MAD z-score >= 8 (extreme outlier),,,
1043311202,3067.0,providers_a,sum_benes,MAD z-score >= 8 (extreme outlier),,,
1043280589,3270.0,providers_a,sum_benes,MAD z-score >= 8 (extreme outlier),,,
1043200504,5364.0,providers_a,sum_benes,MAD z-score >= 8 (extreme outlier),,,
1033145321,2914.0,providers_a,sum_benes,MAD z-score >= 8 (extreme outlier),,,
1053351064,3493.0,providers_a,sum_benes,MAD z-score >= 8 (extreme outlier),,,
1013909746,2818.0,providers_a,sum_benes,MAD z-score >= 8 (extreme outlier),,,
1033257746,3834.0,providers_a,sum_benes,MAD z-score >= 8 (extreme outlier),,,
1033201058,2926.0,providers_a,sum_benes,MAD z-score >= 8 (extreme outlier),,,
1033113816,3705.0,providers_a,sum_benes,MAD z-score >= 8 (extreme outlier),,,
1043266117,4701.0,providers_a,sum_benes,MAD z-score >= 8 (extreme outlier),,,
1013015635,3289.0,providers_a,sum_benes,MAD z-score >= 8 (extreme outlier),,,
1023188158,5759.0,providers_a,sum_benes,MAD z-score >= 8 (extreme outlier),,,
1003863713,3303.0,providers_a,sum_benes,MAD z-score >= 8 (extreme outlier),,,
1003999103,11609.0,providers_a,sum_benes,MAD z-score >= 8 (extreme outlier),,,
1043887748,4356.0,providers_a,sum_benes,MAD z-score >= 8 (extreme outlier),,,
1023123643,3903.0,providers_a,sum_benes,MAD z-score >= 8 (extreme outlier),,,
1053305946,3073.0,providers_a,sum_benes,MAD z-score >= 8 (extreme outlier),,,
1003291832,4230.0,providers_a,sum_benes,MAD z-score >= 8 (extreme outlier),,,
1003903071,2573.0,providers_a,sum_benes,MAD z-score >= 8 (extreme outlier),,,
1013976687,2860.0,providers_a,sum_benes,MAD z-score >= 8 (extreme outlier),,,
1023218757,6440.0,providers_a,sum_benes,MAD z-score >= 8 (extreme outlier),,,
1013950294,4250.0,providers_a,sum_benes,MAD z-score >= 8 (extreme outlier),,,
1033195847,2888.0,providers_a,sum_benes,MAD z-score >= 8 (extreme outlier),,,
1003839358,3014.0,providers_a,sum_benes,MAD z-score >= 8 (extreme outlier),,,
1043485956,2944.0,providers_a,sum_benes,MAD z-score >= 8 (extreme outlier),,,
1023272069,3472.0,providers_a,sum_benes,MAD z-score >= 8 (extreme outlier),,,
1003041088,7064.0,providers_a,sum_benes,MAD z-score >= 8 (extreme outlier),,,
1023308541,3359.0,providers_a,sum_benes,MAD z-score >= 8 (extreme outlier),,,
1043505142,2921.0,providers_a,sum_benes,MAD z-score >= 8 (extreme outlier),,,
1013154400,6036.0,providers_a,sum_benes,MAD z-score >= 8 (extreme outlier),,,
1033102900,9856.0,providers_a,sum_benes,MAD z-score >= 8 (extreme outlier),,,
1003919994,2849.0,providers_a,sum_benes,MAD z-score >= 8 (extreme outlier),,,
1043318595,3582.0,providers_a,sum_benes,MAD z-score >= 8 (extreme outlier),,,
1023118379,3513.0,providers_a,sum_benes,MAD z-score >= 8 (extreme outlier),,,
1003869587,4020.0,providers_a,sum_benes,MAD z-score >= 8 (extreme outlier),,,
1043432206,3216.0,providers_a,sum_benes,MAD z-score >= 8 (extreme outlier),,,
1013352145,2851.0,providers_a,sum_benes,MAD z-score >= 8 (extreme outlier),,,
1023052248,2607.0,providers_a,sum_benes,MAD z-score >= 8 (extreme outlier),,,
1043222714,2625.0,providers_a,sum_benes,MAD z-score >= 8 (extreme outlier),,,
1023407806,3039.0,providers_a,sum_benes,MAD z-score >= 8 (extreme outlier),,,
1023559390,3179.0,providers_a,sum_benes,MAD z-score >= 8 (extreme outlier),,,
1003043837,4404.0,providers_a,sum_benes,MAD z-score >= 8 (extreme outlier),,,
1003820002,11541.0,providers_a,sum_benes,MAD z-score >= 8 (extreme outlier),,,
1003866542,3248.0,providers_a,sum_benes,MAD z-score >= 8 (extreme outlier),,,
1023072808,2919.0,providers_a,sum_benes,MAD z-score >= 8 (extreme outlier),,,
1033561816,3972.0,providers_a,sum_benes,MAD z-score >= 8 (extreme outlier),,,
1003938770,2963.0,providers_a,sum_benes,MAD z-score >= 8 (extreme outlier),,,
1033221510,5592.0,providers_a,sum_benes,MAD z-score >= 8 (extreme outlier),,,
1003862806,8020.0,providers_a,sum_benes,MAD z-score >= 8 (extreme outlier),,,
1043345366,5103.0,providers_a,sum_benes,MAD z-score >= 8 (extreme outlier),,,
1003072000,11145.0,providers_a,sum_benes,MAD z-score >= 8 (extreme outlier),,,
1033173562,7861.0,providers_a,sum_benes,MAD z-score >= 8 (extreme outlier),,,
1003872375,3588.0,providers_a,sum_benes,MAD z-score >= 8 (extreme outlier),,,
1013270982,7218.0,providers_a,sum_benes,MAD z-score >= 8 (extreme outlier),,,
1043579733,4083.0,providers_a,sum_benes,MAD z-score >= 8 (extreme outlier),,,
1023022019,47103.0,providers_a,sum_benes,MAD z-score >= 8 (extreme outlier),,,
1053346213,2966.0,providers_a,sum_benes,MAD z-score >= 8 (extreme outlier),,,
1013904168,3597.0,providers_a,sum_benes,MAD z-score >= 8 (extreme outlier),,,
1003843558,3626.0,providers_a,sum_benes,MAD z-score >= 8 (extreme outlier),,,
1023175072,3457.0,providers_a,sum_benes,MAD z-score >= 8 (extreme outlier),,,
1033367065,2555.0,providers_a,sum_benes,MAD z-score >= 8 (extreme outlier),,,
1033159249,2697.0,providers_a,sum_benes,MAD z-score >= 8 (extreme outlier),,,
1043525959,13732.0,providers_a,sum_benes,MAD z-score >= 8 (extreme outlier),,,
1013913631,2512.0,providers_a,sum_benes,MAD z-score >= 8 (extreme outlier),,,
1033351226,34543.0,providers_a,sum_benes,MAD z-score >= 8 (extreme outlier),,,
1023003290,2620.0,providers_a,sum_benes,MAD z-score >= 8 (extreme outlier),,,
1003875295,4720.0,providers_a,sum_benes,MAD z-score >= 8 (extreme outlier),,,
1043572613,3117.0,providers_a,sum_benes,MAD z-score >= 8 (extreme outlier),,,
1033181193,3722.0,providers_a,sum_benes,MAD z-score >= 8 (extreme outlier),,,
1033316997,5444.0,providers_a,sum_benes,MAD z-score >= 8 (extreme outlier),,,
1043503055,4256.0,providers_a,sum_benes,MAD z-score >= 8 (extreme outlier),,,
1013276070,3263.0,providers_a,sum_benes,MAD z-score >= 8 (extreme outlier),,,
1023050473,2488.0,providers_a,sum_benes,MAD z-score >= 8 (extreme outlier),,,
1013056027,4095.0,providers_a,sum_benes,MAD z-score >= 8 (extreme outlier),,,
1023091147,4336.0,providers_a,sum_benes,MAD z-score >= 8 (extreme outlier),,,
1003843038,3350.0,providers_a,sum_benes,MAD z-score >= 8 (extreme outlier),,,
1023213089,3720.0,providers_a,sum_benes,MAD z-score >= 8 (extreme outlier),,,
1013951227,2857.0,providers_a,sum_benes,MAD z-score >= 8 (extreme outlier),,,
1053316190,3962.0,providers_a,sum_benes,MAD z-score >= 8 (extreme outlier),,,
1033377700,2636.0,providers_a,sum_benes,MAD z-score >= 8 (extreme outlier),,,
1033271994,4847.0,providers_a,sum_benes,MAD z-score >= 8 (extreme outlier),,,
1003878794,2482.0,providers_a,sum_benes,MAD z-score >= 8 (extreme outlier),,,
1013201946,3679.0,providers_a,sum_benes,MAD z-score >= 8 (extreme outlier),,,
1043273139,2460.0,providers_a,sum_benes,MAD z-score >= 8 (extreme outlier),,,
1013094234,3862.0,providers_a,sum_benes,MAD z-score >= 8 (extreme outlier),,,
1013174929,7939.0,providers_a,sum_benes,MAD z-score >= 8 (extreme outlier),,,
1043480965,4797.0,providers_a,sum_benes,MAD z-score >= 8 (extreme outlier),,,
1043314362,4139.0,providers_a,sum_benes,MAD z-score >= 8 (extreme outlier),,,
1003872284,6029.0,providers_a,sum_benes,MAD z-score >= 8 (extreme outlier),,,
1043356538,4026.0,providers_a,sum_benes,MAD z-score >= 8 (extreme outlier),,,
1013228121,4020.0,providers_a,sum_benes,MAD z-score >= 8 (extreme outlier),,,
1043553951,2512.0,providers_a,sum_benes,MAD z-score >= 8 (extreme outlier),,,
1003841297,2740.0,providers_a,sum_benes,MAD z-score >= 8 (extreme outlier),,,
1033370390,3037.0,providers_a,sum_benes,MAD z-score >= 8 (extreme outlier),,,
1033153614,3619.0,providers_a,sum_benes,MAD z-score >= 8 (extreme outlier),,,
1013912583,6560.0,providers_a,sum_benes,MAD z-score >= 8 (extreme outlier),,,
1013331677,2512.0,providers_a,sum_benes,MAD z-score >= 8 (extreme outlier),,,
1013129790,5017.0,providers_a,sum_benes,MAD z-score >= 8 (extreme outlier),,,
1023050010,7045.0,providers_a,sum_benes,MAD z-score >= 8 (extreme outlier),,,
1023019973,4117.0,providers_a,sum_benes,MAD z-score >= 8 (extreme outlier),,,
1013927243,2502.0,providers_a,sum_benes,MAD z-score >= 8 (extreme outlier),,,
1023166345,3575.0,providers_a,sum_benes,MAD z-score >= 8 (extreme outlier),,,
1033290705,2925.0,providers_a,sum_benes,MAD z-score >= 8 (extreme outlier),,,
1023640331,2477.0,providers_a,sum_benes,MAD z-score >= 8 (extreme outlier),,,
1003084971,6492.0,providers_a,sum_benes,MAD z-score >= 8 (extreme outlier),,,
1013973692,3755.0,providers_a,sum_benes,MAD z-score >= 8 (extreme outlier),,,
1023090503,6243.0,providers_a,sum_benes,MAD z-score >= 8 (extreme outlier),,,
1043442809,3401.0,providers_a,sum_benes,MAD z-score >= 8 (extreme outlier),,,
1003072950,4645.0,providers_a,sum_benes,MAD z-score >= 8 (extreme outlier),,,
1053308429,2771.0,providers_a,sum_benes,MAD z-score >= 8 (extreme outlier),,,
1003816406,2699.0,providers_a,sum_benes,MAD z-score >= 8 (extreme outlier),,,
1013903624,2827.0,providers_a,sum_benes,MAD z-score >= 8 (extreme outlier),,,
1023468717,3820.0,providers_a,sum_benes,MAD z-score >= 8 (extreme outlier),,,
1003171901,4031.0,providers_a,sum_benes,MAD z-score >= 8 (extreme outlier),,,
1053334649,3010.0,providers_a,sum_benes,MAD z-score >= 8 (extreme outlier),,,
1023275617,8475.0,providers_a,sum_benes,MAD z-score >= 8 (extreme outlier),,,
1043424542,2727.0,providers_a,sum_benes,MAD z-score >= 8 (extreme outlier),,,
1003886409,3792.0,providers_a,sum_benes,MAD z-score >= 8 (extreme outlier),,,
1033552880,3271.0,providers_a,sum_benes,MAD z-score >= 8 (extreme outlier),,,
1013284801,6324.0,providers_a,sum_benes,MAD z-score >= 8 (extreme outlier),,,
1043266810,2754.0,providers_a,sum_benes,MAD z-score >= 8 (extreme outlier),,,
1013094382,2916.0,providers_a,sum_benes,MAD z-score >= 8 (extreme outlier),,,
1043416696,9074.0,providers_a,sum_benes,MAD z-score >= 8 (extreme outlier),,,
1013994185,4822.0,providers_a,sum_benes,MAD z-score >= 8 (extreme outlier),,,
1053326728,4782.0,providers_a,sum_benes,MAD z-score >= 8 (extreme outlier),,,
1023284809,3490.0,providers_a,sum_benes,MAD z-score >= 8 (extreme outlier),,,
1053304097,5848.0,providers_a,sum_benes,MAD z-score >= 8 (extreme outlier),,,
1033119839,2458.0,providers_a,sum_benes,MAD z-score >= 8 (extreme outlier),,,
1033385810,3360.0,providers_a,sum_benes,MAD z-score >= 8 (extreme outlier),,,
1043652423,3554.0,providers_a,sum_benes,MAD z-score >= 8 (extreme outlier),,,
1003876418,6880.0,providers_a,sum_benes,MAD z-score >= 8 (extreme outlier),,,
1003389438,4083.0,providers_a,sum_benes,MAD z-score >= 8 (extreme outlier),,,
1023363082,2620.0,providers_a,sum_benes,MAD z-score >= 8 (extreme outlier),,,
1013234327,4006.0,providers_a,sum_benes,MAD z-score >= 8 (extreme outlier),,,
1043576382,3326.0,providers_a,sum_benes,MAD z-score >= 8 (extreme outlier),,,
1003817859,3157.0,providers_a,sum_benes,MAD z-score >= 8 (extreme outlier),,,
1023305687,2716.0,providers_a,sum_benes,MAD z-score >= 8 (extreme outlier),,,
1023378973,5623.0,providers_a,sum_benes,MAD z-score >= 8 (extreme outlier),,,
1053340208,2691.0,providers_a,sum_benes,MAD z-score >= 8 (extreme outlier),,,
1013053073,2513.0,providers_a,sum_benes,MAD z-score >= 8 (extreme outlier),,,
1023064391,2970.0,providers_a,sum_benes,MAD z-score >= 8 (extreme outlier),,,
1003906082,5667.0,providers_a,sum_benes,MAD z-score >= 8 (extreme outlier),,,
1003013384,7417.0,providers_a,sum_benes,MAD z-score >= 8 (extreme outlier),,,
1003042730,2462.0,providers_a,sum_benes,MAD z-score >= 8 (extreme outlier),,,
1033103775,2754.0,providers_a,sum_benes,MAD z-score >= 8 (extreme outlier),,,
1043218084,8014.0,providers_a,sum_benes,MAD z-score >= 8 (extreme outlier),,,
1033217740,2719.0,providers_a,sum_benes,MAD z-score >= 8 (extreme outlier),,,
1043522790,3703.0,providers_a,sum_benes,MAD z-score >= 8 (extreme outlier),,,
1053339408,2972.0,providers_a,sum_benes,MAD z-score >= 8 (extreme outlier),,,
1023019924,3861.0,providers_a,sum_benes,MAD z-score >= 8 (extreme outlier),,,
1003325648,2972.0,providers_a,sum_benes,MAD z-score >= 8 (extreme outlier),,,
1003899774,4231.0,providers_a,sum_benes,MAD z-score >= 8 (extreme outlier),,,
1013933142,2455.0,providers_a,sum_benes,MAD z-score >= 8 (extreme outlier),,,
1013173590,3159.0,providers_a,sum_benes,MAD z-score >= 8 (extreme outlier),,,
1013151554,10874.0,providers_a,sum_benes,MAD z-score >= 8 (extreme outlier),,,
1003160987,3864.0,providers_a,sum_benes,MAD z-score >= 8 (extreme outlier),,,
1043293079,4371.0,providers_a,sum_benes,MAD z-score >= 8 (extreme outlier),,,
1023468592,3719.0,providers_a,sum_benes,MAD z-score >= 8 (extreme outlier),,,
1043378292,3246.0,providers_a,sum_benes,MAD z-score >= 8 (extreme outlier),,,
1013982453,3075.0,providers_a,sum_benes,MAD z-score >= 8 (extreme outlier),,,
1033370440,3359.0,providers_a,sum_benes,MAD z-score >= 8 (extreme outlier),,,
1013173814,2641.0,providers_a,sum_benes,MAD z-score >= 8 (extreme outlier),,,
1033435656,3088.0,providers_a,sum_benes,MAD z-score >= 8 (extreme outlier),,,
1023296936,3064.0,providers_a,sum_benes,MAD z-score >= 8 (extreme outlier),,,
1003825415,3834.0,providers_a,sum_benes,MAD z-score >= 8 (extreme outlier),,,
1043215429,2815.0,providers_a,sum_benes,MAD z-score >= 8 (extreme outlier),,,
1013975895,2456.0,providers_a,sum_benes,MAD z-score >= 8 (extreme outlier),,,
1023036613,4988.0,providers_a,sum_benes,MAD z-score >= 8 (extreme outlier),,,
1003801952,2846.0,providers_a,sum_benes,MAD z-score >= 8 (extreme outlier),,,
1013978139,3384.0,providers_a,sum_benes,MAD z-score >= 8 (extreme outlier),,,
1033140637,4376.0,providers_a,sum_benes,MAD z-score >= 8 (extreme outlier),,,
1023025640,3916.0,providers_a,sum_benes,MAD z-score >= 8 (extreme outlier),,,
1033146212,5201.0,providers_a,sum_benes,MAD z-score >= 8 (extreme outlier),,,
1043282361,2922.0,providers_a,sum_benes,MAD z-score >= 8 (extreme outlier),,,
1033245485,4504.0,providers_a,sum_benes,MAD z-score >= 8 (extreme outlier),,,
1013003136,2726.0,providers_a,sum_benes,MAD z-score >= 8 (extreme outlier),,,
1043244387,10985.0,providers_a,sum_benes,MAD z-score >= 8 (extreme outlier),,,
1033352521,2704.0,providers_a,sum_benes,MAD z-score >= 8 (extreme outlier),,,
1043218118,3996.0,providers_a,sum_benes,MAD z-score >= 8 (extreme outlier),,,
1023250149,2952.0,providers_a,sum_benes,MAD z-score >= 8 (extreme outlier),,,
1043539851,4212.0,providers_a,sum_benes,MAD z-score >= 8 (extreme outlier),,,
1003044975,3396.0,providers_a,sum_benes,MAD z-score >= 8 (extreme outlier),,,
1013514553,4685.0,providers_a,sum_benes,MAD z-score >= 8 (extreme outlier),,,
1023050937,3325.0,providers_a,sum_benes,MAD z-score >= 8 (extreme outlier),,,
1023171576,4062.0,providers_a,sum_benes,MAD z-score >= 8 (extreme outlier),,,
1033590542,2687.0,providers_a,sum_benes,MAD z-score >= 8 (extreme outlier),,,
1023300977,2542.0,providers_a,sum_benes,MAD z-score >= 8 (extreme outlier),,,
1033165774,6554.0,providers_a,sum_benes,MAD z-score >= 8 (extreme outlier),,,
1023033388,5461.0,providers_a,sum_benes,MAD z-score >= 8 (extreme outlier),,,
1003898941,4094.0,providers_a,sum_benes,MAD z-score >= 8 (extreme outlier),,,
1023004314,4038.0,providers_a,sum_benes,MAD z-score >= 8 (extreme outlier),,,
1043540149,2877.0,providers_a,sum_benes,MAD z-score >= 8 (extreme outlier),,,
1023720778,50192.0,providers_a,sum_benes,MAD z-score >= 8 (extreme outlier),,,
1023002003,7446.0,providers_a,sum_benes,MAD z-score >= 8 (extreme outlier),,,
1013902543,4322.0,providers_a,sum_benes,MAD z-score >= 8 (extreme outlier),,,
1003817982,5042.0,providers_a,sum_benes,MAD z-score >= 8 (extreme outlier),,,
1033348537,3813.0,providers_a,sum_benes,MAD z-score >= 8 (extreme outlier),,,
1043348386,4604.0,providers_a,sum_benes,MAD z-score >= 8 (extreme outlier),,,
1033186713,7910.0,providers_a,sum_benes,MAD z-score >= 8 (extreme outlier),,,
1013559863,2871.0,providers_a,sum_benes,MAD z-score >= 8 (extreme outlier),,,
1013933068,2616.0,providers_a,sum_benes,MAD z-score >= 8 (extreme outlier),,,
1003819939,3743.0,providers_a,sum_benes,MAD z-score >= 8 (extreme outlier),,,
1053301655,5091.0,providers_a,sum_benes,MAD z-score >= 8 (extreme outlier),,,
1013992015,4636.0,providers_a,sum_benes,MAD z-score >= 8 (extreme outlier),,,
1023037579,3256.0,providers_a,sum_benes,MAD z-score >= 8 (extreme outlier),,,
1053337295,6681.0,providers_a,sum_benes,MAD z-score >= 8 (extreme outlier),,,
1023317732,3499.0,providers_a,sum_benes,MAD z-score >= 8 (extreme outlier),,,
1023378841,5905.0,providers_a,sum_benes,MAD z-score >= 8 (extreme outlier),,,
1043254915,4030.0,providers_a,sum_benes,MAD z-score >= 8 (extreme outlier),,,
1053306035,3579.0,providers_a,sum_benes,MAD z-score >= 8 (extreme outlier),,,
1003013970,3047.0,providers_a,sum_benes,MAD z-score >= 8 (extreme outlier),,,
1023346483,3058.0,providers_a,sum_benes,MAD z-score >= 8 (extreme outlier),,,
1013022813,3066.0,providers_a,sum_benes,MAD z-score >= 8 (extreme outlier),,,
1013010560,2457.0,providers_a,sum_benes,MAD z-score >= 8 (extreme outlier),,,
1053340141,2568.0,providers_a,sum_benes,MAD z-score >= 8 (extreme outlier),,,
1023199601,4758.0,providers_a,sum_benes,MAD z-score >= 8 (extreme outlier),,,
1013154111,5546.0,providers_a,sum_benes,MAD z-score >= 8 (extreme outlier),,,
1033173125,3506.0,providers_a,sum_benes,MAD z-score >= 8 (extreme outlier),,,
1023272200,3372.0,providers_a,sum_benes,MAD z-score >= 8 (extreme outlier),,,
1043257108,3225.0,providers_a,sum_benes,MAD z-score >= 8 (extreme outlier),,,
1033352596,4967.0,providers_a,sum_benes,MAD z-score >= 8 (extreme outlier),,,
1023070539,3320.0,providers_a,sum_benes,MAD z-score >= 8 (extreme outlier),,,
1003388091,2833.0,providers_a,sum_benes,MAD z-score >= 8 (extreme outlier),,,
1023058732,2522.0,providers_a,sum_benes,MAD z-score >= 8 (extreme outlier),,,
1003913591,2459.0,providers_a,sum_benes,MAD z-score >= 8 (extreme outlier),,,
1013993096,5052.0,providers_a,sum_benes,MAD z-score >= 8 (extreme outlier),,,
1003089814,2892.0,providers_a,sum_benes,MAD z-score >= 8 (extreme outlier),,,
1033167093,3244.0,providers_a,sum_benes,MAD z-score >= 8 (extreme outlier),,,
1003806928,3490.0,providers_a,sum_benes,MAD z-score >= 8 (extreme outlier),,,
1043298391,4151.0,providers_a,sum_benes,MAD z-score >= 8 (extreme outlier),,,
1003818816,3351.0,providers_a,sum_benes,MAD z-score >= 8 (extreme outlier),,,
1023091972,2506.0,providers_a,sum_benes,MAD z-score >= 8 (extreme outlier),,,
1003175944,2783.0,providers_a,sum_benes,MAD z-score >= 8 (extreme outlier),,,
1033104617,4948.0,providers_a,sum_benes,MAD z-score >= 8 (extreme outlier),,,
1043358377,2569.0,providers_a,sum_benes,MAD z-score >= 8 (extreme outlier),,,
1003018276,5948.0,providers_a,sum_benes,MAD z-score >= 8 (extreme outlier),,,
1033705934,7456.0,providers_a,sum_benes,MAD z-score >= 8 (extreme outlier),,,
1023026945,5765.0,providers_a,sum_benes,MAD z-score >= 8 (extreme outlier),,,
1023013117,2667.0,providers_a,sum_benes,MAD z-score >= 8 (extreme outlier),,,
1013228394,4772.0,providers_a,sum_benes,MAD z-score >= 8 (extreme outlier),,,
1003905290,3272.0,providers_a,sum_benes,MAD z-score >= 8 (extreme outlier),,,
1013998111,4092.0,providers_a,sum_benes,MAD z-score >= 8 (extreme outlier),,,
1043228935,4283.0,providers_a,sum_benes,MAD z-score >= 8 (extreme outlier),,,
1043451008,5513.0,providers_a,sum_benes,MAD z-score >= 8 (extreme outlier),,,
1013361484,3469.0,providers_a,sum_benes,MAD z-score >= 8 (extreme outlier),,,
1003951724,2740.0,providers_a,sum_benes,MAD z-score >= 8 (extreme outlier),,,
1023017464,2875.0,providers_a,sum_benes,MAD z-score >= 8 (extreme outlier),,,
1003866278,2619.0,providers_a,sum_benes,MAD z-score >= 8 (extreme outlier),,,
1033538749,3776.0,providers_a,sum_benes,MAD z-score >= 8 (extreme outlier),,,
1013200328,13988.0,providers_a,sum_benes,MAD z-score >= 8 (extreme outlier),,,
1043358286,3756.0,providers_a,sum_benes,MAD z-score >= 8 (extreme outlier),,,
1033198981,2615.0,providers_a,sum_benes,MAD z-score >= 8 (extreme outlier),,,
1013112820,5221.0,providers_a,sum_benes,MAD z-score >= 8 (extreme outlier),,,
1043473895,2467.0,providers_a,sum_benes,MAD z-score >= 8 (extreme outlier),,,
1003865502,3039.0,providers_a,sum_benes,MAD z-score >= 8 (extreme outlier),,,
1013953157,5159.0,providers_a,sum_benes,MAD z-score >= 8 (extreme outlier),,,
1013919604,5684.0,providers_a,sum_benes,MAD z-score >= 8 (extreme outlier),,,
1043574445,3145.0,providers_a,sum_benes,MAD z-score >= 8 (extreme outlier),,,
1023002615,2563.0,providers_a,sum_benes,MAD z-score >= 8 (extreme outlier),,,
1023205887,2736.0,providers_a,sum_benes,MAD z-score >= 8 (extreme outlier),,,
1003804246,3338.0,providers_a,sum_benes,MAD z-score >= 8 (extreme outlier),,,
1003841008,2651.0,providers_a,sum_benes,MAD z-score >= 8 (extreme outlier),,,
1033253877,2634.0,providers_a,sum_benes,MAD z-score >= 8 (extreme outlier),,,
1003950585,5010.0,providers_a,sum_benes,MAD z-score >= 8 (extreme outlier),,,
1043904485,7771.0,providers_a,sum_benes,MAD z-score >= 8 (extreme outlier),,,
1043607013,5030.0,providers_a,sum_benes,MAD z-score >= 8 (extreme outlier),,,
1003893223,3571.0,providers_a,sum_benes,MAD z-score >= 8 (extreme outlier),,,
1013908292,4162.0,providers_a,sum_benes,MAD z-score >= 8 (extreme outlier),,,
1003347964,2649.0,providers_a,sum_benes,MAD z-score >= 8 (extreme outlier),,,
1023094703,5419.0,providers_a,sum_benes,MAD z-score >= 8 (extreme outlier),,,
1013954304,4515.0,providers_a,sum_benes,MAD z-score >= 8 (extreme outlier),,,
1043534654,2841.0,providers_a,sum_benes,MAD z-score >= 8 (extreme outlier),,,
1003874355,3673.0,providers_a,sum_benes,MAD z-score >= 8 (extreme outlier),,,
1043257413,2475.0,providers_a,sum_benes,MAD z-score >= 8 (extreme outlier),,,
1003821521,2721.0,providers_a,sum_benes,MAD z-score >= 8 (extreme outlier),,,
1033169859,7825.0,providers_a,sum_benes,MAD z-score >= 8 (extreme outlier),,,
1033367966,4633.0,providers_a,sum_benes,MAD z-score >= 8 (extreme outlier),,,
1053318550,2774.0,providers_a,sum_benes,MAD z-score >= 8 (extreme outlier),,,
1013356781,4282.0,providers_a,sum_benes,MAD z-score >= 8 (extreme outlier),,,
1013932870,4273.0,providers_a,sum_benes,MAD z-score >= 8 (extreme outlier),,,
1023205739,5040.0,providers_a,sum_benes,MAD z-score >= 8 (extreme outlier),,,
1013283084,3564.0,providers_a,sum_benes,MAD z-score >= 8 (extreme outlier),,,
1003844937,3158.0,providers_a,sum_benes,MAD z-score >= 8 (extreme outlier),,,
1003922592,4984.0,providers_a,sum_benes,MAD z-score >= 8 (extreme outlier),,,
1023243730,2850.0,providers_a,sum_benes,MAD z-score >= 8 (extreme outlier),,,
1013038371,2506.0,providers_a,sum_benes,MAD z-score >= 8 (extreme outlier),,,
1003811522,2677.0,providers_a,sum_benes,MAD z-score >= 8 (extreme outlier),,,
1033132576,3156.0,providers_a,sum_benes,MAD z-score >= 8 (extreme outlier),,,
1013096486,2832.0,providers_a,sum_benes,MAD z-score >= 8 (extreme outlier),,,
1013913417,3805.0,providers_a,sum_benes,MAD z-score >= 8 (extreme outlier),,,
1003077322,89465.0,providers_a,sum_benes,MAD z-score >= 8 (extreme outlier),,,
1023007168,2718.0,providers_a,sum_benes,MAD z-score >= 8 (extreme outlier),,,
1033299136,4855.0,providers_a,sum_benes,MAD z-score >= 8 (extreme outlier),,,
1033297155,5232.0,providers_a,sum_benes,MAD z-score >= 8 (extreme outlier),,,
1003991167,3732.0,providers_a,sum_benes,MAD z-score >= 8 (extreme outlier),,,
1013979350,5543.0,providers_a,sum_benes,MAD z-score >= 8 (extreme outlier),,,
1003081985,5037.0,providers_a,sum_benes,MAD z-score >= 8 (extreme outlier),,,
1033114566,2631.0,providers_a,sum_benes,MAD z-score >= 8 (extreme outlier),,,
1053314773,3640.0,providers_a,sum_benes,MAD z-score >= 8 (extreme outlier),,,
1003874371,6696.0,providers_a,sum_benes,MAD z-score >= 8 (extreme outlier),,,
1033116918,3781.0,providers_a,sum_benes,MAD z-score >= 8 (extreme outlier),,,
1053310920,3056.0,providers_a,sum_benes,MAD z-score >= 8 (extreme outlier),,,
1043359219,4363.0,providers_a,sum_benes,MAD z-score >= 8 (extreme outlier),,,
1033113725,3960.0,providers_a,sum_benes,MAD z-score >= 8 (extreme outlier),,,
1023075710,3882.0,providers_a,sum_benes,MAD z-score >= 8 (extreme outlier),,,
1003914151,2856.0,providers_a,sum_benes,MAD z-score >= 8 (extreme outlier),,,
1023107067,2853.0,providers_a,sum_benes,MAD z-score >= 8 (extreme outlier),,,
1003981275,4090.0,providers_a,sum_benes,MAD z-score >= 8 (extreme outlier),,,
1033354873,4586.0,providers_a,sum_benes,MAD z-score >= 8 (extreme outlier),,,
1003878372,4406.0,providers_a,sum_benes,MAD z-score >= 8 (extreme outlier),,,
1043414634,4948.0,providers_a,sum_benes,MAD z-score >= 8 (extreme outlier),,,
1053316265,4346.0,providers_a,sum_benes,MAD z-score >= 8 (extreme outlier),,,
1003918475,3809.0,providers_a,sum_benes,MAD z-score >= 8 (extreme outlier),,,
1023083607,3297.0,providers_a,sum_benes,MAD z-score >= 8 (extreme outlier),,,
1023593886,9768.0,providers_a,sum_benes,MAD z-score >= 8 (extreme outlier),,,
1033252390,5581.0,providers_a,sum_benes,MAD z-score >= 8 (extreme outlier),,,
1043534142,2749.0,providers_a,sum_benes,MAD z-score >= 8 (extreme outlier),,,
1013181999,3392.0,providers_a,sum_benes,MAD z-score >= 8 (extreme outlier),,,
1043657844,2528.0,providers_a,sum_benes,MAD z-score >= 8 (extreme outlier),,,
1033182043,3565.0,providers_a,sum_benes,MAD z-score >= 8 (extreme outlier),,,
1023124922,5015.0,providers_a,sum_benes,MAD z-score >= 8 (extreme outlier),,,
1003133901,3503.0,providers_a,sum_benes,MAD z-score >= 8 (extreme outlier),,,
1053303040,2643.0,providers_a,sum_benes,MAD z-score >= 8 (extreme outlier),,,
1033262985,2860.0,providers_a,sum_benes,MAD z-score >= 8 (extreme outlier),,,
1043419096,8458.0,providers_a,sum_benes,MAD z-score >= 8 (extreme outlier),,,
1013964964,2723.0,providers_a,sum_benes,MAD z-score >= 8 (extreme outlier),,,
1023066578,3445.0,providers_a,sum_benes,MAD z-score >= 8 (extreme outlier),,,
1033473913,3042.0,providers_a,sum_benes,MAD z-score >= 8 (extreme outlier),,,
1003900903,5698.0,providers_a,sum_benes,MAD z-score >= 8 (extreme outlier),,,
1033120530,2532.0,providers_a,sum_benes,MAD z-score >= 8 (extreme outlier),,,
1043299175,3107.0,providers_a,sum_benes,MAD z-score >= 8 (extreme outlier),,,
1053341958,2955.0,providers_a,sum_benes,MAD z-score >= 8 (extreme outlier),,,
1003835604,4568.0,providers_a,sum_benes,MAD z-score >= 8 (extreme outlier),,,
1013195395,4313.0,providers_a,sum_benes,MAD z-score >= 8 (extreme outlier),,,
1023688199,2742.0,providers_a,sum_benes,MAD z-score >= 8 (extreme outlier),,,
1023457991,5379.0,providers_a,sum_benes,MAD z-score >= 8 (extreme outlier),,,
1013937853,2822.0,providers_a,sum_benes,MAD z-score >= 8 (extreme outlier),,,
1033181722,3921.0,providers_a,sum_benes,MAD z-score >= 8 (extreme outlier),,,
1003268194,5520.0,providers_a,sum_benes,MAD z-score >= 8 (extreme outlier),,,
1013958776,3047.0,providers_a,sum_benes,MAD z-score >= 8 (extreme outlier),,,
1003824442,3564.0,providers_a,sum_benes,MAD z-score >= 8 (extreme outlier),,,
1003203951,2604.0,providers_a,sum_benes,MAD z-score >= 8 (extreme outlier),,,
1053325548,2976.0,providers_a,sum_benes,MAD z-score >= 8 (extreme outlier),,,
1043363328,4199.0,providers_a,sum_benes,MAD z-score >= 8 (extreme outlier),,,
1053346452,4615.0,providers_a,sum_benes,MAD z-score >= 8 (extreme outlier),,,
1013027614,2984.0,providers_a,sum_benes,MAD z-score >= 8 (extreme outlier),,,
1013020593,4642.0,providers_a,sum_benes,MAD z-score >= 8 (extreme outlier),,,
1003807900,5921.0,providers_a,sum_benes,MAD z-score >= 8 (extreme outlier),,,
1033222468,3089.0,providers_a,sum_benes,MAD z-score >= 8 (extreme outlier),,,
1013954908,3865.0,providers_a,sum_benes,MAD z-score >= 8 (extreme outlier),,,
1053346403,5718.0,providers_a,sum_benes,MAD z-score >= 8 (extreme outlier),,,
1043267479,3927.0,providers_a,sum_benes,MAD z-score >= 8 (extreme outlier),,,
1033198163,3227.0,providers_a,sum_benes,MAD z-score >= 8 (extreme outlier),,,
1043524176,3713.0,providers_a,sum_benes,MAD z-score >= 8 (extreme outlier),,,
1013018159,3222.0,providers_a,sum_benes,MAD z-score >= 8 (extreme outlier),,,
1033141007,4186.0,providers_a,sum_benes,MAD z-score >= 8 (extreme outlier),,,
1043506215,2694.0,providers_a,sum_benes,MAD z-score >= 8 (extreme outlier),,,
1033165360,4871.0,providers_a,sum_benes,MAD z-score >= 8 (extreme outlier),,,
1013232289,2504.0,providers_a,sum_benes,MAD z-score >= 8 (extreme outlier),,,
1003029836,3555.0,providers_a,sum_benes,MAD z-score >= 8 (extreme outlier),,,
1043295074,4365.0,providers_a,sum_benes,MAD z-score >= 8 (extreme outlier),,,
1003890716,4917.0,providers_a,sum_benes,MAD z-score >= 8 (extreme outlier),,,
1043203003,14390.0,providers_a,sum_benes,MAD z-score >= 8 (extreme outlier),,,
1013283019,3206.0,providers_a,sum_benes,MAD z-score >= 8 (extreme outlier),,,
1023098902,3142.0,providers_a,sum_benes,MAD z-score >= 8 (extreme outlier),,,
1033111448,4545.0,providers_a,sum_benes,MAD z-score >= 8 (extreme outlier),,,
1013119262,3909.0,providers_a,sum_benes,MAD z-score >= 8 (extreme outlier),,,
1003893199,5719.0,providers_a,sum_benes,MAD z-score >= 8 (extreme outlier),,,
1003893934,2645.0,providers_a,sum_benes,MAD z-score >= 8 (extreme outlier),,,
1043305972,4688.0,providers_a,sum_benes,MAD z-score >= 8 (extreme outlier),,,
1003229923,2536.0,providers_a,sum_benes,MAD z-score >= 8 (extreme outlier),,,
1003849001,3297.0,providers_a,sum_benes,MAD z-score >= 8 (extreme outlier),,,
1013909027,8012.0,providers_a,sum_benes,MAD z-score >= 8 (extreme outlier),,,
1043243538,36265.0,providers_a,sum_benes,MAD z-score >= 8 (extreme outlier),,,
1023076429,4920.0,providers_a,sum_benes,MAD z-score >= 8 (extreme outlier),,,
1043473374,4026.0,providers_a,sum_benes,MAD z-score >= 8 (extreme outlier),,,
1043588627,2825.0,providers_a,sum_benes,MAD z-score >= 8 (extreme outlier),,,
1013093574,4789.0,providers_a,sum_benes,MAD z-score >= 8 (extreme outlier),,,
1033167416,2907.0,providers_a,sum_benes,MAD z-score >= 8 (extreme outlier),,,
1033177050,4146.0,providers_a,sum_benes,MAD z-score >= 8 (extreme outlier),,,
1043233604,2460.0,providers_a,sum_benes,MAD z-score >= 8 (extreme outlier),,,
1033166335,3343.0,providers_a,sum_benes,MAD z-score >= 8 (extreme outlier),,,
1003045063,8042.0,providers_a,sum_benes,MAD z-score >= 8 (extreme outlier),,,
1023286317,2654.0,providers_a,sum_benes,MAD z-score >= 8 (extreme outlier),,,
1023013661,3211.0,providers_a,sum_benes,MAD z-score >= 8 (extreme outlier),,,
1013570472,2742.0,providers_a,sum_benes,MAD z-score >= 8 (extreme outlier),,,
1043303894,4021.0,providers_a,sum_benes,MAD z-score >= 8 (extreme outlier),,,
1023034774,4727.0,providers_a,sum_benes,MAD z-score >= 8 (extreme outlier),,,
1043669070,6872.0,providers_a,sum_benes,MAD z-score >= 8 (extreme outlier),,,
1003908591,2785.0,providers_a,sum_benes,MAD z-score >= 8 (extreme outlier),,,
1013335199,2800.0,providers_a,sum_benes,MAD z-score >= 8 (extreme outlier),,,
1033236401,3279.0,providers_a,sum_benes,MAD z-score >= 8 (extreme outlier),,,
1043215676,4938.0,providers_a,sum_benes,MAD z-score >= 8 (extreme outlier),,,
1013015254,3674.0,providers_a,sum_benes,MAD z-score >= 8 (extreme outlier),,,
1043214372,5977.0,providers_a,sum_benes,MAD z-score >= 8 (extreme outlier),,,
1003839028,2652.0,providers_a,sum_benes,MAD z-score >= 8 (extreme outlier),,,
1033121272,3612.0,providers_a,sum_benes,MAD z-score >= 8 (extreme outlier),,,
1003044058,3091.0,providers_a,sum_benes,MAD z-score >= 8 (extreme outlier),,,
1013970573,3781.0,providers_a,sum_benes,MAD z-score >= 8 (extreme outlier),,,
1043519697,2658.0,providers_a,sum_benes,MAD z-score >= 8 (extreme outlier),,,
1023402260,2641.0,providers_a,sum_benes,MAD z-score >= 8 (extreme outlier),,,
1013910280,2583.0,providers_a,sum_benes,MAD z-score >= 8 (extreme outlier),,,
1033266788,4442.0,providers_a,sum_benes,MAD z-score >= 8 (extreme outlier),,,
1023089448,3524.0,providers_a,sum_benes,MAD z-score >= 8 (extreme outlier),,,
1023251410,3368.0,providers_a,sum_benes,MAD z-score >= 8 (extreme outlier),,,
1033290325,3743.0,providers_a,sum_benes,MAD z-score >= 8 (extreme outlier),,,
1013997642,2750.0,providers_a,sum_benes,MAD z-score >= 8 (extreme outlier),,,
1033186960,2937.0,providers_a,sum_benes,MAD z-score >= 8 (extreme outlier),,,
1023097060,2519.0,providers_a,sum_benes,MAD z-score >= 8 (extreme outlier),,,
1043414642,10330.0,providers_a,sum_benes,MAD z-score >= 8 (extreme outlier),,,
1033567763,2700.0,providers_a,sum_benes,MAD z-score >= 8 (extreme outlier),,,
1043585904,2996.0,providers_a,sum_benes,MAD z-score >= 8 (extreme outlier),,,
1033192463,11270.0,providers_a,sum_benes,MAD z-score >= 8 (extreme outlier),,,
1023076072,2702.0,providers_a,sum_benes,MAD z-score >= 8 (extreme outlier),,,
1013020205,2509.0,providers_a,sum_benes,MAD z-score >= 8 (extreme outlier),,,
1013277821,6029.0,providers_a,sum_benes,MAD z-score >= 8 (extreme outlier),,,
1043263833,3981.0,providers_a,sum_benes,MAD z-score >= 8 (extreme outlier),,,
1043475866,7357.0,providers_a,sum_benes,MAD z-score >= 8 (extreme outlier),,,
1043205388,2637.0,providers_a,sum_benes,MAD z-score >= 8 (extreme outlier),,,
1003497819,2678.0,providers_a,sum_benes,MAD z-score >= 8 (extreme outlier),,,
1043497019,3035.0,providers_a,sum_benes,MAD z-score >= 8 (extreme outlier),,,
1023329513,2488.0,providers_a,sum_benes,MAD z-score >= 8 (extreme outlier),,,
1023067733,2745.0,providers_a,sum_benes,MAD z-score >= 8 (extreme outlier),,,
1043249485,6198.0,providers_a,sum_benes,MAD z-score >= 8 (extreme outlier),,,
1013964303,2502.0,providers_a,sum_benes,MAD z-score >= 8 (extreme outlier),,,
1003820572,3765.0,providers_a,sum_benes,MAD z-score >= 8 (extreme outlier),,,
1013042944,2892.0,providers_a,sum_benes,MAD z-score >= 8 (extreme outlier),,,
1003895004,2685.0,providers_a,sum_benes,MAD z-score >= 8 (extreme outlier),,,
1013962620,8645.0,providers_a,sum_benes,MAD z-score >= 8 (extreme outlier),,,
1023073699,3266.0,providers_a,sum_benes,MAD z-score >= 8 (extreme outlier),,,
1043657067,2703.0,providers_a,sum_benes,MAD z-score >= 8 (extreme outlier),,,
1023009909,12831.0,providers_a,sum_benes,MAD z-score >= 8 (extreme outlier),,,
1023012515,5264.0,providers_a,sum_benes,MAD z-score >= 8 (extreme outlier),,,
1033346739,2520.0,providers_a,sum_benes,MAD z-score >= 8 (extreme outlier),,,
1033300256,2607.0,providers_a,sum_benes,MAD z-score >= 8 (extreme outlier),,,
1003848565,3142.0,providers_a,sum_benes,MAD z-score >= 8 (extreme outlier),,,
1013158906,3368.0,providers_a,sum_benes,MAD z-score >= 8 (extreme outlier),,,
1043275282,4595.0,providers_a,sum_benes,MAD z-score >= 8 (extreme outlier),,,
1043270010,2659.0,providers_a,sum_benes,MAD z-score >= 8 (extreme outlier),,,
1043535602,3485.0,providers_a,sum_benes,MAD z-score >= 8 (extreme outlier),,,
1023065745,3268.0,providers_a,sum_benes,MAD z-score >= 8 (extreme outlier),,,
1053321851,2668.0,providers_a,sum_benes,MAD z-score >= 8 (extreme outlier),,,
1003064395,5092.0,providers_a,sum_benes,MAD z-score >= 8 (extreme outlier),,,
1023285921,2875.0,providers_a,sum_benes,MAD z-score >= 8 (extreme outlier),,,
1013907112,2529.0,providers_a,sum_benes,MAD z-score >= 8 (extreme outlier),,,
1043238876,2679.0,providers_a,sum_benes,MAD z-score >= 8 (extreme outlier),,,
1023065687,4544.0,providers_a,sum_benes,MAD z-score >= 8 (extreme outlier),,,
1033147517,3764.0,providers_a,sum_benes,MAD z-score >= 8 (extreme outlier),,,
1023022712,8267.0,providers_a,sum_benes,MAD z-score >= 8 (extreme outlier),,,
1033150941,3222.0,providers_a,sum_benes,MAD z-score >= 8 (extreme outlier),,,
1043234958,2566.0,providers_a,sum_benes,MAD z-score >= 8 (extreme outlier),,,
1003976416,3452.0,providers_a,sum_benes,MAD z-score >= 8 (extreme outlier),,,
1043375975,2727.0,providers_a,sum_benes,MAD z-score >= 8 (extreme outlier),,,
1033302385,2849.0,providers_a,sum_benes,MAD z-score >= 8 (extreme outlier),,,
1023163706,3581.0,providers_a,sum_benes,MAD z-score >= 8 (extreme outlier),,,
1003895681,4179.0,providers_a,sum_benes,MAD z-score >= 8 (extreme outlier),,,
1043249691,2492.0,providers_a,sum_benes,MAD z-score >= 8 (extreme outlier),,,
1023026234,9507.0,providers_a,sum_benes,MAD z-score >= 8 (extreme outlier),,,
1033374301,4286.0,providers_a,sum_benes,MAD z-score >= 8 (extreme outlier),,,
1013928225,2799.0,providers_a,sum_benes,MAD z-score >= 8 (extreme outlier),,,
1033229679,4430.0,providers_a,sum_benes,MAD z-score >= 8 (extreme outlier),,,
1003058652,4914.0,providers_a,sum_benes,MAD z-score >= 8 (extreme outlier),,,
1043226574,4635.0,providers_a,sum_benes,MAD z-score >= 8 (extreme outlier),,,
1043448723,3434.0,providers_a,sum_benes,MAD z-score >= 8 (extreme outlier),,,
1023314895,3205.0,providers_a,sum_benes,MAD z-score >= 8 (extreme outlier),,,
1023082641,2884.0,providers_a,sum_benes,MAD z-score >= 8 (extreme outlier),,,
1003158106,3102.0,providers_a,sum_benes,MAD z-score >= 8 (extreme outlier),,,
1033193024,18025.0,providers_a,sum_benes,MAD z-score >= 8 (extreme outlier),,,
1043205040,3353.0,providers_a,sum_benes,MAD z-score >= 8 (extreme outlier),,,
1043277361,2948.0,providers_a,sum_benes,MAD z-score >= 8 (extreme outlier),,,
1023100922,2613.0,providers_a,sum_benes,MAD z-score >= 8 (extreme outlier),,,
1003825035,5006.0,providers_a,sum_benes,MAD z-score >= 8 (extreme outlier),,,
1013965441,5038.0,providers_a,sum_benes,MAD z-score >= 8 (extreme outlier),,,
1003070129,5783.0,providers_a,sum_benes,MAD z-score >= 8 (extreme outlier),,,
1023026184,2657.0,providers_a,sum_benes,MAD z-score >= 8 (extreme outlier),,,
1033169438,5549.0,providers_a,sum_benes,MAD z-score >= 8 (extreme outlier),,,
1013016310,2888.0,providers_a,sum_benes,MAD z-score >= 8 (extreme outlier),,,
1033189584,2477.0,providers_a,sum_benes,MAD z-score >= 8 (extreme outlier),,,
1013938802,2538.0,providers_a,sum_benes,MAD z-score >= 8 (extreme outlier),,,
1013168194,6452.0,providers_a,sum_benes,MAD z-score >= 8 (extreme outlier),,,
1013974393,2498.0,providers_a,sum_benes,MAD z-score >= 8 (extreme outlier),,,
1043379944,2975.0,providers_a,sum_benes,MAD z-score >= 8 (extreme outlier),,,
1043325277,3242.0,providers_a,sum_benes,MAD z-score >= 8 (extreme outlier),,,
1043488844,2911.0,providers_a,sum_benes,MAD z-score >= 8 (extreme outlier),,,
1043368723,3199.0,providers_a,sum_benes,MAD z-score >= 8 (extreme outlier),,,
1003260456,3673.0,providers_a,sum_benes,MAD z-score >= 8 (extreme outlier),,,
1013989581,4044.0,providers_a,sum_benes,MAD z-score >= 8 (extreme outlier),,,
1003053653,3910.0,providers_a,sum_benes,MAD z-score >= 8 (extreme outlier),,,
1023786233,16834.0,providers_a,sum_benes,MAD z-score >= 8 (extreme outlier),,,
1053306316,2946.0,providers_a,sum_benes,MAD z-score >= 8 (extreme outlier),,,
1003086448,5165.0,providers_a,sum_benes,MAD z-score >= 8 (extreme outlier),,,
1043272305,8869.0,providers_a,sum_benes,MAD z-score >= 8 (extreme outlier),,,
1043741705,2644.0,providers_a,sum_benes,MAD z-score >= 8 (extreme outlier),,,
1043483050,3764.0,providers_a,sum_benes,MAD z-score >= 8 (extreme outlier),,,
1013942515,2523.0,providers_a,sum_benes,MAD z-score >= 8 (extreme outlier),,,
1003278110,3338.0,providers_a,sum_benes,MAD z-score >= 8 (extreme outlier),,,
1033151840,4414.0,providers_a,sum_benes,MAD z-score >= 8 (extreme outlier),,,
1013904606,2987.0,providers_a,sum_benes,MAD z-score >= 8 (extreme outlier),,,
1013975259,4878.0,providers_a,sum_benes,MAD z-score >= 8 (extreme outlier),,,
1023047503,4747.0,providers_a,sum_benes,MAD z-score >= 8 (extreme outlier),,,
1013929918,4398.0,providers_a,sum_benes,MAD z-score >= 8 (extreme outlier),,,
1023034428,3440.0,providers_a,sum_benes,MAD z-score >= 8 (extreme outlier),,,
1003011933,6075.0,providers_a,sum_benes,MAD z-score >= 8 (extreme outlier),,,
1003891359,16923.0,providers_a,sum_benes,MAD z-score >= 8 (extreme outlier),,,
1033538103,3729.0,providers_a,sum_benes,MAD z-score >= 8 (extreme outlier),,,
1053330639,4965.0,providers_a,sum_benes,MAD z-score >= 8 (extreme outlier),,,
1023079050,8765.0,providers_a,sum_benes,MAD z-score >= 8 (extreme outlier),,,
1033205265,5348.0,providers_a,sum_benes,MAD z-score >= 8 (extreme outlier),,,
1023001708,15678.0,providers_a,sum_benes,MAD z-score >= 8 (extreme outlier),,,
1043228414,3598.0,providers_a,sum_benes,MAD z-score >= 8 (extreme outlier),,,
1033605183,3848.0,providers_a,sum_benes,MAD z-score >= 8 (extreme outlier),,,
1043252174,3566.0,providers_a,sum_benes,MAD z-score >= 8 (extreme outlier),,,
1013167600,2913.0,providers_a,sum_benes,MAD z-score >= 8 (extreme outlier),,,
1033164330,5505.0,providers_a,sum_benes,MAD z-score >= 8 (extreme outlier),,,
1023236809,2475.0,providers_a,sum_benes,MAD z-score >= 8 (extreme outlier),,,
1013971407,3580.0,providers_a,sum_benes,MAD z-score >= 8 (extreme outlier),,,
1023276896,6696.0,providers_a,sum_benes,MAD z-score >= 8 (extreme outlier),,,
1013956473,4649.0,providers_a,sum_benes,MAD z-score >= 8 (extreme outlier),,,
1003163684,3239.0,providers_a,sum_benes,MAD z-score >= 8 (extreme outlier),,,
1023423118,4111.0,providers_a,sum_benes,MAD z-score >= 8 (extreme outlier),,,
1023007085,5081.0,providers_a,sum_benes,MAD z-score >= 8 (extreme outlier),,,
1033475124,5245.0,providers_a,sum_benes,MAD z-score >= 8 (extreme outlier),,,
1033126164,6399.0,providers_a,sum_benes,MAD z-score >= 8 (extreme outlier),,,
1003989757,4383.0,providers_a,sum_benes,MAD z-score >= 8 (extreme outlier),,,
1003082660,3646.0,providers_a,sum_benes,MAD z-score >= 8 (extreme outlier),,,
1003179433,2485.0,providers_a,sum_benes,MAD z-score >= 8 (extreme outlier),,,
1023261344,3481.0,providers_a,sum_benes,MAD z-score >= 8 (extreme outlier),,,
1023066412,4998.0,providers_a,sum_benes,MAD z-score >= 8 (extreme outlier),,,
1003943440,4738.0,providers_a,sum_benes,MAD z-score >= 8 (extreme outlier),,,
1043218225,5845.0,providers_a,sum_benes,MAD z-score >= 8 (extreme outlier),,,
1023003993,4758.0,providers_a,sum_benes,MAD z-score >= 8 (extreme outlier),,,
1043204407,6110.0,providers_a,sum_benes,MAD z-score >= 8 (extreme outlier),,,
1003922048,4805.0,providers_a,sum_benes,MAD z-score >= 8 (extreme outlier),,,
1043416381,3822.0,providers_a,sum_benes,MAD z-score >= 8 (extreme outlier),,,
1023089554,3591.0,providers_a,sum_benes,MAD z-score >= 8 (extreme outlier),,,
1003151671,4386.0,providers_a,sum_benes,MAD z-score >= 8 (extreme outlier),,,
1043253222,3160.0,providers_a,sum_benes,MAD z-score >= 8 (extreme outlier),,,
1033165329,4543.0,providers_a,sum_benes,MAD z-score >= 8 (extreme outlier),,,
1023351608,6309.0,providers_a,sum_benes,MAD z-score >= 8 (extreme outlier),,,
1043314883,2885.0,providers_a,sum_benes,MAD z-score >= 8 (extreme outlier),,,
1033428362,3057.0,providers_a,sum_benes,MAD z-score >= 8 (extreme outlier),,,
1003027533,3122.0,providers_a,sum_benes,MAD z-score >= 8 (extreme outlier),,,
1023084100,3961.0,providers_a,sum_benes,MAD z-score >= 8 (extreme outlier),,,
1013984699,2656.0,providers_a,sum_benes,MAD z-score >= 8 (extreme outlier),,,
1013987296,2583.0,providers_a,sum_benes,MAD z-score >= 8 (extreme outlier),,,
1013996172,4570.0,providers_a,sum_benes,MAD z-score >= 8 (extreme outlier),,,
1013118702,3804.0,providers_a,sum_benes,MAD z-score >= 8 (extreme outlier),,,
1053319210,4004.0,providers_a,sum_benes,MAD z-score >= 8 (extreme outlier),,,
1003960295,3274.0,providers_a,sum_benes,MAD z-score >= 8 (extreme outlier),,,
1003824509,2883.0,providers_a,sum_benes,MAD z-score >= 8 (extreme outlier),,,
1043251309,2961.0,providers_a,sum_benes,MAD z-score >= 8 (extreme outlier),,,
1013367119,3937.0,providers_a,sum_benes,MAD z-score >= 8 (extreme outlier),,,
1033236963,4954.0,providers_a,sum_benes,MAD z-score >= 8 (extreme outlier),,,
1043445554,4300.0,providers_a,sum_benes,MAD z-score >= 8 (extreme outlier),,,
1053310367,2486.0,providers_a,sum_benes,MAD z-score >= 8 (extreme outlier),,,
1023005568,3485.0,providers_a,sum_benes,MAD z-score >= 8 (extreme outlier),,,
1033282124,3663.0,providers_a,sum_benes,MAD z-score >= 8 (extreme outlier),,,
1013187764,3979.0,providers_a,sum_benes,MAD z-score >= 8 (extreme outlier),,,
1013909175,3715.0,providers_a,sum_benes,MAD z-score >= 8 (extreme outlier),,,
1013156462,2691.0,providers_a,sum_benes,MAD z-score >= 8 (extreme outlier),,,
1003135989,4136.0,providers_a,sum_benes,MAD z-score >= 8 (extreme outlier),,,
1033112420,3416.0,providers_a,sum_benes,MAD z-score >= 8 (extreme outlier),,,
1023052990,6157.0,providers_a,sum_benes,MAD z-score >= 8 (extreme outlier),,,
1053343368,3338.0,providers_a,sum_benes,MAD z-score >= 8 (extreme outlier),,,
1003267956,3676.0,providers_a,sum_benes,MAD z-score >= 8 (extreme outlier),,,
1043203888,8336.0,providers_a,sum_benes,MAD z-score >= 8 (extreme outlier),,,
1003197088,2926.0,providers_a,sum_benes,MAD z-score >= 8 (extreme outlier),,,
1043256886,908000.0,providers_a,sum_benes,MAD z-score >= 8 (extreme outlier),,,
1023045523,3327.0,providers_a,sum_benes,MAD z-score >= 8 (extreme outlier),,,
1023079951,4292.0,providers_a,sum_benes,MAD z-score >= 8 (extreme outlier),,,
1023067378,2660.0,providers_a,sum_benes,MAD z-score >= 8 (extreme outlier),,,
1003883877,4480.0,providers_a,sum_benes,MAD z-score >= 8 (extreme outlier),,,
1023387339,4181.0,providers_a,sum_benes,MAD z-score >= 8 (extreme outlier),,,
1013949346,12589.0,providers_a,sum_benes,MAD z-score >= 8 (extreme outlier),,,
1013901545,4416.0,providers_a,sum_benes,MAD z-score >= 8 (extreme outlier),,,
1013182591,2924.0,providers_a,sum_benes,MAD z-score >= 8 (extreme outlier),,,
1023093309,3093.0,providers_a,sum_benes,MAD z-score >= 8 (extreme outlier),,,
1013178227,3564.0,providers_a,sum_benes,MAD z-score >= 8 (extreme outlier),,,
1013973429,2622.0,providers_a,sum_benes,MAD z-score >= 8 (extreme outlier),,,
1033442496,3292.0,providers_a,sum_benes,MAD z-score >= 8 (extreme outlier),,,
1003842618,3962.0,providers_a,sum_benes,MAD z-score >= 8 (extreme outlier),,,
1023091121,4659.0,providers_a,sum_benes,MAD z-score >= 8 (extreme outlier),,,
1043393366,3308.0,providers_a,sum_benes,MAD z-score >= 8 (extreme outlier),,,
1003807116,3220.0,providers_a,sum_benes,MAD z-score >= 8 (extreme outlier),,,
1003888074,4121.0,providers_a,sum_benes,MAD z-score >= 8 (extreme outlier),,,
1003477134,4323.0,providers_a,sum_benes,MAD z-score >= 8 (extreme outlier),,,
1033501416,4739.0,providers_a,sum_benes,MAD z-score >= 8 (extreme outlier),,,
1053323493,2684.0,providers_a,sum_benes,MAD z-score >= 8 (extreme outlier),,,
1003044199,5804.0,providers_a,sum_benes,MAD z-score >= 8 (extreme outlier),,,
1023253556,110740.0,providers_a,sum_benes,MAD z-score >= 8 (extreme outlier),,,
1013937150,2450.0,providers_a,sum_benes,MAD z-score >= 8 (extreme outlier),,,
1013970920,4252.0,providers_a,sum_benes,MAD z-score >= 8 (extreme outlier),,,
1023457827,2740.0,providers_a,sum_benes,MAD z-score >= 8 (extreme outlier),,,
1043256787,5019.0,providers_a,sum_benes,MAD z-score >= 8 (extreme outlier),,,
1043223431,7277.0,providers_a,sum_benes,MAD z-score >= 8 (extreme outlier),,,
1053328559,2845.0,providers_a,sum_benes,MAD z-score >= 8 (extreme outlier),,,
1023079365,2568.0,providers_a,sum_benes,MAD z-score >= 8 (extreme outlier),,,
1013142074,3030.0,providers_a,sum_benes,MAD z-score >= 8 (extreme outlier),,,
1013079441,2556.0,providers_a,sum_benes,MAD z-score >= 8 (extreme outlier),,,
1003042912,5719.0,providers_a,sum_benes,MAD z-score >= 8 (extreme outlier),,,
1033198510,2586.0,providers_a,sum_benes,MAD z-score >= 8 (extreme outlier),,,
1023051299,2686.0,providers_a,sum_benes,MAD z-score >= 8 (extreme outlier),,,
1013911072,2738.0,providers_a,sum_benes,MAD z-score >= 8 (extreme outlier),,,
1013901925,8958.0,providers_a,sum_benes,MAD z-score >= 8 (extreme outlier),,,
1043463029,2745.0,providers_a,sum_benes,MAD z-score >= 8 (extreme outlier),,,
1023244498,7412.0,providers_a,sum_benes,MAD z-score >= 8 (extreme outlier),,,
1013973866,111794.0,providers_a,sum_benes,MAD z-score >= 8 (extreme outlier),,,
1023479623,230803.0,providers_a,sum_benes,MAD z-score >= 8 (extreme outlier),,,
1023016656,4009.0,providers_a,sum_benes,MAD z-score >= 8 (extreme outlier),,,
1013924828,3784.0,providers_a,sum_benes,MAD z-score >= 8 (extreme outlier),,,
1043411168,3668.0,providers_a,sum_benes,MAD z-score >= 8 (extreme outlier),,,
1013910645,3052.0,providers_a,sum_benes,MAD z-score >= 8 (extreme outlier),,,
1033118419,3522.0,providers_a,sum_benes,MAD z-score >= 8 (extreme outlier),,,
1033281324,149436.0,providers_a,sum_benes,MAD z-score >= 8 (extreme outlier),,,
1043254568,3484.0,providers_a,sum_benes,MAD z-score >= 8 (extreme outlier),,,
1033196472,4876.0,providers_a,sum_benes,MAD z-score >= 8 (extreme outlier),,,
1043574049,2691.0,providers_a,sum_benes,MAD z-score >= 8 (extreme outlier),,,
1003044702,2493.0,providers_a,sum_benes,MAD z-score >= 8 (extreme outlier),,,
1023186061,3267.0,providers_a,sum_benes,MAD z-score >= 8 (extreme outlier),,,
1033406780,6724.0,providers_a,sum_benes,MAD z-score >= 8 (extreme outlier),,,
1003803552,3702.0,providers_a,sum_benes,MAD z-score >= 8 (extreme outlier),,,
1013926039,5144.0,providers_a,sum_benes,MAD z-score >= 8 (extreme outlier),,,
1053301945,3561.0,providers_a,sum_benes,MAD z-score >= 8 (extreme outlier),,,
1023191525,7371.0,providers_a,sum_benes,MAD z-score >= 8 (extreme outlier),,,
1003179284,3077.0,providers_a,sum_benes,MAD z-score >= 8 (extreme outlier),,,
1013065267,2942.0,providers_a,sum_benes,MAD z-score >= 8 (extreme outlier),,,
1043249543,2776.0,providers_a,sum_benes,MAD z-score >= 8 (extreme outlier),,,
1013177401,2941.0,providers_a,sum_benes,MAD z-score >= 8 (extreme outlier),,,
1053326876,2594.0,providers_a,sum_benes,MAD z-score >= 8 (extreme outlier),,,
1033101902,2760.0,providers_a,sum_benes,MAD z-score >= 8 (extreme outlier),,,
1033187133,3698.0,providers_a,sum_benes,MAD z-score >= 8 (extreme outlier),,,
1043537871,3435.0,providers_a,sum_benes,MAD z-score >= 8 (extreme outlier),,,
1043285190,4706.0,providers_a,sum_benes,MAD z-score >= 8 (extreme outlier),,,
1003190711,5482.0,providers_a,sum_benes,MAD z-score >= 8 (extreme outlier),,,
1053315432,3574.0,providers_a,sum_benes,MAD z-score >= 8 (extreme outlier),,,
1033115233,2768.0,providers_a,sum_benes,MAD z-score >= 8 (extreme outlier),,,
1043654015,3134.0,providers_a,sum_benes,MAD z-score >= 8 (extreme outlier),,,
1013149012,2566.0,providers_a,sum_benes,MAD z-score >= 8 (extreme outlier),,,
1023076494,2691.0,providers_a,sum_benes,MAD z-score >= 8 (extreme outlier),,,
1003868811,3361.0,providers_a,sum_benes,MAD z-score >= 8 (extreme outlier),,,
1043437676,2628.0,providers_a,sum_benes,MAD z-score >= 8 (extreme outlier),,,
1023062866,2894.0,providers_a,sum_benes,MAD z-score >= 8 (extreme outlier),,,
1033271846,9523.0,providers_a,sum_benes,MAD z-score >= 8 (extreme outlier),,,
1003055179,2728.0,providers_a,sum_benes,MAD z-score >= 8 (extreme outlier),,,
1053301879,2649.0,providers_a,sum_benes,MAD z-score >= 8 (extreme outlier),,,
1033187950,2480.0,providers_a,sum_benes,MAD z-score >= 8 (extreme outlier),,,
1033145701,3797.0,providers_a,sum_benes,MAD z-score >= 8 (extreme outlier),,,
1043451461,3803.0,providers_a,sum_benes,MAD z-score >= 8 (extreme outlier),,,
1043473036,2622.0,providers_a,sum_benes,MAD z-score >= 8 (extreme outlier),,,
1023037462,3524.0,providers_a,sum_benes,MAD z-score >= 8 (extreme outlier),,,
1023016060,3122.0,providers_a,sum_benes,MAD z-score >= 8 (extreme outlier),,,
1023012010,4537.0,providers_a,sum_benes,MAD z-score >= 8 (extreme outlier),,,
1023031598,3687.0,providers_a,sum_benes,MAD z-score >= 8 (extreme outlier),,,
1023097680,4446.0,providers_a,sum_benes,MAD z-score >= 8 (extreme outlier),,,
1013946334,3896.0,providers_a,sum_benes,MAD z-score >= 8 (extreme outlier),,,
1033114988,10637.0,providers_a,sum_benes,MAD z-score >= 8 (extreme outlier),,,
1033566435,4904.0,providers_a,sum_benes,MAD z-score >= 8 (extreme outlier),,,
1023114287,5435.0,providers_a,sum_benes,MAD z-score >= 8 (extreme outlier),,,
1043300551,3142.0,providers_a,sum_benes,MAD z-score >= 8 (extreme outlier),,,
1013911049,7807.0,providers_a,sum_benes,MAD z-score >= 8 (extreme outlier),,,
1043304389,3573.0,providers_a,sum_benes,MAD z-score >= 8 (extreme outlier),,,
1023758620,2496.0,providers_a,sum_benes,MAD z-score >= 8 (extreme outlier),,,
1023297017,7480.0,providers_a,sum_benes,MAD z-score >= 8 (extreme outlier),,,
1043244668,2977.0,providers_a,sum_benes,MAD z-score >= 8 (extreme outlier),,,
1013956796,4120.0,providers_a,sum_benes,MAD z-score >= 8 (extreme outlier),,,
1033191424,3041.0,providers_a,sum_benes,MAD z-score >= 8 (extreme outlier),,,
1003056755,3245.0,providers_a,sum_benes,MAD z-score >= 8 (extreme outlier),,,
1003090093,3837.0,providers_a,sum_benes,MAD z-score >= 8 (extreme outlier),,,
1013910223,3300.0,providers_a,sum_benes,MAD z-score >= 8 (extreme outlier),,,
1013091958,2821.0,providers_a,sum_benes,MAD z-score >= 8 (extreme outlier),,,
1043260342,5586.0,providers_a,sum_benes,MAD z-score >= 8 (extreme outlier),,,
1023222650,2491.0,providers_a,sum_benes,MAD z-score >= 8 (extreme outlier),,,
1003816281,2516.0,providers_a,sum_benes,MAD z-score >= 8 (extreme outlier),,,
1043215288,3287.0,providers_a,sum_benes,MAD z-score >= 8 (extreme outlier),,,
1023076833,3472.0,providers_a,sum_benes,MAD z-score >= 8 (extreme outlier),,,
1033306568,3347.0,providers_a,sum_benes,MAD z-score >= 8 (extreme outlier),,,
1013350636,3556.0,providers_a,sum_benes,MAD z-score >= 8 (extreme outlier),,,
1013957125,3940.0,providers_a,sum_benes,MAD z-score >= 8 (extreme outlier),,,
1013939297,4089.0,providers_a,sum_benes,MAD z-score >= 8 (extreme outlier),,,
1003914227,5186.0,providers_a,sum_benes,MAD z-score >= 8 (extreme outlier),,,
1053322198,5644.0,providers_a,sum_benes,MAD z-score >= 8 (extreme outlier),,,
1013402148,3535.0,providers_a,sum_benes,MAD z-score >= 8 (extreme outlier),,,
1013969583,3002.0,providers_a,sum_benes,MAD z-score >= 8 (extreme outlier),,,
1043214026,2631.0,providers_a,sum_benes,MAD z-score >= 8 (extreme outlier),,,
1023221926,3995.0,providers_a,sum_benes,MAD z-score >= 8 (extreme outlier),,,
1003875360,3981.0,providers_a,sum_benes,MAD z-score >= 8 (extreme outlier),,,
1023054202,2481.0,providers_a,sum_benes,MAD z-score >= 8 (extreme outlier),,,
1003868894,5427.0,providers_a,sum_benes,MAD z-score >= 8 (extreme outlier),,,
1023211703,5154.0,providers_a,sum_benes,MAD z-score >= 8 (extreme outlier),,,
1043213176,4798.0,providers_a,sum_benes,MAD z-score >= 8 (extreme outlier),,,
1043262637,5640.0,providers_a,sum_benes,MAD z-score >= 8 (extreme outlier),,,
1023467438,4627.0,providers_a,sum_benes,MAD z-score >= 8 (extreme outlier),,,
1033191986,4149.0,providers_a,sum_benes,MAD z-score >= 8 (extreme outlier),,,
1043509151,9178.0,providers_a,sum_benes,MAD z-score >= 8 (extreme outlier),,,
1043397656,2636.0,providers_a,sum_benes,MAD z-score >= 8 (extreme outlier),,,
1053327445,3399.0,providers_a,sum_benes,MAD z-score >= 8 (extreme outlier),,,
1053345629,2919.0,providers_a,sum_benes,MAD z-score >= 8 (extreme outlier),,,
1013078880,3734.0,providers_a,sum_benes,MAD z-score >= 8 (extreme outlier),,,
1033214689,2712.0,providers_a,sum_benes,MAD z-score >= 8 (extreme outlier),,,
1003833781,5652.0,providers_a,sum_benes,MAD z-score >= 8 (extreme outlier),,,
1043416498,3776.0,providers_a,sum_benes,MAD z-score >= 8 (extreme outlier),,,
1013909258,2506.0,providers_a,sum_benes,MAD z-score >= 8 (extreme outlier),,,
1003025594,7100.0,providers_a,sum_benes,MAD z-score >= 8 (extreme outlier),,,
1023013059,5892.0,providers_a,sum_benes,MAD z-score >= 8 (extreme outlier),,,
1043279730,4060.0,providers_a,sum_benes,MAD z-score >= 8 (extreme outlier),,,
1033114228,2909.0,providers_a,sum_benes,MAD z-score >= 8 (extreme outlier),,,
1003255761,2590.0,providers_a,sum_benes,MAD z-score >= 8 (extreme outlier),,,
1053302125,3080.0,providers_a,sum_benes,MAD z-score >= 8 (extreme outlier),,,
1043245764,3191.0,providers_a,sum_benes,MAD z-score >= 8 (extreme outlier),,,
1013912591,2481.0,providers_a,sum_benes,MAD z-score >= 8 (extreme outlier),,,
1033168588,5706.0,providers_a,sum_benes,MAD z-score >= 8 (extreme outlier),,,
1043205016,4056.0,providers_a,sum_benes,MAD z-score >= 8 (extreme outlier),,,
1013996669,3842.0,providers_a,sum_benes,MAD z-score >= 8 (extreme outlier),,,
1003838012,4418.0,providers_a,sum_benes,MAD z-score >= 8 (extreme outlier),,,
1013963727,2571.0,providers_a,sum_benes,MAD z-score >= 8 (extreme outlier),,,
1043271240,5367.0,providers_a,sum_benes,MAD z-score >= 8 (extreme outlier),,,
1043290778,8395.0,providers_a,sum_benes,MAD z-score >= 8 (extreme outlier),,,
1013162817,3694.0,providers_a,sum_benes,MAD z-score >= 8 (extreme outlier),,,
1033290093,5341.0,providers_a,sum_benes,MAD z-score >= 8 (extreme outlier),,,
1043591514,2525.0,providers_a,sum_benes,MAD z-score >= 8 (extreme outlier),,,
1033131008,2810.0,providers_a,sum_benes,MAD z-score >= 8 (extreme outlier),,,
1033280128,5702.0,providers_a,sum_benes,MAD z-score >= 8 (extreme outlier),,,
1043279748,3727.0,providers_a,sum_benes,MAD z-score >= 8 (extreme outlier),,,
1043274145,6207.0,providers_a,sum_benes,MAD z-score >= 8 (extreme outlier),,,
1003001363,2750.0,providers_a,sum_benes,MAD z-score >= 8 (extreme outlier),,,
1033369327,2840.0,providers_a,sum_benes,MAD z-score >= 8 (extreme outlier),,,
1003841875,12114.0,providers_a,sum_benes,MAD z-score >= 8 (extreme outlier),,,
1003800848,3248.0,providers_a,sum_benes,MAD z-score >= 8 (extreme outlier),,,
1023189214,5209.0,providers_a,sum_benes,MAD z-score >= 8 (extreme outlier),,,
1023092160,3682.0,providers_a,sum_benes,MAD z-score >= 8 (extreme outlier),,,
1023278371,3209.0,providers_a,sum_benes,MAD z-score >= 8 (extreme outlier),,,
1003876053,5152.0,providers_a,sum_benes,MAD z-score >= 8 (extreme outlier),,,
1033378344,3445.0,providers_a,sum_benes,MAD z-score >= 8 (extreme outlier),,,
1023438090,2732.0,providers_a,sum_benes,MAD z-score >= 8 (extreme outlier),,,
1043298656,3849.0,providers_a,sum_benes,MAD z-score >= 8 (extreme outlier),,,
1043250111,8586.0,providers_a,sum_benes,MAD z-score >= 8 (extreme outlier),,,
1043299787,3243.0,providers_a,sum_benes,MAD z-score >= 8 (extreme outlier),,,
1013181833,3783.0,providers_a,sum_benes,MAD z-score >= 8 (extreme outlier),,,
1013250240,3774.0,providers_a,sum_benes,MAD z-score >= 8 (extreme outlier),,,
1033320338,3779.0,providers_a,sum_benes,MAD z-score >= 8 (extreme outlier),,,
1033440631,11183.0,providers_a,sum_benes,MAD z-score >= 8 (extreme outlier),,,
1043337439,3718.0,providers_a,sum_benes,MAD z-score >= 8 (extreme outlier),,,
1033242581,2736.0,providers_a,sum_benes,MAD z-score >= 8 (extreme outlier),,,
1023055472,8662.0,providers_a,sum_benes,MAD z-score >= 8 (extreme outlier),,,
1013905629,6388.0,providers_a,sum_benes,MAD z-score >= 8 (extreme outlier),,,
1013913490,4269.0,providers_a,sum_benes,MAD z-score >= 8 (extreme outlier),,,
1013956697,3923.0,providers_a,sum_benes,MAD z-score >= 8 (extreme outlier),,,
1013457050,2541.0,providers_a,sum_benes,MAD z-score >= 8 (extreme outlier),,,
1043360043,2572.0,providers_a,sum_benes,MAD z-score >= 8 (extreme outlier),,,
1043605066,2660.0,providers_a,sum_benes,MAD z-score >= 8 (extreme outlier),,,
1023384088,3054.0,providers_a,sum_benes,MAD z-score >= 8 (extreme outlier),,,
1043286065,3560.0,providers_a,sum_benes,MAD z-score >= 8 (extreme outlier),,,
1033420260,5598.0,providers_a,sum_benes,MAD z-score >= 8 (extreme outlier),,,
1003851726,8409.0,providers_a,sum_benes,MAD z-score >= 8 (extreme outlier),,,
1043348097,3150.0,providers_a,sum_benes,MAD z-score >= 8 (extreme outlier),,,
1013928886,3261.0,providers_a,sum_benes,MAD z-score >= 8 (extreme outlier),,,
1043266281,4957.0,providers_a,sum_benes,MAD z-score >= 8 (extreme outlier),,,
1033312129,3880.0,providers_a,sum_benes,MAD z-score >= 8 (extreme outlier),,,
1013989441,3260.0,providers_a,sum_benes,MAD z-score >= 8 (extreme outlier),,,
1033226030,21965.0,providers_a,sum_benes,MAD z-score >= 8 (extreme outlier),,,
1003820150,4403.0,providers_a,sum_benes,MAD z-score >= 8 (extreme outlier),,,
1003007816,3780.0,providers_a,sum_benes,MAD z-score >= 8 (extreme outlier),,,
1053326777,5573.0,providers_a,sum_benes,MAD z-score >= 8 (extreme outlier),,,
1053302281,2602.0,providers_a,sum_benes,MAD z-score >= 8 (extreme outlier),,,
1043328735,3863.0,providers_a,sum_benes,MAD z-score >= 8 (extreme outlier),,,
1003886946,3397.0,providers_a,sum_benes,MAD z-score >= 8 (extreme outlier),,,
1043291875,4156.0,providers_a,sum_benes,MAD z-score >= 8 (extreme outlier),,,
1023251626,2570.0,providers_a,sum_benes,MAD z-score >= 8 (extreme outlier),,,
1023096955,2521.0,providers_a,sum_benes,MAD z-score >= 8 (extreme outlier),,,
1003260597,4037.0,providers_a,sum_benes,MAD z-score >= 8 (extreme outlier),,,
1043697337,27068.0,providers_a,sum_benes,MAD z-score >= 8 (extreme outlier),,,
1003560640,8315.0,providers_a,sum_benes,MAD z-score >= 8 (extreme outlier),,,
1013175173,2553.0,providers_a,sum_benes,MAD z-score >= 8 (extreme outlier),,,
1033119599,3669.0,providers_a,sum_benes,MAD z-score >= 8 (extreme outlier),,,
1013484864,3093.0,providers_a,sum_benes,MAD z-score >= 8 (extreme outlier),,,
1003044876,5256.0,providers_a,sum_benes,MAD z-score >= 8 (extreme outlier),,,
1003805045,3887.0,providers_a,sum_benes,MAD z-score >= 8 (extreme outlier),,,
1043495997,6407.0,providers_a,sum_benes,MAD z-score >= 8 (extreme outlier),,,
1053349407,2598.0,providers_a,sum_benes,MAD z-score >= 8 (extreme outlier),,,
1033293576,5611.0,providers_a,sum_benes,MAD z-score >= 8 (extreme outlier),,,
1043215239,3153.0,providers_a,sum_benes,MAD z-score >= 8 (extreme outlier),,,
1023022522,2869.0,providers_a,sum_benes,MAD z-score >= 8 (extreme outlier),,,
1033308531,4466.0,providers_a,sum_benes,MAD z-score >= 8 (extreme outlier),,,
1033102868,3677.0,providers_a,sum_benes,MAD z-score >= 8 (extreme outlier),,,
1013968817,3026.0,providers_a,sum_benes,MAD z-score >= 8 (extreme outlier),,,
1053083006,23333.0,providers_a,sum_benes,MAD z-score >= 8 (extreme outlier),,,
1043445141,3229.0,providers_a,sum_benes,MAD z-score >= 8 (extreme outlier),,,
1033189501,3020.0,providers_a,sum_benes,MAD z-score >= 8 (extreme outlier),,,
1013986918,3364.0,providers_a,sum_benes,MAD z-score >= 8 (extreme outlier),,,
1003842477,2450.0,providers_a,sum_benes,MAD z-score >= 8 (extreme outlier),,,
1023099587,2735.0,providers_a,sum_benes,MAD z-score >= 8 (extreme outlier),,,
1043279854,5208.0,providers_a,sum_benes,MAD z-score >= 8 (extreme outlier),,,
1043716079,3186.0,providers_a,sum_benes,MAD z-score >= 8 (extreme outlier),,,
1043636921,283279.0,providers_a,sum_benes,MAD z-score >= 8 (extreme outlier),,,
1013912708,3877.0,providers_a,sum_benes,MAD z-score >= 8 (extreme outlier),,,
1003831066,2729.0,providers_a,sum_benes,MAD z-score >= 8 (extreme outlier),,,
1003976564,2673.0,providers_a,sum_benes,MAD z-score >= 8 (extreme outlier),,,
1023078698,2960.0,providers_a,sum_benes,MAD z-score >= 8 (extreme outlier),,,
1033653431,3295.0,providers_a,sum_benes,MAD z-score >= 8 (extreme outlier),,,
1013917996,7839.0,providers_a,sum_benes,MAD z-score >= 8 (extreme outlier),,,
1053350728,2864.0,providers_a,sum_benes,MAD z-score >= 8 (extreme outlier),,,
1023011244,5649.0,providers_a,sum_benes,MAD z-score >= 8 (extreme outlier),,,
1013270875,3364.0,providers_a,sum_benes,MAD z-score >= 8 (extreme outlier),,,
1023099322,4349.0,providers_a,sum_benes,MAD z-score >= 8 (extreme outlier),,,
1023277654,3597.0,providers_a,sum_benes,MAD z-score >= 8 (extreme outlier),,,
1003816638,2940.0,providers_a,sum_benes,MAD z-score >= 8 (extreme outlier),,,
1013316009,4347.0,providers_a,sum_benes,MAD z-score >= 8 (extreme outlier),,,
1023213634,4269.0,providers_a,sum_benes,MAD z-score >= 8 (extreme outlier),,,
1013353150,3640.0,providers_a,sum_benes,MAD z-score >= 8 (extreme outlier),,,
1003925785,3398.0,providers_a,sum_benes,MAD z-score >= 8 (extreme outlier),,,
1023143302,5663.0,providers_a,sum_benes,MAD z-score >= 8 (extreme outlier),,,
1033820899,27845.0,providers_a,sum_benes,MAD z-score >= 8 (extreme outlier),,,
1033159850,2599.0,providers_a,sum_benes,MAD z-score >= 8 (extreme outlier),,,
1023019429,3462.0,providers_a,sum_benes,MAD z-score >= 8 (extreme outlier),,,
1013932250,9689.0,providers_a,sum_benes,MAD z-score >= 8 (extreme outlier),,,
1043396732,5666.0,providers_a,sum_benes,MAD z-score >= 8 (extreme outlier),,,
1023429941,4387.0,providers_a,sum_benes,MAD z-score >= 8 (extreme outlier),,,
1023081130,3455.0,providers_a,sum_benes,MAD z-score >= 8 (extreme outlier),,,
1023077609,3238.0,providers_a,sum_benes,MAD z-score >= 8 (extreme outlier),,,
1013979673,5417.0,providers_a,sum_benes,MAD z-score >= 8 (extreme outlier),,,
1023068475,3118.0,providers_a,sum_benes,MAD z-score >= 8 (extreme outlier),,,
1023104007,22088.0,providers_a,sum_benes,MAD z-score >= 8 (extreme outlier),,,
1023065828,3707.0,providers_a,sum_benes,MAD z-score >= 8 (extreme outlier),,,
1033309240,3278.0,providers_a,sum_benes,MAD z-score >= 8 (extreme outlier),,,
1023266442,2474.0,providers_a,sum_benes,MAD z-score >= 8 (extreme outlier),,,
1033192497,3716.0,providers_a,sum_benes,MAD z-score >= 8 (extreme outlier),,,
1013378496,3099.0,providers_a,sum_benes,MAD z-score >= 8 (extreme outlier),,,
1023066487,4872.0,providers_a,sum_benes,MAD z-score >= 8 (extreme outlier),,,
1043200785,3394.0,providers_a,sum_benes,MAD z-score >= 8 (extreme outlier),,,
1043269699,6079.0,providers_a,sum_benes,MAD z-score >= 8 (extreme outlier),,,
1033230453,2900.0,providers_a,sum_benes,MAD z-score >= 8 (extreme outlier),,,
1043288368,2859.0,providers_a,sum_benes,MAD z-score >= 8 (extreme outlier),,,
1043204712,2455.0,providers_a,sum_benes,MAD z-score >= 8 (extreme outlier),,,
1003034851,2775.0,providers_a,sum_benes,MAD z-score >= 8 (extreme outlier),,,
1043375330,3640.0,providers_a,sum_benes,MAD z-score >= 8 (extreme outlier),,,
1033398532,2589.0,providers_a,sum_benes,MAD z-score >= 8 (extreme outlier),,,
1043218928,6748.0,providers_a,sum_benes,MAD z-score >= 8 (extreme outlier),,,
1013907609,5576.0,providers_a,sum_benes,MAD z-score >= 8 (extreme outlier),,,
1053306381,3656.0,providers_a,sum_benes,MAD z-score >= 8 (extreme outlier),,,
1023076874,7292.0,providers_a,sum_benes,MAD z-score >= 8 (extreme outlier),,,
1013998715,6109.0,providers_a,sum_benes,MAD z-score >= 8 (extreme outlier),,,
1043265093,3569.0,providers_a,sum_benes,MAD z-score >= 8 (extreme outlier),,,
1013005685,4734.0,providers_a,sum_benes,MAD z-score >= 8 (extreme outlier),,,
1013944156,3825.0,providers_a,sum_benes,MAD z-score >= 8 (extreme outlier),,,
1043253370,3552.0,providers_a,sum_benes,MAD z-score >= 8 (extreme outlier),,,
1013951755,2942.0,providers_a,sum_benes,MAD z-score >= 8 (extreme outlier),,,
1043266935,2469.0,providers_a,sum_benes,MAD z-score >= 8 (extreme outlier),,,
1033451711,4815.0,providers_a,sum_benes,MAD z-score >= 8 (extreme outlier),,,
1033111554,8752.0,providers_a,sum_benes,MAD z-score >= 8 (extreme outlier),,,
1003904467,3274.0,providers_a,sum_benes,MAD z-score >= 8 (extreme outlier),,,
1013193176,3473.0,providers_a,sum_benes,MAD z-score >= 8 (extreme outlier),,,
1033359096,6763.0,providers_a,sum_benes,MAD z-score >= 8 (extreme outlier),,,
1033133343,3568.0,providers_a,sum_benes,MAD z-score >= 8 (extreme outlier),,,
1023082088,2730.0,providers_a,sum_benes,MAD z-score >= 8 (extreme outlier),,,
1023022407,3825.0,providers_a,sum_benes,MAD z-score >= 8 (extreme outlier),,,
1013907559,6472.0,providers_a,sum_benes,MAD z-score >= 8 (extreme outlier),,,
1043389935,3039.0,providers_a,sum_benes,MAD z-score >= 8 (extreme outlier),,,
1013969039,3674.0,providers_a,sum_benes,MAD z-score >= 8 (extreme outlier),,,
1043476815,3179.0,providers_a,sum_benes,MAD z-score >= 8 (extreme outlier),,,
1023111507,2904.0,providers_a,sum_benes,MAD z-score >= 8 (extreme outlier),,,
1023077401,5266.0,providers_a,sum_benes,MAD z-score >= 8 (extreme outlier),,,
1023016052,2476.0,providers_a,sum_benes,MAD z-score >= 8 (extreme outlier),,,
1033115209,16023.0,providers_a,sum_benes,MAD z-score >= 8 (extreme outlier),,,
1023125937,3122.0,providers_a,sum_benes,MAD z-score >= 8 (extreme outlier),,,
1013463157,4680.0,providers_a,sum_benes,MAD z-score >= 8 (extreme outlier),,,
1013058213,2669.0,providers_a,sum_benes,MAD z-score >= 8 (extreme outlier),,,
1003013533,2480.0,providers_a,sum_benes,MAD z-score >= 8 (extreme outlier),,,
1003156472,5420.0,providers_a,sum_benes,MAD z-score >= 8 (extreme outlier),,,
1013077395,4595.0,providers_a,sum_benes,MAD z-score >= 8 (extreme outlier),,,
1003845660,2504.0,providers_a,sum_benes,MAD z-score >= 8 (extreme outlier),,,
1023083854,18531.0,providers_a,sum_benes,MAD z-score >= 8 (extreme outlier),,,
1003071051,3714.0,providers_a,sum_benes,MAD z-score >= 8 (extreme outlier),,,
1013943950,2949.0,providers_a,sum_benes,MAD z-score >= 8 (extreme outlier),,,
1033101639,2799.0,providers_a,sum_benes,MAD z-score >= 8 (extreme outlier),,,
1023081809,3720.0,providers_a,sum_benes,MAD z-score >= 8 (extreme outlier),,,
1033782560,3604.0,providers_a,sum_benes,MAD z-score >= 8 (extreme outlier),,,
1043241987,4247.0,providers_a,sum_benes,MAD z-score >= 8 (extreme outlier),,,
1003868753,3235.0,providers_a,sum_benes,MAD z-score >= 8 (extreme outlier),,,
1003962416,2500.0,providers_a,sum_benes,MAD z-score >= 8 (extreme outlier),,,
1023025434,8763.0,providers_a,sum_benes,MAD z-score >= 8 (extreme outlier),,,
1053331215,2480.0,providers_a,sum_benes,MAD z-score >= 8 (extreme outlier),,,
1023055761,3159.0,providers_a,sum_benes,MAD z-score >= 8 (extreme outlier),,,
1013281609,6179.0,providers_a,sum_benes,MAD z-score >= 8 (extreme outlier),,,
1043252042,2742.0,providers_a,sum_benes,MAD z-score >= 8 (extreme outlier),,,
1043255292,3076.0,providers_a,sum_benes,MAD z-score >= 8 (extreme outlier),,,
1003187881,7928.0,providers_a,sum_benes,MAD z-score >= 8 (extreme outlier),,,
1043321284,3468.0,providers_a,sum_benes,MAD z-score >= 8 (extreme outlier),,,
1013965359,3875.0,providers_a,sum_benes,MAD z-score >= 8 (extreme outlier),,,
1023057916,2797.0,providers_a,sum_benes,MAD z-score >= 8 (extreme outlier),,,
1033376132,2667.0,providers_a,sum_benes,MAD z-score >= 8 (extreme outlier),,,
1043519838,6338.0,providers_a,sum_benes,MAD z-score >= 8 (extreme outlier),,,
1003034810,3601.0,providers_a,sum_benes,MAD z-score >= 8 (extreme outlier),,,
1003128703,3413.0,providers_a,sum_benes,MAD z-score >= 8 (extreme outlier),,,
1003142084,2610.0,providers_a,sum_benes,MAD z-score >= 8 (extreme outlier),,,
1013151810,5478.0,providers_a,sum_benes,MAD z-score >= 8 (extreme outlier),,,
1033749940,9352.0,providers_a,sum_benes,MAD z-score >= 8 (extreme outlier),,,
1013970870,5186.0,providers_a,sum_benes,MAD z-score >= 8 (extreme outlier),,,
1033212915,2550.0,providers_a,sum_benes,MAD z-score >= 8 (extreme outlier),,,
1033190228,2644.0,providers_a,sum_benes,MAD z-score >= 8 (extreme outlier),,,
1033135314,4447.0,providers_a,sum_benes,MAD z-score >= 8 (extreme outlier),,,
1033373691,4658.0,providers_a,sum_benes,MAD z-score >= 8 (extreme outlier),,,
1033302112,2749.0,providers_a,sum_benes,MAD z-score >= 8 (extreme outlier),,,
1043252240,4532.0,providers_a,sum_benes,MAD z-score >= 8 (extreme outlier),,,
1023021854,2837.0,providers_a,sum_benes,MAD z-score >= 8 (extreme outlier),,,
1003860560,6126.0,providers_a,sum_benes,MAD z-score >= 8 (extreme outlier),,,
1013002880,7098.0,providers_a,sum_benes,MAD z-score >= 8 (extreme outlier),,,
1023007333,5604.0,providers_a,sum_benes,MAD z-score >= 8 (extreme outlier),,,
1013066810,7757.0,providers_a,sum_benes,MAD z-score >= 8 (extreme outlier),,,
1023157278,9312.0,providers_a,sum_benes,MAD z-score >= 8 (extreme outlier),,,
1033560032,2497.0,providers_a,sum_benes,MAD z-score >= 8 (extreme outlier),,,
1043219298,7279.0,providers_a,sum_benes,MAD z-score >= 8 (extreme outlier),,,
1013967769,4573.0,providers_a,sum_benes,MAD z-score >= 8 (extreme outlier),,,
1033145164,3403.0,providers_a,sum_benes,MAD z-score >= 8 (extreme outlier),,,
1043255649,6091.0,providers_a,sum_benes,MAD z-score >= 8 (extreme outlier),,,
1043278336,3269.0,providers_a,sum_benes,MAD z-score >= 8 (extreme outlier),,,
1023014008,4285.0,providers_a,sum_benes,MAD z-score >= 8 (extreme outlier),,,
1023085743,4328.0,providers_a,sum_benes,MAD z-score >= 8 (extreme outlier),,,
1013912716,2773.0,providers_a,sum_benes,MAD z-score >= 8 (extreme outlier),,,
1003015553,5873.0,providers_a,sum_benes,MAD z-score >= 8 (extreme outlier),,,
1003026212,2996.0,providers_a,sum_benes,MAD z-score >= 8 (extreme outlier),,,
1013983741,3334.0,providers_a,sum_benes,MAD z-score >= 8 (extreme outlier),,,
1023013349,3775.0,providers_a,sum_benes,MAD z-score >= 8 (extreme outlier),,,
1043203565,2643.0,providers_a,sum_benes,MAD z-score >= 8 (extreme outlier),,,
1033203591,4942.0,providers_a,sum_benes,MAD z-score >= 8 (extreme outlier),,,
1033218334,2940.0,providers_a,sum_benes,MAD z-score >= 8 (extreme outlier),,,
1023128691,2778.0,providers_a,sum_benes,MAD z-score >= 8 (extreme outlier),,,
1033634522,2634.0,providers_a,sum_benes,MAD z-score >= 8 (extreme outlier),,,
1003858903,2934.0,providers_a,sum_benes,MAD z-score >= 8 (extreme outlier),,,
1013944859,2748.0,providers_a,sum_benes,MAD z-score >= 8 (extreme outlier),,,
1043406242,2469.0,providers_a,sum_benes,MAD z-score >= 8 (extreme outlier),,,
1023336690,5109.0,providers_a,sum_benes,MAD z-score >= 8 (extreme outlier),,,
1053336669,3198.0,providers_a,sum_benes,MAD z-score >= 8 (extreme outlier),,,
1043366081,4106.0,providers_a,sum_benes,MAD z-score >= 8 (extreme outlier),,,
1003837758,2893.0,providers_a,sum_benes,MAD z-score >= 8 (extreme outlier),,,
1023224888,6038.0,providers_a,sum_benes,MAD z-score >= 8 (extreme outlier),,,
1013359173,2910.0,providers_a,sum_benes,MAD z-score >= 8 (extreme outlier),,,
1043274889,3481.0,providers_a,sum_benes,MAD z-score >= 8 (extreme outlier),,,
1003044819,2595.0,providers_a,sum_benes,MAD z-score >= 8 (extreme outlier),,,
1043325483,5883.0,providers_a,sum_benes,MAD z-score >= 8 (extreme outlier),,,
1003810904,4099.0,providers_a,sum_benes,MAD z-score >= 8 (extreme outlier),,,
1013952092,3026.0,providers_a,sum_benes,MAD z-score >= 8 (extreme outlier),,,
1003871294,4344.0,providers_a,sum_benes,MAD z-score >= 8 (extreme outlier),,,
1003831702,2488.0,providers_a,sum_benes,MAD z-score >= 8 (extreme outlier),,,
1023429925,2519.0,providers_a,sum_benes,MAD z-score >= 8 (extreme outlier),,,
1023197126,4899.0,providers_a,sum_benes,MAD z-score >= 8 (extreme outlier),,,
1013966886,2864.0,providers_a,sum_benes,MAD z-score >= 8 (extreme outlier),,,
1053332130,2621.0,providers_a,sum_benes,MAD z-score >= 8 (extreme outlier),,,
1023017357,3707.0,providers_a,sum_benes,MAD z-score >= 8 (extreme outlier),,,
1023423845,2790.0,providers_a,sum_benes,MAD z-score >= 8 (extreme outlier),,,
1013273606,3393.0,providers_a,sum_benes,MAD z-score >= 8 (extreme outlier),,,
1023095114,2879.0,providers_a,sum_benes,MAD z-score >= 8 (extreme outlier),,,
1033118278,3088.0,providers_a,sum_benes,MAD z-score >= 8 (extreme outlier),,,
1023043874,2653.0,providers_a,sum_benes,MAD z-score >= 8 (extreme outlier),,,
1023164605,3214.0,providers_a,sum_benes,MAD z-score >= 8 (extreme outlier),,,
1003881830,3876.0,providers_a,sum_benes,MAD z-score >= 8 (extreme outlier),,,
1013065200,2560.0,providers_a,sum_benes,MAD z-score >= 8 (extreme outlier),,,
1013905389,4655.0,providers_a,sum_benes,MAD z-score >= 8 (extreme outlier),,,
1033192570,6549.0,providers_a,sum_benes,MAD z-score >= 8 (extreme outlier),,,
1033110549,6105.0,providers_a,sum_benes,MAD z-score >= 8 (extreme outlier),,,
1023438785,2693.0,providers_a,sum_benes,MAD z-score >= 8 (extreme outlier),,,
1013098037,3575.0,providers_a,sum_benes,MAD z-score >= 8 (extreme outlier),,,
1043593940,5129.0,providers_a,sum_benes,MAD z-score >= 8 (extreme outlier),,,
1003922923,3779.0,providers_a,sum_benes,MAD z-score >= 8 (extreme outlier),,,
1033141320,2489.0,providers_a,sum_benes,MAD z-score >= 8 (extreme outlier),,,
1003811225,4080.0,providers_a,sum_benes,MAD z-score >= 8 (extreme outlier),,,
1023145463,4335.0,providers_a,sum_benes,MAD z-score >= 8 (extreme outlier),,,
1043273675,3458.0,providers_a,sum_benes,MAD z-score >= 8 (extreme outlier),,,
1033316948,2463.0,providers_a,sum_benes,MAD z-score >= 8 (extreme outlier),,,
1043645872,3960.0,providers_a,sum_benes,MAD z-score >= 8 (extreme outlier),,,
1043250350,6692.0,providers_a,sum_benes,MAD z-score >= 8 (extreme outlier),,,
1023632890,11181.0,providers_a,sum_benes,MAD z-score >= 8 (extreme outlier),,,
1003029869,2603.0,providers_a,sum_benes,MAD z-score >= 8 (extreme outlier),,,
1003838061,4095.0,providers_a,sum_benes,MAD z-score >= 8 (extreme outlier),,,
1043829690,2718.0,providers_a,sum_benes,MAD z-score >= 8 (extreme outlier),,,
1033218490,2506.0,providers_a,sum_benes,MAD z-score >= 8 (extreme outlier),,,
1003007048,2909.0,providers_a,sum_benes,MAD z-score >= 8 (extreme outlier),,,
1003801291,4847.0,providers_a,sum_benes,MAD z-score >= 8 (extreme outlier),,,
1043478878,2549.0,providers_a,sum_benes,MAD z-score >= 8 (extreme outlier),,,
1013973304,8992.0,providers_a,sum_benes,MAD z-score >= 8 (extreme outlier),,,
1023231883,3164.0,providers_a,sum_benes,MAD z-score >= 8 (extreme outlier),,,
1013976075,5754.0,providers_a,sum_benes,MAD z-score >= 8 (extreme outlier),,,
1033166582,2587.0,providers_a,sum_benes,MAD z-score >= 8 (extreme outlier),,,
1043215759,2594.0,providers_a,sum_benes,MAD z-score >= 8 (extreme outlier),,,
1003006636,3916.0,providers_a,sum_benes,MAD z-score >= 8 (extreme outlier),,,
1053315077,2739.0,providers_a,sum_benes,MAD z-score >= 8 (extreme outlier),,,
1043477136,4909.0,providers_a,sum_benes,MAD z-score >= 8 (extreme outlier),,,
1003814666,6068.0,providers_a,sum_benes,MAD z-score >= 8 (extreme outlier),,,
1023469798,2620.0,providers_a,sum_benes,MAD z-score >= 8 (extreme outlier),,,
1033103445,3977.0,providers_a,sum_benes,MAD z-score >= 8 (extreme outlier),,,
1023234242,3385.0,providers_a,sum_benes,MAD z-score >= 8 (extreme outlier),,,
1023324746,4193.0,providers_a,sum_benes,MAD z-score >= 8 (extreme outlier),,,
1023075165,2628.0,providers_a,sum_benes,MAD z-score >= 8 (extreme outlier),,,
1033775440,2841.0,providers_a,sum_benes,MAD z-score >= 8 (extreme outlier),,,
1033206735,6823.0,providers_a,sum_benes,MAD z-score >= 8 (extreme outlier),,,
1003872359,2905.0,providers_a,sum_benes,MAD z-score >= 8 (extreme outlier),,,
1043250145,6014.0,providers_a,sum_benes,MAD z-score >= 8 (extreme outlier),,,
1043228158,2919.0,providers_a,sum_benes,MAD z-score >= 8 (extreme outlier),,,
1003136565,3060.0,providers_a,sum_benes,MAD z-score >= 8 (extreme outlier),,,
1043269194,18059.0,providers_a,sum_benes,MAD z-score >= 8 (extreme outlier),,,
1013965276,7083.0,providers_a,sum_benes,MAD z-score >= 8 (extreme outlier),,,
1013926427,7604.0,providers_a,sum_benes,MAD z-score >= 8 (extreme outlier),,,
1003911587,4436.0,providers_a,sum_benes,MAD z-score >= 8 (extreme outlier),,,
1003821810,2542.0,providers_a,sum_benes,MAD z-score >= 8 (extreme outlier),,,
1003560624,25351.0,providers_a,sum_benes,MAD z-score >= 8 (extreme outlier),,,
1023089703,3145.0,providers_a,sum_benes,MAD z-score >= 8 (extreme outlier),,,
1043393010,2745.0,providers_a,sum_benes,MAD z-score >= 8 (extreme outlier),,,
1023112877,2767.0,providers_a,sum_benes,MAD z-score >= 8 (extreme outlier),,,
1033169339,2585.0,providers_a,sum_benes,MAD z-score >= 8 (extreme outlier),,,
1043244437,3761.0,providers_a,sum_benes,MAD z-score >= 8 (extreme outlier),,,
1003915463,2955.0,providers_a,sum_benes,MAD z-score >= 8 (extreme outlier),,,
1053346833,3318.0,providers_a,sum_benes,MAD z-score >= 8 (extreme outlier),,,
1003897869,3315.0,providers_a,sum_benes,MAD z-score >= 8 (extreme outlier),,,
1013963826,4246.0,providers_a,sum_benes,MAD z-score >= 8 (extreme outlier),,,
1003843905,2567.0,providers_a,sum_benes,MAD z-score >= 8 (extreme outlier),,,
1043454820,3346.0,providers_a,sum_benes,MAD z-score >= 8 (extreme outlier),,,
1033492483,5335.0,providers_a,sum_benes,MAD z-score >= 8 (extreme outlier),,,
1023056280,4132.0,providers_a,sum_benes,MAD z-score >= 8 (extreme outlier),,,
1053321539,10966.0,providers_a,sum_benes,MAD z-score >= 8 (extreme outlier),,,
1033106109,8624.0,providers_a,sum_benes,MAD z-score >= 8 (extreme outlier),,,
1033524533,2762.0,providers_a,sum_benes,MAD z-score >= 8 (extreme outlier),,,
1003816901,2747.0,providers_a,sum_benes,MAD z-score >= 8 (extreme outlier),,,
1013979780,5030.0,providers_a,sum_benes,MAD z-score >= 8 (extreme outlier),,,
1023017019,3290.0,providers_a,sum_benes,MAD z-score >= 8 (extreme outlier),,,
1043207251,3932.0,providers_a,sum_benes,MAD z-score >= 8 (extreme outlier),,,
1043429046,3457.0,providers_a,sum_benes,MAD z-score >= 8 (extreme outlier),,,
1023015690,2831.0,providers_a,sum_benes,MAD z-score >= 8 (extreme outlier),,,
1003182106,4296.0,providers_a,sum_benes,MAD z-score >= 8 (extreme outlier),,,
1043213440,4158.0,providers_a,sum_benes,MAD z-score >= 8 (extreme outlier),,,
1003940966,3372.0,providers_a,sum_benes,MAD z-score >= 8 (extreme outlier),,,
1043235930,3755.0,providers_a,sum_benes,MAD z-score >= 8 (extreme outlier),,,
1003893520,2828.0,providers_a,sum_benes,MAD z-score >= 8 (extreme outlier),,,
1053302141,3888.0,providers_a,sum_benes,MAD z-score >= 8 (extreme outlier),,,
1003042920,2682.0,providers_a,sum_benes,MAD z-score >= 8 (extreme outlier),,,
1023439627,22563.0,providers_a,sum_benes,MAD z-score >= 8 (extreme outlier),,,
1033387931,2862.0,providers_a,sum_benes,MAD z-score >= 8 (extreme outlier),,,
1033116074,6584.0,providers_a,sum_benes,MAD z-score >= 8 (extreme outlier),,,
1003021783,3057.0,providers_a,sum_benes,MAD z-score >= 8 (extreme outlier),,,
1023224839,3412.0,providers_a,sum_benes,MAD z-score >= 8 (extreme outlier),,,
1053312116,6592.0,providers_a,sum_benes,MAD z-score >= 8 (extreme outlier),,,
1043282395,2524.0,providers_a,sum_benes,MAD z-score >= 8 (extreme outlier),,,
1023307048,3119.0,providers_a,sum_benes,MAD z-score >= 8 (extreme outlier),,,
1033137088,11077.0,providers_a,sum_benes,MAD z-score >= 8 (extreme outlier),,,
1033217252,3967.0,providers_a,sum_benes,MAD z-score >= 8 (extreme outlier),,,
1003815580,2807.0,providers_a,sum_benes,MAD z-score >= 8 (extreme outlier),,,
1033214077,6310.0,providers_a,sum_benes,MAD z-score >= 8 (extreme outlier),,,
1003139361,3092.0,providers_a,sum_benes,MAD z-score >= 8 (extreme outlier),,,
1043238413,3697.0,providers_a,sum_benes,MAD z-score >= 8 (extreme outlier),,,
1003864331,5734.0,providers_a,sum_benes,MAD z-score >= 8 (extreme outlier),,,
1013953868,2729.0,providers_a,sum_benes,MAD z-score >= 8 (extreme outlier),,,
1043202583,3023.0,providers_a,sum_benes,MAD z-score >= 8 (extreme outlier),,,
1023105160,3593.0,providers_a,sum_benes,MAD z-score >= 8 (extreme outlier),,,
1043268089,5166.0,providers_a,sum_benes,MAD z-score >= 8 (extreme outlier),,,
1003952466,3331.0,providers_a,sum_benes,MAD z-score >= 8 (extreme outlier),,,
1013983311,3141.0,providers_a,sum_benes,MAD z-score >= 8 (extreme outlier),,,
1023037660,4526.0,providers_a,sum_benes,MAD z-score >= 8 (extreme outlier),,,
1023251949,3615.0,providers_a,sum_benes,MAD z-score >= 8 (extreme outlier),,,
1023093853,3385.0,providers_a,sum_benes,MAD z-score >= 8 (extreme outlier),,,
1023066255,5031.0,providers_a,sum_benes,MAD z-score >= 8 (extreme outlier),,,
1043660780,3349.0,providers_a,sum_benes,MAD z-score >= 8 (extreme outlier),,,
1023086717,3807.0,providers_a,sum_benes,MAD z-score >= 8 (extreme outlier),,,
1033439492,6325.0,providers_a,sum_benes,MAD z-score >= 8 (extreme outlier),,,
1043257264,2529.0,providers_a,sum_benes,MAD z-score >= 8 (extreme outlier),,,
1003179599,2683.0,providers_a,sum_benes,MAD z-score >= 8 (extreme outlier),,,
1043387624,3766.0,providers_a,sum_benes,MAD z-score >= 8 (extreme outlier),,,
1043494065,2725.0,providers_a,sum_benes,MAD z-score >= 8 (extreme outlier),,,
1053307223,3373.0,providers_a,sum_benes,MAD z-score >= 8 (extreme outlier),,,
1043232879,4145.0,providers_a,sum_benes,MAD z-score >= 8 (extreme outlier),,,
1033401260,3108.0,providers_a,sum_benes,MAD z-score >= 8 (extreme outlier),,,
1043293962,4381.0,providers_a,sum_benes,MAD z-score >= 8 (extreme outlier),,,
1043410871,10409.0,providers_a,sum_benes,MAD z-score >= 8 (extreme outlier),,,
1043302383,4078.0,providers_a,sum_benes,MAD z-score >= 8 (extreme outlier),,,
1033259114,3732.0,providers_a,sum_benes,MAD z-score >= 8 (extreme outlier),,,
1023031994,4225.0,providers_a,sum_benes,MAD z-score >= 8 (extreme outlier),,,
1033171442,3365.0,providers_a,sum_benes,MAD z-score >= 8 (extreme outlier),,,
1023178159,2780.0,providers_a,sum_benes,MAD z-score >= 8 (extreme outlier),,,
1003000134,2912.0,providers_a,sum_benes,MAD z-score >= 8 (extreme outlier),,,
1003880303,3420.0,providers_a,sum_benes,MAD z-score >= 8 (extreme outlier),,,
1023335726,2502.0,providers_a,sum_benes,MAD z-score >= 8 (extreme outlier),,,
1043216971,4076.0,providers_a,sum_benes,MAD z-score >= 8 (extreme outlier),,,
1043215767,3193.0,providers_a,sum_benes,MAD z-score >= 8 (extreme outlier),,,
1023177961,3914.0,providers_a,sum_benes,MAD z-score >= 8 (extreme outlier),,,
1023126158,4121.0,providers_a,sum_benes,MAD z-score >= 8 (extreme outlier),,,
1003836263,4131.0,providers_a,sum_benes,MAD z-score >= 8 (extreme outlier),,,
1003810037,7123.0,providers_a,sum_benes,MAD z-score >= 8 (extreme outlier),,,
1013019512,2739.0,providers_a,sum_benes,MAD z-score >= 8 (extreme outlier),,,
1013303353,5166.0,providers_a,sum_benes,MAD z-score >= 8 (extreme outlier),,,
1043630619,2807.0,providers_a,sum_benes,MAD z-score >= 8 (extreme outlier),,,
1043267784,2791.0,providers_a,sum_benes,MAD z-score >= 8 (extreme outlier),,,
1003882432,2552.0,providers_a,sum_benes,MAD z-score >= 8 (extreme outlier),,,
1043521768,3239.0,providers_a,sum_benes,MAD z-score >= 8 (extreme outlier),,,
1053310789,4030.0,providers_a,sum_benes,MAD z-score >= 8 (extreme outlier),,,
1043213606,3447.0,providers_a,sum_benes,MAD z-score >= 8 (extreme outlier),,,
1013921667,2719.0,providers_a,sum_benes,MAD z-score >= 8 (extreme outlier),,,
1023548575,2507.0,providers_a,sum_benes,MAD z-score >= 8 (extreme outlier),,,
1033284179,3917.0,providers_a,sum_benes,MAD z-score >= 8 (extreme outlier),,,
1023130242,3524.0,providers_a,sum_benes,MAD z-score >= 8 (extreme outlier),,,
1023080561,4446.0,providers_a,sum_benes,MAD z-score >= 8 (extreme outlier),,,
1053311936,2997.0,providers_a,sum_benes,MAD z-score >= 8 (extreme outlier),,,
1003352543,2461.0,providers_a,sum_benes,MAD z-score >= 8 (extreme outlier),,,
1033268925,5174.0,providers_a,sum_benes,MAD z-score >= 8 (extreme outlier),,,
1003301532,2839.0,providers_a,sum_benes,MAD z-score >= 8 (extreme outlier),,,
1013356559,2643.0,providers_a,sum_benes,MAD z-score >= 8 (extreme outlier),,,
1023282423,2878.0,providers_a,sum_benes,MAD z-score >= 8 (extreme outlier),,,
1023086899,5898.0,providers_a,sum_benes,MAD z-score >= 8 (extreme outlier),,,
1013301563,7733.0,providers_a,sum_benes,MAD z-score >= 8 (extreme outlier),,,
1003881343,3024.0,providers_a,sum_benes,MAD z-score >= 8 (extreme outlier),,,
1013304179,3013.0,providers_a,sum_benes,MAD z-score >= 8 (extreme outlier),,,
1013910546,4928.0,providers_a,sum_benes,MAD z-score >= 8 (extreme outlier),,,
1033183934,3698.0,providers_a,sum_benes,MAD z-score >= 8 (extreme outlier),,,
1013902477,2684.0,providers_a,sum_benes,MAD z-score >= 8 (extreme outlier),,,
1003902073,3808.0,providers_a,sum_benes,MAD z-score >= 8 (extreme outlier),,,
1033109228,4552.0,providers_a,sum_benes,MAD z-score >= 8 (extreme outlier),,,
1003835448,3975.0,providers_a,sum_benes,MAD z-score >= 8 (extreme outlier),,,
1003896036,4183.0,providers_a,sum_benes,MAD z-score >= 8 (extreme outlier),,,
1003833633,19526.0,providers_a,sum_benes,MAD z-score >= 8 (extreme outlier),,,
1053305680,6386.0,providers_a,sum_benes,MAD z-score >= 8 (extreme outlier),,,
1053315416,3590.0,providers_a,sum_benes,MAD z-score >= 8 (extreme outlier),,,
1023158482,6920.0,providers_a,sum_benes,MAD z-score >= 8 (extreme outlier),,,
1043469729,4679.0,providers_a,sum_benes,MAD z-score >= 8 (extreme outlier),,,
1043446834,3640.0,providers_a,sum_benes,MAD z-score >= 8 (extreme outlier),,,
1023403318,5864.0,providers_a,sum_benes,MAD z-score >= 8 (extreme outlier),,,
1003072885,2904.0,providers_a,sum_benes,MAD z-score >= 8 (extreme outlier),,,
1043342447,5553.0,providers_a,sum_benes,MAD z-score >= 8 (extreme outlier),,,
1043630510,2579.0,providers_a,sum_benes,MAD z-score >= 8 (extreme outlier),,,
1033641519,4042.0,providers_a,sum_benes,MAD z-score >= 8 (extreme outlier),,,
1033186531,2854.0,providers_a,sum_benes,MAD z-score >= 8 (extreme outlier),,,
1023040409,3144.0,providers_a,sum_benes,MAD z-score >= 8 (extreme outlier),,,
1043200637,3722.0,providers_a,sum_benes,MAD z-score >= 8 (extreme outlier),,,
1053319509,3470.0,providers_a,sum_benes,MAD z-score >= 8 (extreme outlier),,,
1053349449,2861.0,providers_a,sum_benes,MAD z-score >= 8 (extreme outlier),,,
1033191853,3014.0,providers_a,sum_benes,MAD z-score >= 8 (extreme outlier),,,
1033161385,4711.0,providers_a,sum_benes,MAD z-score >= 8 (extreme outlier),,,
1023507506,3305.0,providers_a,sum_benes,MAD z-score >= 8 (extreme outlier),,,
1003851965,3555.0,providers_a,sum_benes,MAD z-score >= 8 (extreme outlier),,,
1023067329,4641.0,providers_a,sum_benes,MAD z-score >= 8 (extreme outlier),,,
1033186937,4716.0,providers_a,sum_benes,MAD z-score >= 8 (extreme outlier),,,
1003161993,4621.0,providers_a,sum_benes,MAD z-score >= 8 (extreme outlier),,,
1003992074,2548.0,providers_a,sum_benes,MAD z-score >= 8 (extreme outlier),,,
1023251659,3998.0,providers_a,sum_benes,MAD z-score >= 8 (extreme outlier),,,
1003868993,6846.0,providers_a,sum_benes,MAD z-score >= 8 (extreme outlier),,,
1003868522,4378.0,providers_a,sum_benes,MAD z-score >= 8 (extreme outlier),,,
1043441983,3049.0,providers_a,sum_benes,MAD z-score >= 8 (extreme outlier),,,
1003093147,2666.0,providers_a,sum_benes,MAD z-score >= 8 (extreme outlier),,,
1023204518,3483.0,providers_a,sum_benes,MAD z-score >= 8 (extreme outlier),,,
1033383351,398752.0,providers_a,sum_benes,MAD z-score >= 8 (extreme outlier),,,
1043300510,3039.0,providers_a,sum_benes,MAD z-score >= 8 (extreme outlier),,,
1033170410,9580.0,providers_a,sum_benes,MAD z-score >= 8 (extreme outlier),,,
1033151857,2539.0,providers_a,sum_benes,MAD z-score >= 8 (extreme outlier),,,
1013425842,3841.0,providers_a,sum_benes,MAD z-score >= 8 (extreme outlier),,,
1003952318,4766.0,providers_a,sum_benes,MAD z-score >= 8 (extreme outlier),,,
1003569658,8320.0,providers_a,sum_benes,MAD z-score >= 8 (extreme outlier),,,
1043531643,4020.0,providers_a,sum_benes,MAD z-score >= 8 (extreme outlier),,,
1023042496,15802.0,providers_a,sum_benes,MAD z-score >= 8 (extreme outlier),,,
1013910702,2628.0,providers_a,sum_benes,MAD z-score >= 8 (extreme outlier),,,
1023099835,4618.0,providers_a,sum_benes,MAD z-score >= 8 (extreme outlier),,,
1033103122,3370.0,providers_a,sum_benes,MAD z-score >= 8 (extreme outlier),,,
1053318824,5344.0,providers_a,sum_benes,MAD z-score >= 8 (extreme outlier),,,
1043605975,2834.0,providers_a,sum_benes,MAD z-score >= 8 (extreme outlier),,,
1023044658,2593.0,providers_a,sum_benes,MAD z-score >= 8 (extreme outlier),,,
1033189865,3674.0,providers_a,sum_benes,MAD z-score >= 8 (extreme outlier),,,
1023037850,7267.0,providers_a,sum_benes,MAD z-score >= 8 (extreme outlier),,,
1003827858,2564.0,providers_a,sum_benes,MAD z-score >= 8 (extreme outlier),,,
1013921253,3529.0,providers_a,sum_benes,MAD z-score >= 8 (extreme outlier),,,
1033138102,2814.0,providers_a,sum_benes,MAD z-score >= 8 (extreme outlier),,,
1033110200,2758.0,providers_a,sum_benes,MAD z-score >= 8 (extreme outlier),,,
1013901164,5040.0,providers_a,sum_benes,MAD z-score >= 8 (extreme outlier),,,
1003854464,2847.0,providers_a,sum_benes,MAD z-score >= 8 (extreme outlier),,,
1003851213,4551.0,providers_a,sum_benes,MAD z-score >= 8 (extreme outlier),,,
1013988286,3004.0,providers_a,sum_benes,MAD z-score >= 8 (extreme outlier),,,
1003904541,2927.0,providers_a,sum_benes,MAD z-score >= 8 (extreme outlier),,,
1043504681,5926.0,providers_a,sum_benes,MAD z-score >= 8 (extreme outlier),,,
1003098542,3696.0,providers_a,sum_benes,MAD z-score >= 8 (extreme outlier),,,
1023007242,3760.0,providers_a,sum_benes,MAD z-score >= 8 (extreme outlier),,,
1043571458,4716.0,providers_a,sum_benes,MAD z-score >= 8 (extreme outlier),,,
1053346726,2759.0,providers_a,sum_benes,MAD z-score >= 8 (extreme outlier),,,
1013909217,3592.0,providers_a,sum_benes,MAD z-score >= 8 (extreme outlier),,,
1053341784,5332.0,providers_a,sum_benes,MAD z-score >= 8 (extreme outlier),,,
1003870734,3909.0,providers_a,sum_benes,MAD z-score >= 8 (extreme outlier),,,
1013280890,2952.0,providers_a,sum_benes,MAD z-score >= 8 (extreme outlier),,,
1003159252,2626.0,providers_a,sum_benes,MAD z-score >= 8 (extreme outlier),,,
1003807645,5021.0,providers_a,sum_benes,MAD z-score >= 8 (extreme outlier),,,
1043392186,5193.0,providers_a,sum_benes,MAD z-score >= 8 (extreme outlier),,,
1013974625,3942.0,providers_a,sum_benes,MAD z-score >= 8 (extreme outlier),,,
1003137944,4402.0,providers_a,sum_benes,MAD z-score >= 8 (extreme outlier),,,
1033198015,2486.0,providers_a,sum_benes,MAD z-score >= 8 (extreme outlier),,,
1023086501,4553.0,providers_a,sum_benes,MAD z-score >= 8 (extreme outlier),,,
1023221199,2501.0,providers_a,sum_benes,MAD z-score >= 8 (extreme outlier),,,
1013900448,2511.0,providers_a,sum_benes,MAD z-score >= 8 (extreme outlier),,,
1043299985,3631.0,providers_a,sum_benes,MAD z-score >= 8 (extreme outlier),,,
1003517533,7629.0,providers_a,sum_benes,MAD z-score >= 8 (extreme outlier),,,
1033366877,3967.0,providers_a,sum_benes,MAD z-score >= 8 (extreme outlier),,,
1013975457,2736.0,providers_a,sum_benes,MAD z-score >= 8 (extreme outlier),,,
1013911874,6988.0,providers_a,sum_benes,MAD z-score >= 8 (extreme outlier),,,
1003819103,7616.0,providers_a,sum_benes,MAD z-score >= 8 (extreme outlier),,,
1023009289,2665.0,providers_a,sum_benes,MAD z-score >= 8 (extreme outlier),,,
1043650864,2500.0,providers_a,sum_benes,MAD z-score >= 8 (extreme outlier),,,
1033271630,2777.0,providers_a,sum_benes,MAD z-score >= 8 (extreme outlier),,,
1033103411,2857.0,providers_a,sum_benes,MAD z-score >= 8 (extreme outlier),,,
1013928688,3992.0,providers_a,sum_benes,MAD z-score >= 8 (extreme outlier),,,
1053343442,31393.0,providers_a,sum_benes,MAD z-score >= 8 (extreme outlier),,,
1023073376,2977.0,providers_a,sum_benes,MAD z-score >= 8 (extreme outlier),,,
1043203862,2954.0,providers_a,sum_benes,MAD z-score >= 8 (extreme outlier),,,
1043267958,3150.0,providers_a,sum_benes,MAD z-score >= 8 (extreme outlier),,,
1043259252,7859.0,providers_a,sum_benes,MAD z-score >= 8 (extreme outlier),,,
1023072477,2871.0,providers_a,sum_benes,MAD z-score >= 8 (extreme outlier),,,
1033145487,8363.0,providers_a,sum_benes,MAD z-score >= 8 (extreme outlier),,,
1043264765,3303.0,providers_a,sum_benes,MAD z-score >= 8 (extreme outlier),,,
1053350215,3765.0,providers_a,sum_benes,MAD z-score >= 8 (extreme outlier),,,
1033218482,4582.0,providers_a,sum_benes,MAD z-score >= 8 (extreme outlier),,,
1013238930,4332.0,providers_a,sum_benes,MAD z-score >= 8 (extreme outlier),,,
1033103296,3981.0,providers_a,sum_benes,MAD z-score >= 8 (extreme outlier),,,
1023440005,3236.0,providers_a,sum_benes,MAD z-score >= 8 (extreme outlier),,,
1023212214,4579.0,providers_a,sum_benes,MAD z-score >= 8 (extreme outlier),,,
1033171087,2736.0,providers_a,sum_benes,MAD z-score >= 8 (extreme outlier),,,
1003018342,4560.0,providers_a,sum_benes,MAD z-score >= 8 (extreme outlier),,,
1023157500,3845.0,providers_a,sum_benes,MAD z-score >= 8 (extreme outlier),,,
1003829375,12250.0,providers_a,sum_benes,MAD z-score >= 8 (extreme outlier),,,
1003055401,3644.0,providers_a,sum_benes,MAD z-score >= 8 (extreme outlier),,,
1003873019,2849.0,providers_a,sum_benes,MAD z-score >= 8 (extreme outlier),,,
1043432669,3277.0,providers_a,sum_benes,MAD z-score >= 8 (extreme outlier),,,
1013245885,15158.0,providers_a,sum_benes,MAD z-score >= 8 (extreme outlier),,,
1033402151,3031.0,providers_a,sum_benes,MAD z-score >= 8 (extreme outlier),,,
1003066325,4664.0,providers_a,sum_benes,MAD z-score >= 8 (extreme outlier),,,
1013085810,4988.0,providers_a,sum_benes,MAD z-score >= 8 (extreme outlier),,,
1043323199,6394.0,providers_a,sum_benes,MAD z-score >= 8 (extreme outlier),,,
1003895020,8669.0,providers_a,sum_benes,MAD z-score >= 8 (extreme outlier),,,
1023110277,3126.0,providers_a,sum_benes,MAD z-score >= 8 (extreme outlier),,,
1023055720,2848.0,providers_a,sum_benes,MAD z-score >= 8 (extreme outlier),,,
1023293537,3405.0,providers_a,sum_benes,MAD z-score >= 8 (extreme outlier),,,
1023040748,2673.0,providers_a,sum_benes,MAD z-score >= 8 (extreme outlier),,,
1043417819,3177.0,providers_a,sum_benes,MAD z-score >= 8 (extreme outlier),,,
1013006972,2655.0,providers_a,sum_benes,MAD z-score >= 8 (extreme outlier),,,
1013170695,3874.0,providers_a,sum_benes,MAD z-score >= 8 (extreme outlier),,,
1043338221,2856.0,providers_a,sum_benes,MAD z-score >= 8 (extreme outlier),,,
1013182898,3657.0,providers_a,sum_benes,MAD z-score >= 8 (extreme outlier),,,
1043222755,4957.0,providers_a,sum_benes,MAD z-score >= 8 (extreme outlier),,,
1023405164,7275.0,providers_a,sum_benes,MAD z-score >= 8 (extreme outlier),,,
1043221351,5119.0,providers_a,sum_benes,MAD z-score >= 8 (extreme outlier),,,
1043501828,4137.0,providers_a,sum_benes,MAD z-score >= 8 (extreme outlier),,,
1023187614,2776.0,providers_a,sum_benes,MAD z-score >= 8 (extreme outlier),,,
1053350298,4678.0,providers_a,sum_benes,MAD z-score >= 8 (extreme outlier),,,
1043281710,4995.0,providers_a,sum_benes,MAD z-score >= 8 (extreme outlier),,,
1033176524,2817.0,providers_a,sum_benes,MAD z-score >= 8 (extreme outlier),,,
1043296783,6147.0,providers_a,sum_benes,MAD z-score >= 8 (extreme outlier),,,
1043249642,2576.0,providers_a,sum_benes,MAD z-score >= 8 (extreme outlier),,,
1003814344,3052.0,providers_a,sum_benes,MAD z-score >= 8 (extreme outlier),,,
1003890120,2578.0,providers_a,sum_benes,MAD z-score >= 8 (extreme outlier),,,
1003875212,8507.0,providers_a,sum_benes,MAD z-score >= 8 (extreme outlier),,,
1043258890,5948.0,providers_a,sum_benes,MAD z-score >= 8 (extreme outlier),,,
1043282841,54650.0,providers_a,sum_benes,MAD z-score >= 8 (extreme outlier),,,
1003843202,4709.0,providers_a,sum_benes,MAD z-score >= 8 (extreme outlier),,,
1043486533,3677.0,providers_a,sum_benes,MAD z-score >= 8 (extreme outlier),,,
1013008283,3182.0,providers_a,sum_benes,MAD z-score >= 8 (extreme outlier),,,
1033127634,2585.0,providers_a,sum_benes,MAD z-score >= 8 (extreme outlier),,,
1023391166,3872.0,providers_a,sum_benes,MAD z-score >= 8 (extreme outlier),,,
1043279433,3090.0,providers_a,sum_benes,MAD z-score >= 8 (extreme outlier),,,
1013954742,2572.0,providers_a,sum_benes,MAD z-score >= 8 (extreme outlier),,,
1013124924,2455.0,providers_a,sum_benes,MAD z-score >= 8 (extreme outlier),,,
1003851627,3328.0,providers_a,sum_benes,MAD z-score >= 8 (extreme outlier),,,
1013234830,4246.0,providers_a,sum_benes,MAD z-score >= 8 (extreme outlier),,,
1033458526,3034.0,providers_a,sum_benes,MAD z-score >= 8 (extreme outlier),,,
1003809310,2673.0,providers_a,sum_benes,MAD z-score >= 8 (extreme outlier),,,
1013162452,4339.0,providers_a,sum_benes,MAD z-score >= 8 (extreme outlier),,,
1013008754,5800.0,providers_a,sum_benes,MAD z-score >= 8 (extreme outlier),,,
1053336727,3158.0,providers_a,sum_benes,MAD z-score >= 8 (extreme outlier),,,
1013018993,2908.0,providers_a,sum_benes,MAD z-score >= 8 (extreme outlier),,,
1033189246,3124.0,providers_a,sum_benes,MAD z-score >= 8 (extreme outlier),,,
1033706569,2503.0,providers_a,sum_benes,MAD z-score >= 8 (extreme outlier),,,
1013125764,3887.0,providers_a,sum_benes,MAD z-score >= 8 (extreme outlier),,,
1033598776,2967.0,providers_a,sum_benes,MAD z-score >= 8 (extreme outlier),,,
1043660970,5208.0,providers_a,sum_benes,MAD z-score >= 8 (extreme outlier),,,
1013024728,4553.0,providers_a,sum_benes,MAD z-score >= 8 (extreme outlier),,,
1023182011,3066.0,providers_a,sum_benes,MAD z-score >= 8 (extreme outlier),,,
1043292618,2720.0,providers_a,sum_benes,MAD z-score >= 8 (extreme outlier),,,
1033475827,2557.0,providers_a,sum_benes,MAD z-score >= 8 (extreme outlier),,,
1043206451,4163.0,providers_a,sum_benes,MAD z-score >= 8 (extreme outlier),,,
1043228083,5909.0,providers_a,sum_benes,MAD z-score >= 8 (extreme outlier),,,
1003017963,2685.0,providers_a,sum_benes,MAD z-score >= 8 (extreme outlier),,,
1003819996,5331.0,providers_a,sum_benes,MAD z-score >= 8 (extreme outlier),,,
1003171778,3418.0,providers_a,sum_benes,MAD z-score >= 8 (extreme outlier),,,
1013294941,2819.0,providers_a,sum_benes,MAD z-score >= 8 (extreme outlier),,,
1033351820,2752.0,providers_a,sum_benes,MAD z-score >= 8 (extreme outlier),,,
1003889759,3268.0,providers_a,sum_benes,MAD z-score >= 8 (extreme outlier),,,
1003877069,2961.0,providers_a,sum_benes,MAD z-score >= 8 (extreme outlier),,,
1003813460,4099.0,providers_a,sum_benes,MAD z-score >= 8 (extreme outlier),,,
1043208366,3000.0,providers_a,sum_benes,MAD z-score >= 8 (extreme outlier),,,
1013273739,2723.0,providers_a,sum_benes,MAD z-score >= 8 (extreme outlier),,,
1023064177,5581.0,providers_a,sum_benes,MAD z-score >= 8 (extreme outlier),,,
1043248115,2533.0,providers_a,sum_benes,MAD z-score >= 8 (extreme outlier),,,
1033267901,2457.0,providers_a,sum_benes,MAD z-score >= 8 (extreme outlier),,,
1043449028,3139.0,providers_a,sum_benes,MAD z-score >= 8 (extreme outlier),,,
1013962547,5229.0,providers_a,sum_benes,MAD z-score >= 8 (extreme outlier),,,
1043248487,2781.0,providers_a,sum_benes,MAD z-score >= 8 (extreme outlier),,,
1013960905,3140.0,providers_a,sum_benes,MAD z-score >= 8 (extreme outlier),,,
1043255219,6127.0,providers_a,sum_benes,MAD z-score >= 8 (extreme outlier),,,
1023009214,3569.0,providers_a,sum_benes,MAD z-score >= 8 (extreme outlier),,,
1043507965,2573.0,providers_a,sum_benes,MAD z-score >= 8 (extreme outlier),,,
1043473531,2587.0,providers_a,sum_benes,MAD z-score >= 8 (extreme outlier),,,
1053326579,3706.0,providers_a,sum_benes,MAD z-score >= 8 (extreme outlier),,,
1023319704,5684.0,providers_a,sum_benes,MAD z-score >= 8 (extreme outlier),,,
1043480361,3018.0,providers_a,sum_benes,MAD z-score >= 8 (extreme outlier),,,
1053314146,352972.0,providers_a,sum_benes,MAD z-score >= 8 (extreme outlier),,,
1023054533,3271.0,providers_a,sum_benes,MAD z-score >= 8 (extreme outlier),,,
1003815325,3788.0,providers_a,sum_benes,MAD z-score >= 8 (extreme outlier),,,
1003828823,2451.0,providers_a,sum_benes,MAD z-score >= 8 (extreme outlier),,,
1053343632,3821.0,providers_a,sum_benes,MAD z-score >= 8 (extreme outlier),,,
1003113010,3926.0,providers_a,sum_benes,MAD z-score >= 8 (extreme outlier),,,
1023128626,4522.0,providers_a,sum_benes,MAD z-score >= 8 (extreme outlier),,,
1023104247,4462.0,providers_a,sum_benes,MAD z-score >= 8 (extreme outlier),,,
1013201938,3966.0,providers_a,sum_benes,MAD z-score >= 8 (extreme outlier),,,
1003887019,3417.0,providers_a,sum_benes,MAD z-score >= 8 (extreme outlier),,,
1053350678,8971.0,providers_a,sum_benes,MAD z-score >= 8 (extreme outlier),,,
1003846056,2711.0,providers_a,sum_benes,MAD z-score >= 8 (extreme outlier),,,
1043253347,4365.0,providers_a,sum_benes,MAD z-score >= 8 (extreme outlier),,,
1043281447,3412.0,providers_a,sum_benes,MAD z-score >= 8 (extreme outlier),,,
1053306183,3737.0,providers_a,sum_benes,MAD z-score >= 8 (extreme outlier),,,
1043553431,3609.0,providers_a,sum_benes,MAD z-score >= 8 (extreme outlier),,,
1043461064,4055.0,providers_a,sum_benes,MAD z-score >= 8 (extreme outlier),,,
1043488661,7938.0,providers_a,sum_benes,MAD z-score >= 8 (extreme outlier),,,
1043261969,5812.0,providers_a,sum_benes,MAD z-score >= 8 (extreme outlier),,,
1003036237,6501.0,providers_a,sum_benes,MAD z-score >= 8 (extreme outlier),,,
1033165865,2607.0,providers_a,sum_benes,MAD z-score >= 8 (extreme outlier),,,
1033197181,6739.0,providers_a,sum_benes,MAD z-score >= 8 (extreme outlier),,,
1003888462,4641.0,providers_a,sum_benes,MAD z-score >= 8 (extreme outlier),,,
1003868977,2730.0,providers_a,sum_benes,MAD z-score >= 8 (extreme outlier),,,
1043203771,3284.0,providers_a,sum_benes,MAD z-score >= 8 (extreme outlier),,,
1043297260,7174.0,providers_a,sum_benes,MAD z-score >= 8 (extreme outlier),,,
1003818717,3169.0,providers_a,sum_benes,MAD z-score >= 8 (extreme outlier),,,
1033184205,3721.0,providers_a,sum_benes,MAD z-score >= 8 (extreme outlier),,,
1013952589,2994.0,providers_a,sum_benes,MAD z-score >= 8 (extreme outlier),,,
1023006855,5112.0,providers_a,sum_benes,MAD z-score >= 8 (extreme outlier),,,
1023113792,4068.0,providers_a,sum_benes,MAD z-score >= 8 (extreme outlier),,,
1013911668,9661.0,providers_a,sum_benes,MAD z-score >= 8 (extreme outlier),,,
1013270347,3007.0,providers_a,sum_benes,MAD z-score >= 8 (extreme outlier),,,
1023308558,2985.0,providers_a,sum_benes,MAD z-score >= 8 (extreme outlier),,,
1023167905,2926.0,providers_a,sum_benes,MAD z-score >= 8 (extreme outlier),,,
1043485055,2802.0,providers_a,sum_benes,MAD z-score >= 8 (extreme outlier),,,
1033351689,3046.0,providers_a,sum_benes,MAD z-score >= 8 (extreme outlier),,,
1013012822,2570.0,providers_a,sum_benes,MAD z-score >= 8 (extreme outlier),,,
1003805805,4038.0,providers_a,sum_benes,MAD z-score >= 8 (extreme outlier),,,
1053321950,4381.0,providers_a,sum_benes,MAD z-score >= 8 (extreme outlier),,,
1013900190,5411.0,providers_a,sum_benes,MAD z-score >= 8 (extreme outlier),,,
1053346783,4932.0,providers_a,sum_benes,MAD z-score >= 8 (extreme outlier),,,
1023075199,4133.0,providers_a,sum_benes,MAD z-score >= 8 (extreme outlier),,,
1023538956,2625.0,providers_a,sum_benes,MAD z-score >= 8 (extreme outlier),,,
1043440944,4008.0,providers_a,sum_benes,MAD z-score >= 8 (extreme outlier),,,
1003139395,6149.0,providers_a,sum_benes,MAD z-score >= 8 (extreme outlier),,,
1013950542,2711.0,providers_a,sum_benes,MAD z-score >= 8 (extreme outlier),,,
1003919531,16405.0,providers_a,sum_benes,MAD z-score >= 8 (extreme outlier),,,
1033479282,5574.0,providers_a,sum_benes,MAD z-score >= 8 (extreme outlier),,,
1013910942,3776.0,providers_a,sum_benes,MAD z-score >= 8 (extreme outlier),,,
1043509680,2775.0,providers_a,sum_benes,MAD z-score >= 8 (extreme outlier),,,
1043664899,3323.0,providers_a,sum_benes,MAD z-score >= 8 (extreme outlier),,,
1003133612,3175.0,providers_a,sum_benes,MAD z-score >= 8 (extreme outlier),,,
1033173810,3408.0,providers_a,sum_benes,MAD z-score >= 8 (extreme outlier),,,
1013367929,3711.0,providers_a,sum_benes,MAD z-score >= 8 (extreme outlier),,,
1023050895,3223.0,providers_a,sum_benes,MAD z-score >= 8 (extreme outlier),,,
1023350303,2474.0,providers_a,sum_benes,MAD z-score >= 8 (extreme outlier),,,
1013059625,2983.0,providers_a,sum_benes,MAD z-score >= 8 (extreme outlier),,,
1013910249,2561.0,providers_a,sum_benes,MAD z-score >= 8 (extreme outlier),,,
1003891052,2984.0,providers_a,sum_benes,MAD z-score >= 8 (extreme outlier),,,
1023093770,2699.0,providers_a,sum_benes,MAD z-score >= 8 (extreme outlier),,,
1013356971,2504.0,providers_a,sum_benes,MAD z-score >= 8 (extreme outlier),,,
1053304469,6742.0,providers_a,sum_benes,MAD z-score >= 8 (extreme outlier),,,
1023031234,5887.0,providers_a,sum_benes,MAD z-score >= 8 (extreme outlier),,,
1023095957,2569.0,providers_a,sum_benes,MAD z-score >= 8 (extreme outlier),,,
1003965096,4899.0,providers_a,sum_benes,MAD z-score >= 8 (extreme outlier),,,
1003804204,3187.0,providers_a,sum_benes,MAD z-score >= 8 (extreme outlier),,,
1033406525,3691.0,providers_a,sum_benes,MAD z-score >= 8 (extreme outlier),,,
1043316755,6798.0,providers_a,sum_benes,MAD z-score >= 8 (extreme outlier),,,
1033680681,2783.0,providers_a,sum_benes,MAD z-score >= 8 (extreme outlier),,,
1033395165,4072.0,providers_a,sum_benes,MAD z-score >= 8 (extreme outlier),,,
1053340711,2523.0,providers_a,sum_benes,MAD z-score >= 8 (extreme outlier),,,
1043232432,3994.0,providers_a,sum_benes,MAD z-score >= 8 (extreme outlier),,,
1023372588,4119.0,providers_a,sum_benes,MAD z-score >= 8 (extreme outlier),,,
1013098300,2532.0,providers_a,sum_benes,MAD z-score >= 8 (extreme outlier),,,
1013329648,7425.0,providers_a,sum_benes,MAD z-score >= 8 (extreme outlier),,,
1033759709,2848.0,providers_a,sum_benes,MAD z-score >= 8 (extreme outlier),,,
1013336833,3194.0,providers_a,sum_benes,MAD z-score >= 8 (extreme outlier),,,
1023341740,5845.0,providers_a,sum_benes,MAD z-score >= 8 (extreme outlier),,,
1003899857,4154.0,providers_a,sum_benes,MAD z-score >= 8 (extreme outlier),,,
1013960210,3280.0,providers_a,sum_benes,MAD z-score >= 8 (extreme outlier),,,
1043279904,2701.0,providers_a,sum_benes,MAD z-score >= 8 (extreme outlier),,,
1033221031,3548.0,providers_a,sum_benes,MAD z-score >= 8 (extreme outlier),,,
1023482049,3724.0,providers_a,sum_benes,MAD z-score >= 8 (extreme outlier),,,
1003298860,4179.0,providers_a,sum_benes,MAD z-score >= 8 (extreme outlier),,,
1033183983,2638.0,providers_a,sum_benes,MAD z-score >= 8 (extreme outlier),,,
1013969245,2862.0,providers_a,sum_benes,MAD z-score >= 8 (extreme outlier),,,
1033155320,3152.0,providers_a,sum_benes,MAD z-score >= 8 (extreme outlier),,,
1043202930,6209.0,providers_a,sum_benes,MAD z-score >= 8 (extreme outlier),,,
1023151644,3413.0,providers_a,sum_benes,MAD z-score >= 8 (extreme outlier),,,
1033387303,2953.0,providers_a,sum_benes,MAD z-score >= 8 (extreme outlier),,,
1003279142,3286.0,providers_a,sum_benes,MAD z-score >= 8 (extreme outlier),,,
1013922988,2537.0,providers_a,sum_benes,MAD z-score >= 8 (extreme outlier),,,
1003369968,206458.0,providers_a,sum_benes,MAD z-score >= 8 (extreme outlier),,,
1023125796,3392.0,providers_a,sum_benes,MAD z-score >= 8 (extreme outlier),,,
1033316823,2797.0,providers_a,sum_benes,MAD z-score >= 8 (extreme outlier),,,
1043393580,7007.0,providers_a,sum_benes,MAD z-score >= 8 (extreme outlier),,,
1013902352,2628.0,providers_a,sum_benes,MAD z-score >= 8 (extreme outlier),,,
1023320306,4294.0,providers_a,sum_benes,MAD z-score >= 8 (extreme outlier),,,
1043299746,4546.0,providers_a,sum_benes,MAD z-score >= 8 (extreme outlier),,,
1013934835,2666.0,providers_a,sum_benes,MAD z-score >= 8 (extreme outlier),,,
1003800095,2614.0,providers_a,sum_benes,MAD z-score >= 8 (extreme outlier),,,
1003870973,2912.0,providers_a,sum_benes,MAD z-score >= 8 (extreme outlier),,,
1033171467,6940.0,providers_a,sum_benes,MAD z-score >= 8 (extreme outlier),,,
1013944032,2818.0,providers_a,sum_benes,MAD z-score >= 8 (extreme outlier),,,
1033297536,4027.0,providers_a,sum_benes,MAD z-score >= 8 (extreme outlier),,,
1013143015,2716.0,providers_a,sum_benes,MAD z-score >= 8 (extreme outlier),,,
1003120338,3399.0,providers_a,sum_benes,MAD z-score >= 8 (extreme outlier),,,
1003819673,5749.0,providers_a,sum_benes,MAD z-score >= 8 (extreme outlier),,,
1043517683,2795.0,providers_a,sum_benes,MAD z-score >= 8 (extreme outlier),,,
1013987924,8337.0,providers_a,sum_benes,MAD z-score >= 8 (extreme outlier),,,
1033227640,3591.0,providers_a,sum_benes,MAD z-score >= 8 (extreme outlier),,,
1043421282,3914.0,providers_a,sum_benes,MAD z-score >= 8 (extreme outlier),,,
1013919133,2764.0,providers_a,sum_benes,MAD z-score >= 8 (extreme outlier),,,
1043219124,5142.0,providers_a,sum_benes,MAD z-score >= 8 (extreme outlier),,,
1013122753,4180.0,providers_a,sum_benes,MAD z-score >= 8 (extreme outlier),,,
1003016916,2729.0,providers_a,sum_benes,MAD z-score >= 8 (extreme outlier),,,
1033185301,2769.0,providers_a,sum_benes,MAD z-score >= 8 (extreme outlier),,,
1013920362,2557.0,providers_a,sum_benes,MAD z-score >= 8 (extreme outlier),,,
1003893868,4284.0,providers_a,sum_benes,MAD z-score >= 8 (extreme outlier),,,
1023373545,2880.0,providers_a,sum_benes,MAD z-score >= 8 (extreme outlier),,,
1043326937,3509.0,providers_a,sum_benes,MAD z-score >= 8 (extreme outlier),,,
1033110788,2630.0,providers_a,sum_benes,MAD z-score >= 8 (extreme outlier),,,
1033557418,3612.0,providers_a,sum_benes,MAD z-score >= 8 (extreme outlier),,,
1033191226,4879.0,providers_a,sum_benes,MAD z-score >= 8 (extreme outlier),,,
1023217890,3269.0,providers_a,sum_benes,MAD z-score >= 8 (extreme outlier),,,
1023018074,2671.0,providers_a,sum_benes,MAD z-score >= 8 (extreme outlier),,,
1053336974,7929.0,providers_a,sum_benes,MAD z-score >= 8 (extreme outlier),,,
1003845504,3778.0,providers_a,sum_benes,MAD z-score >= 8 (extreme outlier),,,
1033255708,9232.0,providers_a,sum_benes,MAD z-score >= 8 (extreme outlier),,,
1033596317,2623.0,providers_a,sum_benes,MAD z-score >= 8 (extreme outlier),,,
1013152594,3424.0,providers_a,sum_benes,MAD z-score >= 8 (extreme outlier),,,
1013203462,5039.0,providers_a,sum_benes,MAD z-score >= 8 (extreme outlier),,,
1053336263,3863.0,providers_a,sum_benes,MAD z-score >= 8 (extreme outlier),,,
1043344435,10228.0,providers_a,sum_benes,MAD z-score >= 8 (extreme outlier),,,
1043257728,6578.0,providers_a,sum_benes,MAD z-score >= 8 (extreme outlier),,,
1043274293,3197.0,providers_a,sum_benes,MAD z-score >= 8 (extreme outlier),,,
1003997560,4604.0,providers_a,sum_benes,MAD z-score >= 8 (extreme outlier),,,
1043271620,3059.0,providers_a,sum_benes,MAD z-score >= 8 (extreme outlier),,,
1013927235,3574.0,providers_a,sum_benes,MAD z-score >= 8 (extreme outlier),,,
1053346858,2948.0,providers_a,sum_benes,MAD z-score >= 8 (extreme outlier),,,
1003800988,2727.0,providers_a,sum_benes,MAD z-score >= 8 (extreme outlier),,,
1023038908,3758.0,providers_a,sum_benes,MAD z-score >= 8 (extreme outlier),,,
1013938331,2587.0,providers_a,sum_benes,MAD z-score >= 8 (extreme outlier),,,
1043810971,4238.0,providers_a,sum_benes,MAD z-score >= 8 (extreme outlier),,,
1023053279,6473.0,providers_a,sum_benes,MAD z-score >= 8 (extreme outlier),,,
1033433925,2480.0,providers_a,sum_benes,MAD z-score >= 8 (extreme outlier),,,
1003044538,2606.0,providers_a,sum_benes,MAD z-score >= 8 (extreme outlier),,,
1023001500,5901.0,providers_a,sum_benes,MAD z-score >= 8 (extreme outlier),,,
1023109139,8556.0,providers_a,sum_benes,MAD z-score >= 8 (extreme outlier),,,
1033372149,2475.0,providers_a,sum_benes,MAD z-score >= 8 (extreme outlier),,,
1043515034,3797.0,providers_a,sum_benes,MAD z-score >= 8 (extreme outlier),,,
1013177419,4044.0,providers_a,sum_benes,MAD z-score >= 8 (extreme outlier),,,
1013276187,5319.0,providers_a,sum_benes,MAD z-score >= 8 (extreme outlier),,,
1033372586,3759.0,providers_a,sum_benes,MAD z-score >= 8 (extreme outlier),,,
1043290372,4342.0,providers_a,sum_benes,MAD z-score >= 8 (extreme outlier),,,
1043376064,2764.0,providers_a,sum_benes,MAD z-score >= 8 (extreme outlier),,,
1033192034,4818.0,providers_a,sum_benes,MAD z-score >= 8 (extreme outlier),,,
1043276140,8767.0,providers_a,sum_benes,MAD z-score >= 8 (extreme outlier),,,
1003288838,5072.0,providers_a,sum_benes,MAD z-score >= 8 (extreme outlier),,,
1053307355,4432.0,providers_a,sum_benes,MAD z-score >= 8 (extreme outlier),,,
1043448186,2929.0,providers_a,sum_benes,MAD z-score >= 8 (extreme outlier),,,
1003816018,3588.0,providers_a,sum_benes,MAD z-score >= 8 (extreme outlier),,,
1013981364,4908.0,providers_a,sum_benes,MAD z-score >= 8 (extreme outlier),,,
1033400718,4419.0,providers_a,sum_benes,MAD z-score >= 8 (extreme outlier),,,
1013994649,3905.0,providers_a,sum_benes,MAD z-score >= 8 (extreme outlier),,,
1043982002,4871.0,providers_a,sum_benes,MAD z-score >= 8 (extreme outlier),,,
1043276439,4461.0,providers_a,sum_benes,MAD z-score >= 8 (extreme outlier),,,
1003259854,3177.0,providers_a,sum_benes,MAD z-score >= 8 (extreme outlier),,,
1013040450,3312.0,providers_a,sum_benes,MAD z-score >= 8 (extreme outlier),,,
1003875980,4208.0,providers_a,sum_benes,MAD z-score >= 8 (extreme outlier),,,
1003879974,6402.0,providers_a,sum_benes,MAD z-score >= 8 (extreme outlier),,,
1003058546,5637.0,providers_a,sum_benes,MAD z-score >= 8 (extreme outlier),,,
1043267354,2474.0,providers_a,sum_benes,MAD z-score >= 8 (extreme outlier),,,
1043274152,3662.0,providers_a,sum_benes,MAD z-score >= 8 (extreme outlier),,,
1043258247,3977.0,providers_a,sum_benes,MAD z-score >= 8 (extreme outlier),,,
1033195664,3120.0,providers_a,sum_benes,MAD z-score >= 8 (extreme outlier),,,
1003064999,6660.0,providers_a,sum_benes,MAD z-score >= 8 (extreme outlier),,,
1003031212,5882.0,providers_a,sum_benes,MAD z-score >= 8 (extreme outlier),,,
1013924091,3419.0,providers_a,sum_benes,MAD z-score >= 8 (extreme outlier),,,
1033174560,4057.0,providers_a,sum_benes,MAD z-score >= 8 (extreme outlier),,,
1023332079,4002.0,providers_a,sum_benes,MAD z-score >= 8 (extreme outlier),,,
1033522529,2909.0,providers_a,sum_benes,MAD z-score >= 8 (extreme outlier),,,
1023001807,2601.0,providers_a,sum_benes,MAD z-score >= 8 (extreme outlier),,,
1033373980,4541.0,providers_a,sum_benes,MAD z-score >= 8 (extreme outlier),,,
1013237676,2455.0,providers_a,sum_benes,MAD z-score >= 8 (extreme outlier),,,
1023465333,3635.0,providers_a,sum_benes,MAD z-score >= 8 (extreme outlier),,,
1043257611,6379.0,providers_a,sum_benes,MAD z-score >= 8 (extreme outlier),,,
1033273628,5988.0,providers_a,sum_benes,MAD z-score >= 8 (extreme outlier),,,
1013145820,4350.0,providers_a,sum_benes,MAD z-score >= 8 (extreme outlier),,,
1003093600,3281.0,providers_a,sum_benes,MAD z-score >= 8 (extreme outlier),,,
1013945088,3404.0,providers_a,sum_benes,MAD z-score >= 8 (extreme outlier),,,
1043214497,4256.0,providers_a,sum_benes,MAD z-score >= 8 (extreme outlier),,,
1003808197,2603.0,providers_a,sum_benes,MAD z-score >= 8 (extreme outlier),,,
1003900457,3833.0,providers_a,sum_benes,MAD z-score >= 8 (extreme outlier),,,
1013965649,4651.0,providers_a,sum_benes,MAD z-score >= 8 (extreme outlier),,,
1023002664,4130.0,providers_a,sum_benes,MAD z-score >= 8 (extreme outlier),,,
1033163720,2776.0,providers_a,sum_benes,MAD z-score >= 8 (extreme outlier),,,
1013179266,4484.0,providers_a,sum_benes,MAD z-score >= 8 (extreme outlier),,,
1023472057,2671.0,providers_a,sum_benes,MAD z-score >= 8 (extreme outlier),,,
1003901703,2778.0,providers_a,sum_benes,MAD z-score >= 8 (extreme outlier),,,
1043297989,2933.0,providers_a,sum_benes,MAD z-score >= 8 (extreme outlier),,,
1033472022,5531.0,providers_a,sum_benes,MAD z-score >= 8 (extreme outlier),,,
1013322858,2536.0,providers_a,sum_benes,MAD z-score >= 8 (extreme outlier),,,
1023033107,6402.0,providers_a,sum_benes,MAD z-score >= 8 (extreme outlier),,,
1023442795,3554.0,providers_a,sum_benes,MAD z-score >= 8 (extreme outlier),,,
1003041930,2720.0,providers_a,sum_benes,MAD z-score >= 8 (extreme outlier),,,
1043466832,3290.0,providers_a,sum_benes,MAD z-score >= 8 (extreme outlier),,,
1023303096,3007.0,providers_a,sum_benes,MAD z-score >= 8 (extreme outlier),,,
1033281126,54268.0,providers_a,sum_benes,MAD z-score >= 8 (extreme outlier),,,
1043593841,4210.0,providers_a,sum_benes,MAD z-score >= 8 (extreme outlier),,,
1023079522,3128.0,providers_a,sum_benes,MAD z-score >= 8 (extreme outlier),,,
1023122249,3873.0,providers_a,sum_benes,MAD z-score >= 8 (extreme outlier),,,
1033369947,2536.0,providers_a,sum_benes,MAD z-score >= 8 (extreme outlier),,,
1033101647,3773.0,providers_a,sum_benes,MAD z-score >= 8 (extreme outlier),,,
1033407614,2988.0,providers_a,sum_benes,MAD z-score >= 8 (extreme outlier),,,
1013978329,5012.0,providers_a,sum_benes,MAD z-score >= 8 (extreme outlier),,,
1003800632,5323.0,providers_a,sum_benes,MAD z-score >= 8 (extreme outlier),,,
1003855883,10208.0,providers_a,sum_benes,MAD z-score >= 8 (extreme outlier),,,
1023218278,2774.0,providers_a,sum_benes,MAD z-score >= 8 (extreme outlier),,,
1013097831,8654.0,providers_a,sum_benes,MAD z-score >= 8 (extreme outlier),,,
1003921404,13118.0,providers_a,sum_benes,MAD z-score >= 8 (extreme outlier),,,
1003878448,2789.0,providers_a,sum_benes,MAD z-score >= 8 (extreme outlier),,,
1033213269,3041.0,providers_a,sum_benes,MAD z-score >= 8 (extreme outlier),,,
1023016169,6232.0,providers_a,sum_benes,MAD z-score >= 8 (extreme outlier),,,
1003904020,2679.0,providers_a,sum_benes,MAD z-score >= 8 (extreme outlier),,,
1043231434,2503.0,providers_a,sum_benes,MAD z-score >= 8 (extreme outlier),,,
1013107168,3222.0,providers_a,sum_benes,MAD z-score >= 8 (extreme outlier),,,
1043216732,2812.0,providers_a,sum_benes,MAD z-score >= 8 (extreme outlier),,,
1023096203,2668.0,providers_a,sum_benes,MAD z-score >= 8 (extreme outlier),,,
1043274590,5539.0,providers_a,sum_benes,MAD z-score >= 8 (extreme outlier),,,
1003828922,2834.0,providers_a,sum_benes,MAD z-score >= 8 (extreme outlier),,,
1023213626,2980.0,providers_a,sum_benes,MAD z-score >= 8 (extreme outlier),,,
1033138144,7777.0,providers_a,sum_benes,MAD z-score >= 8 (extreme outlier),,,
1043447402,3154.0,providers_a,sum_benes,MAD z-score >= 8 (extreme outlier),,,
1043374028,3442.0,providers_a,sum_benes,MAD z-score >= 8 (extreme outlier),,,
1033436670,4444.0,providers_a,sum_benes,MAD z-score >= 8 (extreme outlier),,,
1023438397,42942.0,providers_a,sum_benes,MAD z-score >= 8 (extreme outlier),,,
1003887449,2911.0,providers_a,sum_benes,MAD z-score >= 8 (extreme outlier),,,
1013150481,6179.0,providers_a,sum_benes,MAD z-score >= 8 (extreme outlier),,,
1003811787,5041.0,providers_a,sum_benes,MAD z-score >= 8 (extreme outlier),,,
1043409873,3333.0,providers_a,sum_benes,MAD z-score >= 8 (extreme outlier),,,
1043219876,4952.0,providers_a,sum_benes,MAD z-score >= 8 (extreme outlier),,,
1023365681,3129.0,providers_a,sum_benes,MAD z-score >= 8 (extreme outlier),,,
1033253430,3378.0,providers_a,sum_benes,MAD z-score >= 8 (extreme outlier),,,
1003079773,4176.0,providers_a,sum_benes,MAD z-score >= 8 (extreme outlier),,,
1023282142,2524.0,providers_a,sum_benes,MAD z-score >= 8 (extreme outlier),,,
1023094786,2655.0,providers_a,sum_benes,MAD z-score >= 8 (extreme outlier),,,
1043964588,19864.0,providers_a,sum_benes,MAD z-score >= 8 (extreme outlier),,,
1003865783,3257.0,providers_a,sum_benes,MAD z-score >= 8 (extreme outlier),,,
1003809831,3212.0,providers_a,sum_benes,MAD z-score >= 8 (extreme outlier),,,
1003923814,3647.0,providers_a,sum_benes,MAD z-score >= 8 (extreme outlier),,,
1013098946,2542.0,providers_a,sum_benes,MAD z-score >= 8 (extreme outlier),,,
1003973165,5369.0,providers_a,sum_benes,MAD z-score >= 8 (extreme outlier),,,
1023035466,8651.0,providers_a,sum_benes,MAD z-score >= 8 (extreme outlier),,,
1013199538,2505.0,providers_a,sum_benes,MAD z-score >= 8 (extreme outlier),,,
1013971266,2878.0,providers_a,sum_benes,MAD z-score >= 8 (extreme outlier),,,
1003806761,3305.0,providers_a,sum_benes,MAD z-score >= 8 (extreme outlier),,,
1023067121,2804.0,providers_a,sum_benes,MAD z-score >= 8 (extreme outlier),,,
1013179274,2532.0,providers_a,sum_benes,MAD z-score >= 8 (extreme outlier),,,
1023452604,3234.0,providers_a,sum_benes,MAD z-score >= 8 (extreme outlier),,,
1023057536,3379.0,providers_a,sum_benes,MAD z-score >= 8 (extreme outlier),,,
1043370604,2840.0,providers_a,sum_benes,MAD z-score >= 8 (extreme outlier),,,
1013580687,2488.0,providers_a,sum_benes,MAD z-score >= 8 (extreme outlier),,,
1003817651,7821.0,providers_a,sum_benes,MAD z-score >= 8 (extreme outlier),,,
1023060902,5410.0,providers_a,sum_benes,MAD z-score >= 8 (extreme outlier),,,
1033290101,2996.0,providers_a,sum_benes,MAD z-score >= 8 (extreme outlier),,,
1043469471,2473.0,providers_a,sum_benes,MAD z-score >= 8 (extreme outlier),,,
1003315201,2587.0,providers_a,sum_benes,MAD z-score >= 8 (extreme outlier),,,
1043214315,3093.0,providers_a,sum_benes,MAD z-score >= 8 (extreme outlier),,,
1043388481,2645.0,providers_a,sum_benes,MAD z-score >= 8 (extreme outlier),,,
1003805060,4776.0,providers_a,sum_benes,MAD z-score >= 8 (extreme outlier),,,
1003891433,2547.0,providers_a,sum_benes,MAD z-score >= 8 (extreme outlier),,,
1053348482,2803.0,providers_a,sum_benes,MAD z-score >= 8 (extreme outlier),,,
1033259320,2827.0,providers_a,sum_benes,MAD z-score >= 8 (extreme outlier),,,
1023097136,3595.0,providers_a,sum_benes,MAD z-score >= 8 (extreme outlier),,,
1003898289,2696.0,providers_a,sum_benes,MAD z-score >= 8 (extreme outlier),,,
1013177344,3632.0,providers_a,sum_benes,MAD z-score >= 8 (extreme outlier),,,
1043326176,4248.0,providers_a,sum_benes,MAD z-score >= 8 (extreme outlier),,,
1013024488,2459.0,providers_a,sum_benes,MAD z-score >= 8 (extreme outlier),,,
1003252297,4010.0,providers_a,sum_benes,MAD z-score >= 8 (extreme outlier),,,
1033266838,5890.0,providers_a,sum_benes,MAD z-score >= 8 (extreme outlier),,,
1003848540,4499.0,providers_a,sum_benes,MAD z-score >= 8 (extreme outlier),,,
1013985977,3121.0,providers_a,sum_benes,MAD z-score >= 8 (extreme outlier),,,
1043484355,4910.0,providers_a,sum_benes,MAD z-score >= 8 (extreme outlier),,,
1033376595,4137.0,providers_a,sum_benes,MAD z-score >= 8 (extreme outlier),,,
1053311068,7045.0,providers_a,sum_benes,MAD z-score >= 8 (extreme outlier),,,
1013394691,2455.0,providers_a,sum_benes,MAD z-score >= 8 (extreme outlier),,,
1013969898,7234.0,providers_a,sum_benes,MAD z-score >= 8 (extreme outlier),,,
1003846817,4667.0,providers_a,sum_benes,MAD z-score >= 8 (extreme outlier),,,
1013554922,2646.0,providers_a,sum_benes,MAD z-score >= 8 (extreme outlier),,,
1013910736,4447.0,providers_a,sum_benes,MAD z-score >= 8 (extreme outlier),,,
1033168976,16850.0,providers_a,sum_benes,MAD z-score >= 8 (extreme outlier),,,
1023054624,3232.0,providers_a,sum_benes,MAD z-score >= 8 (extreme outlier),,,
1033701701,2685.0,providers_a,sum_benes,MAD z-score >= 8 (extreme outlier),,,
1013957133,3766.0,providers_a,sum_benes,MAD z-score >= 8 (extreme outlier),,,
1033189105,4778.0,providers_a,sum_benes,MAD z-score >= 8 (extreme outlier),,,
1003863036,6837.0,providers_a,sum_benes,MAD z-score >= 8 (extreme outlier),,,
1033280862,9710.0,providers_a,sum_benes,MAD z-score >= 8 (extreme outlier),,,
1043457591,3701.0,providers_a,sum_benes,MAD z-score >= 8 (extreme outlier),,,
1013079516,3289.0,providers_a,sum_benes,MAD z-score >= 8 (extreme outlier),,,
1023001559,3947.0,providers_a,sum_benes,MAD z-score >= 8 (extreme outlier),,,
1003064577,2572.0,providers_a,sum_benes,MAD z-score >= 8 (extreme outlier),,,
1013951987,2481.0,providers_a,sum_benes,MAD z-score >= 8 (extreme outlier),,,
1043271737,5252.0,providers_a,sum_benes,MAD z-score >= 8 (extreme outlier),,,
1003853250,8089.0,providers_a,sum_benes,MAD z-score >= 8 (extreme outlier),,,
1033554589,5503.0,providers_a,sum_benes,MAD z-score >= 8 (extreme outlier),,,
1003808122,2762.0,providers_a,sum_benes,MAD z-score >= 8 (extreme outlier),,,
1003816836,6493.0,providers_a,sum_benes,MAD z-score >= 8 (extreme outlier),,,
1033118336,3528.0,providers_a,sum_benes,MAD z-score >= 8 (extreme outlier),,,
1033167465,5191.0,providers_a,sum_benes,MAD z-score >= 8 (extreme outlier),,,
1023338720,3648.0,providers_a,sum_benes,MAD z-score >= 8 (extreme outlier),,,
1043218936,3134.0,providers_a,sum_benes,MAD z-score >= 8 (extreme outlier),,,
1003108549,4376.0,providers_a,sum_benes,MAD z-score >= 8 (extreme outlier),,,
1023013497,2981.0,providers_a,sum_benes,MAD z-score >= 8 (extreme outlier),,,
1003861576,5926.0,providers_a,sum_benes,MAD z-score >= 8 (extreme outlier),,,
1043261548,5669.0,providers_a,sum_benes,MAD z-score >= 8 (extreme outlier),,,
1033191838,3098.0,providers_a,sum_benes,MAD z-score >= 8 (extreme outlier),,,
1013181916,3939.0,providers_a,sum_benes,MAD z-score >= 8 (extreme outlier),,,
1023059508,2913.0,providers_a,sum_benes,MAD z-score >= 8 (extreme outlier),,,
1023309630,2881.0,providers_a,sum_benes,MAD z-score >= 8 (extreme outlier),,,
1023253119,2976.0,providers_a,sum_benes,MAD z-score >= 8 (extreme outlier),,,
1013170125,3395.0,providers_a,sum_benes,MAD z-score >= 8 (extreme outlier),,,
1033112081,5643.0,providers_a,sum_benes,MAD z-score >= 8 (extreme outlier),,,
1003871815,6859.0,providers_a,sum_benes,MAD z-score >= 8 (extreme outlier),,,
1033369806,4308.0,providers_a,sum_benes,MAD z-score >= 8 (extreme outlier),,,
1023290681,2998.0,providers_a,sum_benes,MAD z-score >= 8 (extreme outlier),,,
1043430572,4933.0,providers_a,sum_benes,MAD z-score >= 8 (extreme outlier),,,
1053306704,2895.0,providers_a,sum_benes,MAD z-score >= 8 (extreme outlier),,,
1033168091,2988.0,providers_a,sum_benes,MAD z-score >= 8 (extreme outlier),,,
1023032646,2988.0,providers_a,sum_benes,MAD z-score >= 8 (extreme outlier),,,
1043213465,5976.0,providers_a,sum_benes,MAD z-score >= 8 (extreme outlier),,,
1023054079,2830.0,providers_a,sum_benes,MAD z-score >= 8 (extreme outlier),,,
1043425036,3276.0,providers_a,sum_benes,MAD z-score >= 8 (extreme outlier),,,
1053303461,2705.0,providers_a,sum_benes,MAD z-score >= 8 (extreme outlier),,,
1003105529,2463.0,providers_a,sum_benes,MAD z-score >= 8 (extreme outlier),,,
1013010685,7685.0,providers_a,sum_benes,MAD z-score >= 8 (extreme outlier),,,
1043578446,3243.0,providers_a,sum_benes,MAD z-score >= 8 (extreme outlier),,,
1023020922,3807.0,providers_a,sum_benes,MAD z-score >= 8 (extreme outlier),,,
1013917665,3448.0,providers_a,sum_benes,MAD z-score >= 8 (extreme outlier),,,
1053300558,5475.0,providers_a,sum_benes,MAD z-score >= 8 (extreme outlier),,,
1023000684,2664.0,providers_a,sum_benes,MAD z-score >= 8 (extreme outlier),,,
1023273703,2615.0,providers_a,sum_benes,MAD z-score >= 8 (extreme outlier),,,
1003187642,4307.0,providers_a,sum_benes,MAD z-score >= 8 (extreme outlier),,,
1033129978,2573.0,providers_a,sum_benes,MAD z-score >= 8 (extreme outlier),,,
1003954876,3220.0,providers_a,sum_benes,MAD z-score >= 8 (extreme outlier),,,
1003843657,3659.0,providers_a,sum_benes,MAD z-score >= 8 (extreme outlier),,,
1013475508,2893.0,providers_a,sum_benes,MAD z-score >= 8 (extreme outlier),,,
1023622305,25130.0,providers_a,sum_benes,MAD z-score >= 8 (extreme outlier),,,
1023032976,2895.0,providers_a,sum_benes,MAD z-score >= 8 (extreme outlier),,,
1033390521,3328.0,providers_a,sum_benes,MAD z-score >= 8 (extreme outlier),,,
1033246459,4035.0,providers_a,sum_benes,MAD z-score >= 8 (extreme outlier),,,
1013085190,2942.0,providers_a,sum_benes,MAD z-score >= 8 (extreme outlier),,,
1023336476,4154.0,providers_a,sum_benes,MAD z-score >= 8 (extreme outlier),,,
1003077652,4862.0,providers_a,sum_benes,MAD z-score >= 8 (extreme outlier),,,
1023097623,3079.0,providers_a,sum_benes,MAD z-score >= 8 (extreme outlier),,,
1033437405,4733.0,providers_a,sum_benes,MAD z-score >= 8 (extreme outlier),,,
1033195391,2496.0,providers_a,sum_benes,MAD z-score >= 8 (extreme outlier),,,
1033407499,2586.0,providers_a,sum_benes,MAD z-score >= 8 (extreme outlier),,,
1033153440,3273.0,providers_a,sum_benes,MAD z-score >= 8 (extreme outlier),,,
1053322842,2792.0,providers_a,sum_benes,MAD z-score >= 8 (extreme outlier),,,
1003052788,3398.0,providers_a,sum_benes,MAD z-score >= 8 (extreme outlier),,,
1043384654,2859.0,providers_a,sum_benes,MAD z-score >= 8 (extreme outlier),,,
1013911387,3764.0,providers_a,sum_benes,MAD z-score >= 8 (extreme outlier),,,
1033406855,4113.0,providers_a,sum_benes,MAD z-score >= 8 (extreme outlier),,,
1053320564,3908.0,providers_a,sum_benes,MAD z-score >= 8 (extreme outlier),,,
1013903822,2707.0,providers_a,sum_benes,MAD z-score >= 8 (extreme outlier),,,
1033169404,4034.0,providers_a,sum_benes,MAD z-score >= 8 (extreme outlier),,,
1023371499,6513.0,providers_a,sum_benes,MAD z-score >= 8 (extreme outlier),,,
1043302748,3452.0,providers_a,sum_benes,MAD z-score >= 8 (extreme outlier),,,
1043291511,2686.0,providers_a,sum_benes,MAD z-score >= 8 (extreme outlier),,,
1013977040,5722.0,providers_a,sum_benes,MAD z-score >= 8 (extreme outlier),,,
1023631595,2957.0,providers_a,sum_benes,MAD z-score >= 8 (extreme outlier),,,
1033298047,3445.0,providers_a,sum_benes,MAD z-score >= 8 (extreme outlier),,,
1003223835,2724.0,providers_a,sum_benes,MAD z-score >= 8 (extreme outlier),,,
1003808908,8172.0,providers_a,sum_benes,MAD z-score >= 8 (extreme outlier),,,
1043350275,3217.0,providers_a,sum_benes,MAD z-score >= 8 (extreme outlier),,,
1003845694,7256.0,providers_a,sum_benes,MAD z-score >= 8 (extreme outlier),,,
1013991389,2616.0,providers_a,sum_benes,MAD z-score >= 8 (extreme outlier),,,
1043691124,2706.0,providers_a,sum_benes,MAD z-score >= 8 (extreme outlier),,,
1013276021,5341.0,providers_a,sum_benes,MAD z-score >= 8 (extreme outlier),,,
1043289101,4302.0,providers_a,sum_benes,MAD z-score >= 8 (extreme outlier),,,
1043426521,3593.0,providers_a,sum_benes,MAD z-score >= 8 (extreme outlier),,,
1033203815,8100.0,providers_a,sum_benes,MAD z-score >= 8 (extreme outlier),,,
1033655303,12715.0,providers_a,sum_benes,MAD z-score >= 8 (extreme outlier),,,
1013936079,3026.0,providers_a,sum_benes,MAD z-score >= 8 (extreme outlier),,,
1003827296,2911.0,providers_a,sum_benes,MAD z-score >= 8 (extreme outlier),,,
1023284536,3082.0,providers_a,sum_benes,MAD z-score >= 8 (extreme outlier),,,
1053311050,6716.0,providers_a,sum_benes,MAD z-score >= 8 (extreme outlier),,,
1043233786,3617.0,providers_a,sum_benes,MAD z-score >= 8 (extreme outlier),,,
1003178674,6462.0,providers_a,sum_benes,MAD z-score >= 8 (extreme outlier),,,
1043964257,19017.0,providers_a,sum_benes,MAD z-score >= 8 (extreme outlier),,,
1003014762,3592.0,providers_a,sum_benes,MAD z-score >= 8 (extreme outlier),,,
1003013848,2677.0,providers_a,sum_benes,MAD z-score >= 8 (extreme outlier),,,
1033422951,5305.0,providers_a,sum_benes,MAD z-score >= 8 (extreme outlier),,,
1003115684,3058.0,providers_a,sum_benes,MAD z-score >= 8 (extreme outlier),,,
1043702830,13878.0,providers_a,sum_benes,MAD z-score >= 8 (extreme outlier),,,
1023094943,4440.0,providers_a,sum_benes,MAD z-score >= 8 (extreme outlier),,,
1003169210,3016.0,providers_a,sum_benes,MAD z-score >= 8 (extreme outlier),,,
1053300863,12530.0,providers_a,sum_benes,MAD z-score >= 8 (extreme outlier),,,
1013274158,3789.0,providers_a,sum_benes,MAD z-score >= 8 (extreme outlier),,,
1013456045,2511.0,providers_a,sum_benes,MAD z-score >= 8 (extreme outlier),,,
1003106824,3319.0,providers_a,sum_benes,MAD z-score >= 8 (extreme outlier),,,
1013917400,4082.0,providers_a,sum_benes,MAD z-score >= 8 (extreme outlier),,,
1033420112,4886.0,providers_a,sum_benes,MAD z-score >= 8 (extreme outlier),,,
1003926502,2691.0,providers_a,sum_benes,MAD z-score >= 8 (extreme outlier),,,
1003137084,5687.0,providers_a,sum_benes,MAD z-score >= 8 (extreme outlier),,,
1023006293,2872.0,providers_a,sum_benes,MAD z-score >= 8 (extreme outlier),,,
1023230802,2706.0,providers_a,sum_benes,MAD z-score >= 8 (extreme outlier),,,
1033293451,4110.0,providers_a,sum_benes,MAD z-score >= 8 (extreme outlier),,,
1013950070,3169.0,providers_a,sum_benes,MAD z-score >= 8 (extreme outlier),,,
1023403938,4002.0,providers_a,sum_benes,MAD z-score >= 8 (extreme outlier),,,
1003821059,2509.0,providers_a,sum_benes,MAD z-score >= 8 (extreme outlier),,,
1043205081,3605.0,providers_a,sum_benes,MAD z-score >= 8 (extreme outlier),,,
1023018066,2670.0,providers_a,sum_benes,MAD z-score >= 8 (extreme outlier),,,
1033146964,2862.0,providers_a,sum_benes,MAD z-score >= 8 (extreme outlier),,,
1003873894,3267.0,providers_a,sum_benes,MAD z-score >= 8 (extreme outlier),,,
1023439767,8793.0,providers_a,sum_benes,MAD z-score >= 8 (extreme outlier),,,
1003042805,4292.0,providers_a,sum_benes,MAD z-score >= 8 (extreme outlier),,,
1033180229,12476.0,providers_a,sum_benes,MAD z-score >= 8 (extreme outlier),,,
1023115078,2744.0,providers_a,sum_benes,MAD z-score >= 8 (extreme outlier),,,
1003873886,4230.0,providers_a,sum_benes,MAD z-score >= 8 (extreme outlier),,,
1023006988,3217.0,providers_a,sum_benes,MAD z-score >= 8 (extreme outlier),,,
1023227527,2794.0,providers_a,sum_benes,MAD z-score >= 8 (extreme outlier),,,
1023057049,3619.0,providers_a,sum_benes,MAD z-score >= 8 (extreme outlier),,,
1013056365,2931.0,providers_a,sum_benes,MAD z-score >= 8 (extreme outlier),,,
1033146634,3027.0,providers_a,sum_benes,MAD z-score >= 8 (extreme outlier),,,
1023329810,2480.0,providers_a,sum_benes,MAD z-score >= 8 (extreme outlier),,,
1013917277,2905.0,providers_a,sum_benes,MAD z-score >= 8 (extreme outlier),,,
1003816224,2938.0,providers_a,sum_benes,MAD z-score >= 8 (extreme outlier),,,
1013203074,2464.0,providers_a,sum_benes,MAD z-score >= 8 (extreme outlier),,,
1033196050,2813.0,providers_a,sum_benes,MAD z-score >= 8 (extreme outlier),,,
1013100098,4794.0,providers_a,sum_benes,MAD z-score >= 8 (extreme outlier),,,
1013200203,6490.0,providers_a,sum_benes,MAD z-score >= 8 (extreme outlier),,,
1013160563,2543.0,providers_a,sum_benes,MAD z-score >= 8 (extreme outlier),,,
1003010687,8928.0,providers_a,sum_benes,MAD z-score >= 8 (extreme outlier),,,
1033107677,4462.0,providers_a,sum_benes,MAD z-score >= 8 (extreme outlier),,,
1043565500,3155.0,providers_a,sum_benes,MAD z-score >= 8 (extreme outlier),,,
1013952084,4303.0,providers_a,sum_benes,MAD z-score >= 8 (extreme outlier),,,
1023374519,2819.0,providers_a,sum_benes,MAD z-score >= 8 (extreme outlier),,,
1043397144,2617.0,providers_a,sum_benes,MAD z-score >= 8 (extreme outlier),,,
1033557269,5165.0,providers_a,sum_benes,MAD z-score >= 8 (extreme outlier),,,
1023061546,3147.0,providers_a,sum_benes,MAD z-score >= 8 (extreme outlier),,,
1013081942,3864.0,providers_a,sum_benes,MAD z-score >= 8 (extreme outlier),,,
1043208085,3910.0,providers_a,sum_benes,MAD z-score >= 8 (extreme outlier),,,
1043339310,4796.0,providers_a,sum_benes,MAD z-score >= 8 (extreme outlier),,,
1013951409,4902.0,providers_a,sum_benes,MAD z-score >= 8 (extreme outlier),,,
1043447592,3342.0,providers_a,sum_benes,MAD z-score >= 8 (extreme outlier),,,
1023499076,10515.0,providers_a,sum_benes,MAD z-score >= 8 (extreme outlier),,,
1023273919,2980.0,providers_a,sum_benes,MAD z-score >= 8 (extreme outlier),,,
1013929389,2875.0,providers_a,sum_benes,MAD z-score >= 8 (extreme outlier),,,
1023499860,3443.0,providers_a,sum_benes,MAD z-score >= 8 (extreme outlier),,,
1003172313,2621.0,providers_a,sum_benes,MAD z-score >= 8 (extreme outlier),,,
1023002946,3363.0,providers_a,sum_benes,MAD z-score >= 8 (extreme outlier),,,
1003895764,5643.0,providers_a,sum_benes,MAD z-score >= 8 (extreme outlier),,,
1013011857,4197.0,providers_a,sum_benes,MAD z-score >= 8 (extreme outlier),,,
1003919820,2481.0,providers_a,sum_benes,MAD z-score >= 8 (extreme outlier),,,
1033588041,8570.0,providers_a,sum_benes,MAD z-score >= 8 (extreme outlier),,,
1003133117,3688.0,providers_a,sum_benes,MAD z-score >= 8 (extreme outlier),,,
1043274798,2985.0,providers_a,sum_benes,MAD z-score >= 8 (extreme outlier),,,
1023769452,2932.0,providers_a,sum_benes,MAD z-score >= 8 (extreme outlier),,,
1023003241,3235.0,providers_a,sum_benes,MAD z-score >= 8 (extreme outlier),,,
1033111836,3250.0,providers_a,sum_benes,MAD z-score >= 8 (extreme outlier),,,
1033420286,4121.0,providers_a,sum_benes,MAD z-score >= 8 (extreme outlier),,,
1043432719,13305.0,providers_a,sum_benes,MAD z-score >= 8 (extreme outlier),,,
1003886557,2555.0,providers_a,sum_benes,MAD z-score >= 8 (extreme outlier),,,
1023076593,4334.0,providers_a,sum_benes,MAD z-score >= 8 (extreme outlier),,,
1033101571,6038.0,providers_a,sum_benes,MAD z-score >= 8 (extreme outlier),,,
1043966906,8497.0,providers_a,sum_benes,MAD z-score >= 8 (extreme outlier),,,
1033157409,4048.0,providers_a,sum_benes,MAD z-score >= 8 (extreme outlier),,,
1033306303,2863.0,providers_a,sum_benes,MAD z-score >= 8 (extreme outlier),,,
1013949601,2901.0,providers_a,sum_benes,MAD z-score >= 8 (extreme outlier),,,
1013054865,8083.0,providers_a,sum_benes,MAD z-score >= 8 (extreme outlier),,,
1033506761,3090.0,providers_a,sum_benes,MAD z-score >= 8 (extreme outlier),,,
1033120290,6888.0,providers_a,sum_benes,MAD z-score >= 8 (extreme outlier),,,
1013994748,4661.0,providers_a,sum_benes,MAD z-score >= 8 (extreme outlier),,,
1033377759,2747.0,providers_a,sum_benes,MAD z-score >= 8 (extreme outlier),,,
1013980713,3356.0,providers_a,sum_benes,MAD z-score >= 8 (extreme outlier),,,
1003822115,4360.0,providers_a,sum_benes,MAD z-score >= 8 (extreme outlier),,,
1033177829,2647.0,providers_a,sum_benes,MAD z-score >= 8 (extreme outlier),,,
1053318170,3466.0,providers_a,sum_benes,MAD z-score >= 8 (extreme outlier),,,
1013904416,3024.0,providers_a,sum_benes,MAD z-score >= 8 (extreme outlier),,,
1003089624,4250.0,providers_a,sum_benes,MAD z-score >= 8 (extreme outlier),,,
1023015476,3362.0,providers_a,sum_benes,MAD z-score >= 8 (extreme outlier),,,
1033163563,3627.0,providers_a,sum_benes,MAD z-score >= 8 (extreme outlier),,,
1013962638,8078.0,providers_a,sum_benes,MAD z-score >= 8 (extreme outlier),,,
1043271539,300759.0,providers_a,sum_benes,MAD z-score >= 8 (extreme outlier),,,
1003835505,3806.0,providers_a,sum_benes,MAD z-score >= 8 (extreme outlier),,,
1043241300,2582.0,providers_a,sum_benes,MAD z-score >= 8 (extreme outlier),,,
1023016557,12295.0,providers_a,sum_benes,MAD z-score >= 8 (extreme outlier),,,
1043213051,6563.0,providers_a,sum_benes,MAD z-score >= 8 (extreme outlier),,,
1023088770,5254.0,providers_a,sum_benes,MAD z-score >= 8 (extreme outlier),,,
1043835143,41999.0,providers_a,sum_benes,MAD z-score >= 8 (extreme outlier),,,
1033421730,4325.0,providers_a,sum_benes,MAD z-score >= 8 (extreme outlier),,,
1003342833,2725.0,providers_a,sum_benes,MAD z-score >= 8 (extreme outlier),,,
1033637236,3219.0,providers_a,sum_benes,MAD z-score >= 8 (extreme outlier),,,
1013914001,4403.0,providers_a,sum_benes,MAD z-score >= 8 (extreme outlier),,,
1023045135,2630.0,providers_a,sum_benes,MAD z-score >= 8 (extreme outlier),,,
1003142365,4780.0,providers_a,sum_benes,MAD z-score >= 8 (extreme outlier),,,
1043203441,7556.0,providers_a,sum_benes,MAD z-score >= 8 (extreme outlier),,,
1043310634,4958.0,providers_a,sum_benes,MAD z-score >= 8 (extreme outlier),,,
1013431741,160388.0,providers_a,sum_benes,MAD z-score >= 8 (extreme outlier),,,
1043587124,4193.0,providers_a,sum_benes,MAD z-score >= 8 (extreme outlier),,,
1003296336,3942.0,providers_a,sum_benes,MAD z-score >= 8 (extreme outlier),,,
1023097383,4174.0,providers_a,sum_benes,MAD z-score >= 8 (extreme outlier),,,
1043244122,2893.0,providers_a,sum_benes,MAD z-score >= 8 (extreme outlier),,,
1033313465,4121.0,providers_a,sum_benes,MAD z-score >= 8 (extreme outlier),,,
1033200902,4137.0,providers_a,sum_benes,MAD z-score >= 8 (extreme outlier),,,
1013900364,6412.0,providers_a,sum_benes,MAD z-score >= 8 (extreme outlier),,,
1003937715,2633.0,providers_a,sum_benes,MAD z-score >= 8 (extreme outlier),,,
1023317781,3248.0,providers_a,sum_benes,MAD z-score >= 8 (extreme outlier),,,
1043691702,3583.0,providers_a,sum_benes,MAD z-score >= 8 (extreme outlier),,,
1053305714,3595.0,providers_a,sum_benes,MAD z-score >= 8 (extreme outlier),,,
1043214323,3715.0,providers_a,sum_benes,MAD z-score >= 8 (extreme outlier),,,
1003913815,5539.0,providers_a,sum_benes,MAD z-score >= 8 (extreme outlier),,,
1023037488,3527.0,providers_a,sum_benes,MAD z-score >= 8 (extreme outlier),,,
1003837634,7962.0,providers_a,sum_benes,MAD z-score >= 8 (extreme outlier),,,
1033434477,2894.0,providers_a,sum_benes,MAD z-score >= 8 (extreme outlier),,,
1013164177,2776.0,providers_a,sum_benes,MAD z-score >= 8 (extreme outlier),,,
1053351510,3238.0,providers_a,sum_benes,MAD z-score >= 8 (extreme outlier),,,
1013327659,3870.0,providers_a,sum_benes,MAD z-score >= 8 (extreme outlier),,,
1033504170,3882.0,providers_a,sum_benes,MAD z-score >= 8 (extreme outlier),,,
1043419351,5560.0,providers_a,sum_benes,MAD z-score >= 8 (extreme outlier),,,
1013356914,3099.0,providers_a,sum_benes,MAD z-score >= 8 (extreme outlier),,,
1043271018,8822.0,providers_a,sum_benes,MAD z-score >= 8 (extreme outlier),,,
1023213378,6292.0,providers_a,sum_benes,MAD z-score >= 8 (extreme outlier),,,
1013354521,3629.0,providers_a,sum_benes,MAD z-score >= 8 (extreme outlier),,,
1043313133,20876.0,providers_a,sum_benes,MAD z-score >= 8 (extreme outlier),,,
1043299712,4692.0,providers_a,sum_benes,MAD z-score >= 8 (extreme outlier),,,
1033152624,3117.0,providers_a,sum_benes,MAD z-score >= 8 (extreme outlier),,,
1003127051,2970.0,providers_a,sum_benes,MAD z-score >= 8 (extreme outlier),,,
1053348037,6779.0,providers_a,sum_benes,MAD z-score >= 8 (extreme outlier),,,
1003870759,3010.0,providers_a,sum_benes,MAD z-score >= 8 (extreme outlier),,,
1013170612,2818.0,providers_a,sum_benes,MAD z-score >= 8 (extreme outlier),,,
1033764360,3981.0,providers_a,sum_benes,MAD z-score >= 8 (extreme outlier),,,
1013112499,3436.0,providers_a,sum_benes,MAD z-score >= 8 (extreme outlier),,,
1003961764,7446.0,providers_a,sum_benes,MAD z-score >= 8 (extreme outlier),,,
1033343389,12914.0,providers_a,sum_benes,MAD z-score >= 8 (extreme outlier),,,
1013949403,3536.0,providers_a,sum_benes,MAD z-score >= 8 (extreme outlier),,,
1013231570,5066.0,providers_a,sum_benes,MAD z-score >= 8 (extreme outlier),,,
1013949544,2573.0,providers_a,sum_benes,MAD z-score >= 8 (extreme outlier),,,
1033301858,3441.0,providers_a,sum_benes,MAD z-score >= 8 (extreme outlier),,,
1043470735,2647.0,providers_a,sum_benes,MAD z-score >= 8 (extreme outlier),,,
1003014473,3549.0,providers_a,sum_benes,MAD z-score >= 8 (extreme outlier),,,
1043302615,5535.0,providers_a,sum_benes,MAD z-score >= 8 (extreme outlier),,,
1023086592,4434.0,providers_a,sum_benes,MAD z-score >= 8 (extreme outlier),,,
1003999251,5459.0,providers_a,sum_benes,MAD z-score >= 8 (extreme outlier),,,
1003993965,2509.0,providers_a,sum_benes,MAD z-score >= 8 (extreme outlier),,,
1013011071,2691.0,providers_a,sum_benes,MAD z-score >= 8 (extreme outlier),,,
1033169891,14300.0,providers_a,sum_benes,MAD z-score >= 8 (extreme outlier),,,
1013258342,3839.0,providers_a,sum_benes,MAD z-score >= 8 (extreme outlier),,,
1003845371,4129.0,providers_a,sum_benes,MAD z-score >= 8 (extreme outlier),,,
1013142314,5672.0,providers_a,sum_benes,MAD z-score >= 8 (extreme outlier),,,
1033117437,11676.0,providers_a,sum_benes,MAD z-score >= 8 (extreme outlier),,,
1043211576,4585.0,providers_a,sum_benes,MAD z-score >= 8 (extreme outlier),,,
1023070364,3355.0,providers_a,sum_benes,MAD z-score >= 8 (extreme outlier),,,
1013990647,2478.0,providers_a,sum_benes,MAD z-score >= 8 (extreme outlier),,,
1033137591,2987.0,providers_a,sum_benes,MAD z-score >= 8 (extreme outlier),,,
1003030685,3391.0,providers_a,sum_benes,MAD z-score >= 8 (extreme outlier),,,
1043302466,5879.0,providers_a,sum_benes,MAD z-score >= 8 (extreme outlier),,,
1043436140,2562.0,providers_a,sum_benes,MAD z-score >= 8 (extreme outlier),,,
1053081422,2669.0,providers_a,sum_benes,MAD z-score >= 8 (extreme outlier),,,
1023233152,2475.0,providers_a,sum_benes,MAD z-score >= 8 (extreme outlier),,,
1043263205,4452.0,providers_a,sum_benes,MAD z-score >= 8 (extreme outlier),,,
1043260607,7808.0,providers_a,sum_benes,MAD z-score >= 8 (extreme outlier),,,
1013449479,3417.0,providers_a,sum_benes,MAD z-score >= 8 (extreme outlier),,,
1043218316,2494.0,providers_a,sum_benes,MAD z-score >= 8 (extreme outlier),,,
1003017468,2503.0,providers_a,sum_benes,MAD z-score >= 8 (extreme outlier),,,
1023085941,3362.0,providers_a,sum_benes,MAD z-score >= 8 (extreme outlier),,,
1043373715,4068.0,providers_a,sum_benes,MAD z-score >= 8 (extreme outlier),,,
1043482508,3645.0,providers_a,sum_benes,MAD z-score >= 8 (extreme outlier),,,
1023097839,6211.0,providers_a,sum_benes,MAD z-score >= 8 (extreme outlier),,,
1003893454,3798.0,providers_a,sum_benes,MAD z-score >= 8 (extreme outlier),,,
1043244296,4669.0,providers_a,sum_benes,MAD z-score >= 8 (extreme outlier),,,
1003129610,2848.0,providers_a,sum_benes,MAD z-score >= 8 (extreme outlier),,,
1043277304,4987.0,providers_a,sum_benes,MAD z-score >= 8 (extreme outlier),,,
1013107762,3023.0,providers_a,sum_benes,MAD z-score >= 8 (extreme outlier),,,
1033139050,5728.0,providers_a,sum_benes,MAD z-score >= 8 (extreme outlier),,,
1023639853,4422.0,providers_a,sum_benes,MAD z-score >= 8 (extreme outlier),,,
1003824335,4057.0,providers_a,sum_benes,MAD z-score >= 8 (extreme outlier),,,
1043439920,2985.0,providers_a,sum_benes,MAD z-score >= 8 (extreme outlier),,,
1043444789,2692.0,providers_a,sum_benes,MAD z-score >= 8 (extreme outlier),,,
1043538796,3307.0,providers_a,sum_benes,MAD z-score >= 8 (extreme outlier),,,
1023086147,2960.0,providers_a,sum_benes,MAD z-score >= 8 (extreme outlier),,,
1013663558,10356.0,providers_a,sum_benes,MAD z-score >= 8 (extreme outlier),,,
1043637150,2997.0,providers_a,sum_benes,MAD z-score >= 8 (extreme outlier),,,
1033141866,3127.0,providers_a,sum_benes,MAD z-score >= 8 (extreme outlier),,,
1003195686,2470.0,providers_a,sum_benes,MAD z-score >= 8 (extreme outlier),,,
1043287816,4060.0,providers_a,sum_benes,MAD z-score >= 8 (extreme outlier),,,
1043238074,2876.0,providers_a,sum_benes,MAD z-score >= 8 (extreme outlier),,,
1043428063,3009.0,providers_a,sum_benes,MAD z-score >= 8 (extreme outlier),,,
1023033149,2897.0,providers_a,sum_benes,MAD z-score >= 8 (extreme outlier),,,
1033255773,3050.0,providers_a,sum_benes,MAD z-score >= 8 (extreme outlier),,,
1003891060,3491.0,providers_a,sum_benes,MAD z-score >= 8 (extreme outlier),,,
1003139932,3477.0,providers_a,sum_benes,MAD z-score >= 8 (extreme outlier),,,
1033102413,3498.0,providers_a,sum_benes,MAD z-score >= 8 (extreme outlier),,,
1003130725,2817.0,providers_a,sum_benes,MAD z-score >= 8 (extreme outlier),,,
1013169366,5110.0,providers_a,sum_benes,MAD z-score >= 8 (extreme outlier),,,
1033112958,3192.0,providers_a,sum_benes,MAD z-score >= 8 (extreme outlier),,,
1033367362,3252.0,providers_a,sum_benes,MAD z-score >= 8 (extreme outlier),,,
1043256134,2519.0,providers_a,sum_benes,MAD z-score >= 8 (extreme outlier),,,
1013904986,3007.0,providers_a,sum_benes,MAD z-score >= 8 (extreme outlier),,,
1043214588,2880.0,providers_a,sum_benes,MAD z-score >= 8 (extreme outlier),,,
1013968247,4845.0,providers_a,sum_benes,MAD z-score >= 8 (extreme outlier),,,
1023075538,3313.0,providers_a,sum_benes,MAD z-score >= 8 (extreme outlier),,,
1013163211,4367.0,providers_a,sum_benes,MAD z-score >= 8 (extreme outlier),,,
1043763758,3314.0,providers_a,sum_benes,MAD z-score >= 8 (extreme outlier),,,
1013982024,3142.0,providers_a,sum_benes,MAD z-score >= 8 (extreme outlier),,,
1023096518,2594.0,providers_a,sum_benes,MAD z-score >= 8 (extreme outlier),,,
1033134317,2497.0,providers_a,sum_benes,MAD z-score >= 8 (extreme outlier),,,
1043735335,2512.0,providers_a,sum_benes,MAD z-score >= 8 (extreme outlier),,,
1013356344,3237.0,providers_a,sum_benes,MAD z-score >= 8 (extreme outlier),,,
1023026176,2570.0,providers_a,sum_benes,MAD z-score >= 8 (extreme outlier),,,
1003270588,6399.0,providers_a,sum_benes,MAD z-score >= 8 (extreme outlier),,,
1043576663,3285.0,providers_a,sum_benes,MAD z-score >= 8 (extreme outlier),,,
1033322078,5951.0,providers_a,sum_benes,MAD z-score >= 8 (extreme outlier),,,
1033358288,3111.0,providers_a,sum_benes,MAD z-score >= 8 (extreme outlier),,,
1013988260,7537.0,providers_a,sum_benes,MAD z-score >= 8 (extreme outlier),,,
1043263494,12171.0,providers_a,sum_benes,MAD z-score >= 8 (extreme outlier),,,
1043284789,4193.0,providers_a,sum_benes,MAD z-score >= 8 (extreme outlier),,,
1043322126,2500.0,providers_a,sum_benes,MAD z-score >= 8 (extreme outlier),,,
1003827007,3994.0,providers_a,sum_benes,MAD z-score >= 8 (extreme outlier),,,
1033371596,3912.0,providers_a,sum_benes,MAD z-score >= 8 (extreme outlier),,,
1013924588,3346.0,providers_a,sum_benes,MAD z-score >= 8 (extreme outlier),,,
1033552773,4984.0,providers_a,sum_benes,MAD z-score >= 8 (extreme outlier),,,
1023278793,4529.0,providers_a,sum_benes,MAD z-score >= 8 (extreme outlier),,,
1033120142,6280.0,providers_a,sum_benes,MAD z-score >= 8 (extreme outlier),,,
1033239413,39755.0,providers_a,sum_benes,MAD z-score >= 8 (extreme outlier),,,
1043475247,8076.0,providers_a,sum_benes,MAD z-score >= 8 (extreme outlier),,,
1013098870,3637.0,providers_a,sum_benes,MAD z-score >= 8 (extreme outlier),,,
1003878596,40136.0,providers_a,sum_benes,MAD z-score >= 8 (extreme outlier),,,
1003806654,3944.0,providers_a,sum_benes,MAD z-score >= 8 (extreme outlier),,,
1003849357,6211.0,providers_a,sum_benes,MAD z-score >= 8 (extreme outlier),,,
1043503907,4017.0,providers_a,sum_benes,MAD z-score >= 8 (extreme outlier),,,
1043521198,3209.0,providers_a,sum_benes,MAD z-score >= 8 (extreme outlier),,,
1003913252,3179.0,providers_a,sum_benes,MAD z-score >= 8 (extreme outlier),,,
1003441288,2908.0,providers_a,sum_benes,MAD z-score >= 8 (extreme outlier),,,
1053350561,3039.0,providers_a,sum_benes,MAD z-score >= 8 (extreme outlier),,,
1013933266,2947.0,providers_a,sum_benes,MAD z-score >= 8 (extreme outlier),,,
1033147491,7982.0,providers_a,sum_benes,MAD z-score >= 8 (extreme outlier),,,
1013120104,7364.0,providers_a,sum_benes,MAD z-score >= 8 (extreme outlier),,,
1003089772,5143.0,providers_a,sum_benes,MAD z-score >= 8 (extreme outlier),,,
1023056306,4307.0,providers_a,sum_benes,MAD z-score >= 8 (extreme outlier),,,
1033179072,3623.0,providers_a,sum_benes,MAD z-score >= 8 (extreme outlier),,,
1033370986,5390.0,providers_a,sum_benes,MAD z-score >= 8 (extreme outlier),,,
1043594344,2762.0,providers_a,sum_benes,MAD z-score >= 8 (extreme outlier),,,
1033426622,10950.0,providers_a,sum_benes,MAD z-score >= 8 (extreme outlier),,,
1043299639,2611.0,providers_a,sum_benes,MAD z-score >= 8 (extreme outlier),,,
1043288673,6710.0,providers_a,sum_benes,MAD z-score >= 8 (extreme outlier),,,
1033301320,8008.0,providers_a,sum_benes,MAD z-score >= 8 (extreme outlier),,,
1013171420,3260.0,providers_a,sum_benes,MAD z-score >= 8 (extreme outlier),,,
1003875477,4564.0,providers_a,sum_benes,MAD z-score >= 8 (extreme outlier),,,
1053319640,4925.0,providers_a,sum_benes,MAD z-score >= 8 (extreme outlier),,,
1003884669,2617.0,providers_a,sum_benes,MAD z-score >= 8 (extreme outlier),,,
1033193941,3625.0,providers_a,sum_benes,MAD z-score >= 8 (extreme outlier),,,
1043659790,3194.0,providers_a,sum_benes,MAD z-score >= 8 (extreme outlier),,,
1053350389,4022.0,providers_a,sum_benes,MAD z-score >= 8 (extreme outlier),,,
1033316070,2500.0,providers_a,sum_benes,MAD z-score >= 8 (extreme outlier),,,
1003854985,3570.0,providers_a,sum_benes,MAD z-score >= 8 (extreme outlier),,,
1053300632,11052.0,providers_a,sum_benes,MAD z-score >= 8 (extreme outlier),,,
1013207653,4871.0,providers_a,sum_benes,MAD z-score >= 8 (extreme outlier),,,
1043360704,4106.0,providers_a,sum_benes,MAD z-score >= 8 (extreme outlier),,,
1033162912,2992.0,providers_a,sum_benes,MAD z-score >= 8 (extreme outlier),,,
1033107321,3978.0,providers_a,sum_benes,MAD z-score >= 8 (extreme outlier),,,
1013000405,5063.0,providers_a,sum_benes,MAD z-score >= 8 (extreme outlier),,,
1023269313,6745.0,providers_a,sum_benes,MAD z-score >= 8 (extreme outlier),,,
1023403201,2636.0,providers_a,sum_benes,MAD z-score >= 8 (extreme outlier),,,
1013247899,3000.0,providers_a,sum_benes,MAD z-score >= 8 (extreme outlier),,,
1023215464,2717.0,providers_a,sum_benes,MAD z-score >= 8 (extreme outlier),,,
1013215896,3920.0,providers_a,sum_benes,MAD z-score >= 8 (extreme outlier),,,
1023049079,6627.0,providers_a,sum_benes,MAD z-score >= 8 (extreme outlier),,,
1003024191,4267.0,providers_a,sum_benes,MAD z-score >= 8 (extreme outlier),,,
1053308593,16990.0,providers_a,sum_benes,MAD z-score >= 8 (extreme outlier),,,
1033172895,3434.0,providers_a,sum_benes,MAD z-score >= 8 (extreme outlier),,,
1053327643,4659.0,providers_a,sum_benes,MAD z-score >= 8 (extreme outlier),,,
1043254469,7384.0,providers_a,sum_benes,MAD z-score >= 8 (extreme outlier),,,
1023124054,5554.0,providers_a,sum_benes,MAD z-score >= 8 (extreme outlier),,,
1013999606,2456.0,providers_a,sum_benes,MAD z-score >= 8 (extreme outlier),,,
1043451081,3999.0,providers_a,sum_benes,MAD z-score >= 8 (extreme outlier),,,
1003201146,5376.0,providers_a,sum_benes,MAD z-score >= 8 (extreme outlier),,,
1053327171,5283.0,providers_a,sum_benes,MAD z-score >= 8 (extreme outlier),,,
1033197819,6064.0,providers_a,sum_benes,MAD z-score >= 8 (extreme outlier),,,
1003805664,3693.0,providers_a,sum_benes,MAD z-score >= 8 (extreme outlier),,,
1043643851,4173.0,providers_a,sum_benes,MAD z-score >= 8 (extreme outlier),,,
1013197649,4380.0,providers_a,sum_benes,MAD z-score >= 8 (extreme outlier),,,
1033198833,3579.0,providers_a,sum_benes,MAD z-score >= 8 (extreme outlier),,,
1023490372,2541.0,providers_a,sum_benes,MAD z-score >= 8 (extreme outlier),,,
1043206527,3924.0,providers_a,sum_benes,MAD z-score >= 8 (extreme outlier),,,
1033226329,2501.0,providers_a,sum_benes,MAD z-score >= 8 (extreme outlier),,,
1003038746,2764.0,providers_a,sum_benes,MAD z-score >= 8 (extreme outlier),,,
1003290834,6399.0,providers_a,sum_benes,MAD z-score >= 8 (extreme outlier),,,
1043501273,4115.0,providers_a,sum_benes,MAD z-score >= 8 (extreme outlier),,,
1043500937,6921.0,providers_a,sum_benes,MAD z-score >= 8 (extreme outlier),,,
1023090289,4672.0,providers_a,sum_benes,MAD z-score >= 8 (extreme outlier),,,
1023305638,3918.0,providers_a,sum_benes,MAD z-score >= 8 (extreme outlier),,,
1053030841,,providers_a,sum_srvcs,MAD z-score >= 8 (extreme outlier),8423.3,,
1013130186,,providers_a,sum_srvcs,MAD z-score >= 8 (extreme outlier),76352.0,,
1043508963,,providers_a,sum_srvcs,MAD z-score >= 8 (extreme outlier),27598.0,,
1003100603,,providers_a,sum_srvcs,MAD z-score >= 8 (extreme outlier),5448.0,,
1033468400,,providers_a,sum_srvcs,MAD z-score >= 8 (extreme outlier),94453.0,,
1043236094,,providers_a,sum_srvcs,MAD z-score >= 8 (extreme outlier),6633.0,,
1023374659,,providers_a,sum_srvcs,MAD z-score >= 8 (extreme outlier),87832.0,,
1013987882,,providers_a,sum_srvcs,MAD z-score >= 8 (extreme outlier),31155.0,,
1043733108,,providers_a,sum_srvcs,MAD z-score >= 8 (extreme outlier),21022.0,,
1013424092,,providers_a,sum_srvcs,MAD z-score >= 8 (extreme outlier),6038.5,,
1043307549,,providers_a,sum_srvcs,MAD z-score >= 8 (extreme outlier),6705.0,,
1013915552,,providers_a,sum_srvcs,MAD z-score >= 8 (extreme outlier),9330.0,,
1023246527,,providers_a,sum_srvcs,MAD z-score >= 8 (extreme outlier),10200.0,,
1043218845,,providers_a,sum_srvcs,MAD z-score >= 8 (extreme outlier),17329.0,,
1003852039,,providers_a,sum_srvcs,MAD z-score >= 8 (extreme outlier),5645.0,,
1003811423,,providers_a,sum_srvcs,MAD z-score >= 8 (extreme outlier),16884.0,,
1023249406,,providers_a,sum_srvcs,MAD z-score >= 8 (extreme outlier),7683.0,,
1033125414,,providers_a,sum_srvcs,MAD z-score >= 8 (extreme outlier),4702.0,,
1043428410,,providers_a,sum_srvcs,MAD z-score >= 8 (extreme outlier),5673.0,,
1043254964,,providers_a,sum_srvcs,MAD z-score >= 8 (extreme outlier),5327.0,,
1043461924,,providers_a,sum_srvcs,MAD z-score >= 8 (extreme outlier),8100.0,,
1053307041,,providers_a,sum_srvcs,MAD z-score >= 8 (extreme outlier),10222.0,,
1043843014,,providers_a,sum_srvcs,MAD z-score >= 8 (extreme outlier),7656.0,,
1033284823,,providers_a,sum_srvcs,MAD z-score >= 8 (extreme outlier),26206.0,,
1043606130,,providers_a,sum_srvcs,MAD z-score >= 8 (extreme outlier),15226.0,,
1003870726,,providers_a,sum_srvcs,MAD z-score >= 8 (extreme outlier),55843.0,,
1023205531,,providers_a,sum_srvcs,MAD z-score >= 8 (extreme outlier),92196.0,,
1013352962,,providers_a,sum_srvcs,MAD z-score >= 8 (extreme outlier),37927.0,,
1003912809,,providers_a,sum_srvcs,MAD z-score >= 8 (extreme outlier),13433.0,,
1003886342,,providers_a,sum_srvcs,MAD z-score >= 8 (extreme outlier),6701.0,,
1003808361,,providers_a,sum_srvcs,MAD z-score >= 8 (extreme outlier),9890.0,,
1013915487,,providers_a,sum_srvcs,MAD z-score >= 8 (extreme outlier),5829.0,,
1033370408,,providers_a,sum_srvcs,MAD z-score >= 8 (extreme outlier),20751.0,,
1003245317,,providers_a,sum_srvcs,MAD z-score >= 8 (extreme outlier),26560.0,,
1043293921,,providers_a,sum_srvcs,MAD z-score >= 8 (extreme outlier),4805.0,,
1003130188,,providers_a,sum_srvcs,MAD z-score >= 8 (extreme outlier),4842.0,,
1023059805,,providers_a,sum_srvcs,MAD z-score >= 8 (extreme outlier),5108.0,,
1013100312,,providers_a,sum_srvcs,MAD z-score >= 8 (extreme outlier),5823.0,,
1013270867,,providers_a,sum_srvcs,MAD z-score >= 8 (extreme outlier),11989.5,,
1033838263,,providers_a,sum_srvcs,MAD z-score >= 8 (extreme outlier),6039.0,,
1013353804,,providers_a,sum_srvcs,MAD z-score >= 8 (extreme outlier),18560.0,,
1023050655,,providers_a,sum_srvcs,MAD z-score >= 8 (extreme outlier),18733.0,,
1043304116,,providers_a,sum_srvcs,MAD z-score >= 8 (extreme outlier),5704.0,,
1013275478,,providers_a,sum_srvcs,MAD z-score >= 8 (extreme outlier),37113.0,,
1013574029,,providers_a,sum_srvcs,MAD z-score >= 8 (extreme outlier),4771.0,,
1003058173,,providers_a,sum_srvcs,MAD z-score >= 8 (extreme outlier),13355.0,,
1003869744,,providers_a,sum_srvcs,MAD z-score >= 8 (extreme outlier),21160.0,,
1023593142,,providers_a,sum_srvcs,MAD z-score >= 8 (extreme outlier),5274.0,,
1033260112,,providers_a,sum_srvcs,MAD z-score >= 8 (extreme outlier),5671.0,,
1033144183,,providers_a,sum_srvcs,MAD z-score >= 8 (extreme outlier),5030.0,,
1003211509,,providers_a,sum_srvcs,MAD z-score >= 8 (extreme outlier),11350.0,,
1013951458,,providers_a,sum_srvcs,MAD z-score >= 8 (extreme outlier),7024.0,,
1033498266,,providers_a,sum_srvcs,MAD z-score >= 8 (extreme outlier),7449.0,,
1033156591,,providers_a,sum_srvcs,MAD z-score >= 8 (extreme outlier),9447.0,,
1033247747,,providers_a,sum_srvcs,MAD z-score >= 8 (extreme outlier),26108.0,,
1023364387,,providers_a,sum_srvcs,MAD z-score >= 8 (extreme outlier),1024972.0,,
1023173929,,providers_a,sum_srvcs,MAD z-score >= 8 (extreme outlier),7271.0,,
1013919232,,providers_a,sum_srvcs,MAD z-score >= 8 (extreme outlier),5447.0,,
1033173828,,providers_a,sum_srvcs,MAD z-score >= 8 (extreme outlier),11708.0,,
1033142526,,providers_a,sum_srvcs,MAD z-score >= 8 (extreme outlier),5131.0,,
1053311472,,providers_a,sum_srvcs,MAD z-score >= 8 (extreme outlier),5183.0,,
1043314503,,providers_a,sum_srvcs,MAD z-score >= 8 (extreme outlier),9490.0,,
1013191105,,providers_a,sum_srvcs,MAD z-score >= 8 (extreme outlier),5822.0,,
1053318865,,providers_a,sum_srvcs,MAD z-score >= 8 (extreme outlier),8061.0,,
1023383486,,providers_a,sum_srvcs,MAD z-score >= 8 (extreme outlier),5860.0,,
1043340045,,providers_a,sum_srvcs,MAD z-score >= 8 (extreme outlier),6890.5,,
1013042209,,providers_a,sum_srvcs,MAD z-score >= 8 (extreme outlier),8987.0,,
1003192667,,providers_a,sum_srvcs,MAD z-score >= 8 (extreme outlier),29418.0,,
1003983685,,providers_a,sum_srvcs,MAD z-score >= 8 (extreme outlier),54612.0,,
1003980947,,providers_a,sum_srvcs,MAD z-score >= 8 (extreme outlier),172821.0,,
1023546066,,providers_a,sum_srvcs,MAD z-score >= 8 (extreme outlier),9498.0,,
1033125398,,providers_a,sum_srvcs,MAD z-score >= 8 (extreme outlier),6263.0,,
1003050303,,providers_a,sum_srvcs,MAD z-score >= 8 (extreme outlier),5514.0,,
1013049501,,providers_a,sum_srvcs,MAD z-score >= 8 (extreme outlier),10064.0,,
1043320542,,providers_a,sum_srvcs,MAD z-score >= 8 (extreme outlier),7121.0,,
1043303233,,providers_a,sum_srvcs,MAD z-score >= 8 (extreme outlier),4817.0,,
1043981053,,providers_a,sum_srvcs,MAD z-score >= 8 (extreme outlier),5819.0,,
1013951912,,providers_a,sum_srvcs,MAD z-score >= 8 (extreme outlier),5516.0,,
1023376449,,providers_a,sum_srvcs,MAD z-score >= 8 (extreme outlier),49322.0,,
1043218829,,providers_a,sum_srvcs,MAD z-score >= 8 (extreme outlier),10596.0,,
1013573690,,providers_a,sum_srvcs,MAD z-score >= 8 (extreme outlier),4587.0,,
1023090032,,providers_a,sum_srvcs,MAD z-score >= 8 (extreme outlier),5059.8,,
1023181765,,providers_a,sum_srvcs,MAD z-score >= 8 (extreme outlier),12464.0,,
1033346176,,providers_a,sum_srvcs,MAD z-score >= 8 (extreme outlier),9676.0,,
1033179387,,providers_a,sum_srvcs,MAD z-score >= 8 (extreme outlier),6482.0,,
1023073889,,providers_a,sum_srvcs,MAD z-score >= 8 (extreme outlier),6979.0,,
1033173968,,providers_a,sum_srvcs,MAD z-score >= 8 (extreme outlier),5992.0,,
1013914639,,providers_a,sum_srvcs,MAD z-score >= 8 (extreme outlier),101684.0,,
1013028612,,providers_a,sum_srvcs,MAD z-score >= 8 (extreme outlier),8996.0,,
1003250887,,providers_a,sum_srvcs,MAD z-score >= 8 (extreme outlier),5018.0,,
1023069796,,providers_a,sum_srvcs,MAD z-score >= 8 (extreme outlier),5765.0,,
1023739836,,providers_a,sum_srvcs,MAD z-score >= 8 (extreme outlier),5770.0,,
1003006180,,providers_a,sum_srvcs,MAD z-score >= 8 (extreme outlier),39362.2,,
1013685106,,providers_a,sum_srvcs,MAD z-score >= 8 (extreme outlier),20666.0,,
1003802695,,providers_a,sum_srvcs,MAD z-score >= 8 (extreme outlier),5497.0,,
1003842220,,providers_a,sum_srvcs,MAD z-score >= 8 (extreme outlier),7102.0,,
1043250004,,providers_a,sum_srvcs,MAD z-score >= 8 (extreme outlier),5189.0,,
1013145234,,providers_a,sum_srvcs,MAD z-score >= 8 (extreme outlier),8367.0,,
1023057700,,providers_a,sum_srvcs,MAD z-score >= 8 (extreme outlier),7413.0,,
1053308320,,providers_a,sum_srvcs,MAD z-score >= 8 (extreme outlier),115429.0,,
1043875586,,providers_a,sum_srvcs,MAD z-score >= 8 (extreme outlier),57527.6,,
1033199450,,providers_a,sum_srvcs,MAD z-score >= 8 (extreme outlier),7727.0,,
1043244726,,providers_a,sum_srvcs,MAD z-score >= 8 (extreme outlier),107821.0,,
1003848102,,providers_a,sum_srvcs,MAD z-score >= 8 (extreme outlier),8542.0,,
1043207228,,providers_a,sum_srvcs,MAD z-score >= 8 (extreme outlier),4580.0,,
1013016732,,providers_a,sum_srvcs,MAD z-score >= 8 (extreme outlier),22681.0,,
1013998970,,providers_a,sum_srvcs,MAD z-score >= 8 (extreme outlier),15449.0,,
1053340802,,providers_a,sum_srvcs,MAD z-score >= 8 (extreme outlier),196410.0,,
1033321450,,providers_a,sum_srvcs,MAD z-score >= 8 (extreme outlier),50886.0,,
1033136551,,providers_a,sum_srvcs,MAD z-score >= 8 (extreme outlier),10561.5,,
1013982305,,providers_a,sum_srvcs,MAD z-score >= 8 (extreme outlier),4682.0,,
1013997337,,providers_a,sum_srvcs,MAD z-score >= 8 (extreme outlier),4794.0,,
1023301819,,providers_a,sum_srvcs,MAD z-score >= 8 (extreme outlier),6986.0,,
1043574338,,providers_a,sum_srvcs,MAD z-score >= 8 (extreme outlier),9499.0,,
1023451341,,providers_a,sum_srvcs,MAD z-score >= 8 (extreme outlier),18453.0,,
1013996867,,providers_a,sum_srvcs,MAD z-score >= 8 (extreme outlier),12044.5,,
1013925692,,providers_a,sum_srvcs,MAD z-score >= 8 (extreme outlier),7803.0,,
1003865353,,providers_a,sum_srvcs,MAD z-score >= 8 (extreme outlier),260037.6,,
1003416314,,providers_a,sum_srvcs,MAD z-score >= 8 (extreme outlier),8322.0,,
1013259167,,providers_a,sum_srvcs,MAD z-score >= 8 (extreme outlier),7593.0,,
1033522131,,providers_a,sum_srvcs,MAD z-score >= 8 (extreme outlier),8041.0,,
1043396245,,providers_a,sum_srvcs,MAD z-score >= 8 (extreme outlier),13893.0,,
1003808544,,providers_a,sum_srvcs,MAD z-score >= 8 (extreme outlier),14467.0,,
1023058989,,providers_a,sum_srvcs,MAD z-score >= 8 (extreme outlier),6748.0,,
1023098928,,providers_a,sum_srvcs,MAD z-score >= 8 (extreme outlier),7360.0,,
1033479233,,providers_a,sum_srvcs,MAD z-score >= 8 (extreme outlier),11432.0,,
1003260761,,providers_a,sum_srvcs,MAD z-score >= 8 (extreme outlier),9207.0,,
1003809435,,providers_a,sum_srvcs,MAD z-score >= 8 (extreme outlier),83425.0,,
1033346721,,providers_a,sum_srvcs,MAD z-score >= 8 (extreme outlier),4825.0,,
1013065770,,providers_a,sum_srvcs,MAD z-score >= 8 (extreme outlier),8523.0,,
1023071560,,providers_a,sum_srvcs,MAD z-score >= 8 (extreme outlier),5471.0,,
1023174380,,providers_a,sum_srvcs,MAD z-score >= 8 (extreme outlier),45549.0,,
1043338338,,providers_a,sum_srvcs,MAD z-score >= 8 (extreme outlier),5330.0,,
1043299902,,providers_a,sum_srvcs,MAD z-score >= 8 (extreme outlier),6072.0,,
1043288657,,providers_a,sum_srvcs,MAD z-score >= 8 (extreme outlier),10810.0,,
1023002813,,providers_a,sum_srvcs,MAD z-score >= 8 (extreme outlier),14845.0,,
1013907963,,providers_a,sum_srvcs,MAD z-score >= 8 (extreme outlier),60431.0,,
1053312637,,providers_a,sum_srvcs,MAD z-score >= 8 (extreme outlier),4888.0,,
1013097534,,providers_a,sum_srvcs,MAD z-score >= 8 (extreme outlier),38669.0,,
1033131610,,providers_a,sum_srvcs,MAD z-score >= 8 (extreme outlier),5165.0,,
1033544465,,providers_a,sum_srvcs,MAD z-score >= 8 (extreme outlier),33541.0,,
1023668142,,providers_a,sum_srvcs,MAD z-score >= 8 (extreme outlier),8586.0,,
1053317198,,providers_a,sum_srvcs,MAD z-score >= 8 (extreme outlier),9886.0,,
1043258270,,providers_a,sum_srvcs,MAD z-score >= 8 (extreme outlier),166912.0,,
1013981448,,providers_a,sum_srvcs,MAD z-score >= 8 (extreme outlier),5338.0,,
1013928407,,providers_a,sum_srvcs,MAD z-score >= 8 (extreme outlier),7052.0,,
1043474042,,providers_a,sum_srvcs,MAD z-score >= 8 (extreme outlier),227423.0,,
1003801705,,providers_a,sum_srvcs,MAD z-score >= 8 (extreme outlier),7209.0,,
1043273451,,providers_a,sum_srvcs,MAD z-score >= 8 (extreme outlier),11369.0,,
1013194414,,providers_a,sum_srvcs,MAD z-score >= 8 (extreme outlier),13968.0,,
1003019019,,providers_a,sum_srvcs,MAD z-score >= 8 (extreme outlier),12226.0,,
1013678275,,providers_a,sum_srvcs,MAD z-score >= 8 (extreme outlier),6432.0,,
1023055399,,providers_a,sum_srvcs,MAD z-score >= 8 (extreme outlier),9244.9,,
1013918010,,providers_a,sum_srvcs,MAD z-score >= 8 (extreme outlier),5639.0,,
1043277601,,providers_a,sum_srvcs,MAD z-score >= 8 (extreme outlier),7661.0,,
1033109129,,providers_a,sum_srvcs,MAD z-score >= 8 (extreme outlier),23367.0,,
1043216682,,providers_a,sum_srvcs,MAD z-score >= 8 (extreme outlier),454257.0,,
1053344606,,providers_a,sum_srvcs,MAD z-score >= 8 (extreme outlier),5396.0,,
1013968478,,providers_a,sum_srvcs,MAD z-score >= 8 (extreme outlier),27495.0,,
1043311244,,providers_a,sum_srvcs,MAD z-score >= 8 (extreme outlier),81213.0,,
1003948464,,providers_a,sum_srvcs,MAD z-score >= 8 (extreme outlier),18546.0,,
1033105747,,providers_a,sum_srvcs,MAD z-score >= 8 (extreme outlier),9504.0,,
1013915461,,providers_a,sum_srvcs,MAD z-score >= 8 (extreme outlier),5792.0,,
1043209950,,providers_a,sum_srvcs,MAD z-score >= 8 (extreme outlier),274920.0,,
1053307421,,providers_a,sum_srvcs,MAD z-score >= 8 (extreme outlier),7431.0,,
1023522109,,providers_a,sum_srvcs,MAD z-score >= 8 (extreme outlier),4881.0,,
1023242849,,providers_a,sum_srvcs,MAD z-score >= 8 (extreme outlier),4918.0,,
1043736804,,providers_a,sum_srvcs,MAD z-score >= 8 (extreme outlier),4861.0,,
1023157260,,providers_a,sum_srvcs,MAD z-score >= 8 (extreme outlier),4600.0,,
1003105677,,providers_a,sum_srvcs,MAD z-score >= 8 (extreme outlier),14743.0,,
1023062502,,providers_a,sum_srvcs,MAD z-score >= 8 (extreme outlier),45317.0,,
1033406533,,providers_a,sum_srvcs,MAD z-score >= 8 (extreme outlier),31170.0,,
1043293665,,providers_a,sum_srvcs,MAD z-score >= 8 (extreme outlier),24099.0,,
1003137936,,providers_a,sum_srvcs,MAD z-score >= 8 (extreme outlier),4627.0,,
1023059680,,providers_a,sum_srvcs,MAD z-score >= 8 (extreme outlier),4742.0,,
1043206980,,providers_a,sum_srvcs,MAD z-score >= 8 (extreme outlier),25003.0,,
1013928621,,providers_a,sum_srvcs,MAD z-score >= 8 (extreme outlier),5412.0,,
1003859679,,providers_a,sum_srvcs,MAD z-score >= 8 (extreme outlier),171225.0,,
1003894569,,providers_a,sum_srvcs,MAD z-score >= 8 (extreme outlier),5395.0,,
1003085390,,providers_a,sum_srvcs,MAD z-score >= 8 (extreme outlier),5022.0,,
1033161088,,providers_a,sum_srvcs,MAD z-score >= 8 (extreme outlier),12674.0,,
1003128976,,providers_a,sum_srvcs,MAD z-score >= 8 (extreme outlier),5676.0,,
1053324962,,providers_a,sum_srvcs,MAD z-score >= 8 (extreme outlier),5698.0,,
1013265495,,providers_a,sum_srvcs,MAD z-score >= 8 (extreme outlier),5058.0,,
1043858996,,providers_a,sum_srvcs,MAD z-score >= 8 (extreme outlier),54272.0,,
1013570506,,providers_a,sum_srvcs,MAD z-score >= 8 (extreme outlier),92661.0,,
1003174814,,providers_a,sum_srvcs,MAD z-score >= 8 (extreme outlier),7978.0,,
1013411065,,providers_a,sum_srvcs,MAD z-score >= 8 (extreme outlier),4909.0,,
1013117977,,providers_a,sum_srvcs,MAD z-score >= 8 (extreme outlier),5162.0,,
1003863929,,providers_a,sum_srvcs,MAD z-score >= 8 (extreme outlier),40617.0,,
1033665419,,providers_a,sum_srvcs,MAD z-score >= 8 (extreme outlier),8048.0,,
1003863135,,providers_a,sum_srvcs,MAD z-score >= 8 (extreme outlier),6380.0,,
1023371796,,providers_a,sum_srvcs,MAD z-score >= 8 (extreme outlier),4614.0,,
1053334755,,providers_a,sum_srvcs,MAD z-score >= 8 (extreme outlier),5171.0,,
1003976929,,providers_a,sum_srvcs,MAD z-score >= 8 (extreme outlier),5853.0,,
1003805052,,providers_a,sum_srvcs,MAD z-score >= 8 (extreme outlier),14083.0,,
1013234624,,providers_a,sum_srvcs,MAD z-score >= 8 (extreme outlier),257099.0,,
1023050341,,providers_a,sum_srvcs,MAD z-score >= 8 (extreme outlier),26799.0,,
1033118237,,providers_a,sum_srvcs,MAD z-score >= 8 (extreme outlier),12729.0,,
1043324742,,providers_a,sum_srvcs,MAD z-score >= 8 (extreme outlier),4903.0,,
1023093655,,providers_a,sum_srvcs,MAD z-score >= 8 (extreme outlier),82180.0,,
1033161351,,providers_a,sum_srvcs,MAD z-score >= 8 (extreme outlier),4842.0,,
1023468709,,providers_a,sum_srvcs,MAD z-score >= 8 (extreme outlier),9789.0,,
1033167846,,providers_a,sum_srvcs,MAD z-score >= 8 (extreme outlier),196153.0,,
1033503164,,providers_a,sum_srvcs,MAD z-score >= 8 (extreme outlier),5997.0,,
1043667884,,providers_a,sum_srvcs,MAD z-score >= 8 (extreme outlier),14724.0,,
1043809122,,providers_a,sum_srvcs,MAD z-score >= 8 (extreme outlier),8471.0,,
1013180611,,providers_a,sum_srvcs,MAD z-score >= 8 (extreme outlier),5519.0,,
1023112554,,providers_a,sum_srvcs,MAD z-score >= 8 (extreme outlier),5045.0,,
1033322466,,providers_a,sum_srvcs,MAD z-score >= 8 (extreme outlier),266344.0,,
1003088675,,providers_a,sum_srvcs,MAD z-score >= 8 (extreme outlier),6755.0,,
1033564166,,providers_a,sum_srvcs,MAD z-score >= 8 (extreme outlier),10642.0,,
1023005139,,providers_a,sum_srvcs,MAD z-score >= 8 (extreme outlier),38067.0,,
1023119021,,providers_a,sum_srvcs,MAD z-score >= 8 (extreme outlier),4602.0,,
1043581317,,providers_a,sum_srvcs,MAD z-score >= 8 (extreme outlier),14782.0,,
1033152319,,providers_a,sum_srvcs,MAD z-score >= 8 (extreme outlier),128479.0,,
1013076546,,providers_a,sum_srvcs,MAD z-score >= 8 (extreme outlier),8193.0,,
1043279896,,providers_a,sum_srvcs,MAD z-score >= 8 (extreme outlier),4636.2,,
1003804170,,providers_a,sum_srvcs,MAD z-score >= 8 (extreme outlier),19356.0,,
1013992429,,providers_a,sum_srvcs,MAD z-score >= 8 (extreme outlier),10344.0,,
1033388616,,providers_a,sum_srvcs,MAD z-score >= 8 (extreme outlier),6031.0,,
1013288273,,providers_a,sum_srvcs,MAD z-score >= 8 (extreme outlier),70719.0,,
1013932698,,providers_a,sum_srvcs,MAD z-score >= 8 (extreme outlier),8084.0,,
1003059288,,providers_a,sum_srvcs,MAD z-score >= 8 (extreme outlier),13522.0,,
1013098995,,providers_a,sum_srvcs,MAD z-score >= 8 (extreme outlier),6416.0,,
1003882564,,providers_a,sum_srvcs,MAD z-score >= 8 (extreme outlier),7252.0,,
1013101054,,providers_a,sum_srvcs,MAD z-score >= 8 (extreme outlier),7376.0,,
1043343122,,providers_a,sum_srvcs,MAD z-score >= 8 (extreme outlier),5074.0,,
1033141684,,providers_a,sum_srvcs,MAD z-score >= 8 (extreme outlier),19680.0,,
1033113790,,providers_a,sum_srvcs,MAD z-score >= 8 (extreme outlier),11055.0,,
1013980671,,providers_a,sum_srvcs,MAD z-score >= 8 (extreme outlier),8479.0,,
1003201450,,providers_a,sum_srvcs,MAD z-score >= 8 (extreme outlier),4835.0,,
1023150182,,providers_a,sum_srvcs,MAD z-score >= 8 (extreme outlier),7302.0,,
1023371952,,providers_a,sum_srvcs,MAD z-score >= 8 (extreme outlier),12019.0,,
1013974237,,providers_a,sum_srvcs,MAD z-score >= 8 (extreme outlier),5121.0,,
1033349972,,providers_a,sum_srvcs,MAD z-score >= 8 (extreme outlier),20012.0,,
1033760723,,providers_a,sum_srvcs,MAD z-score >= 8 (extreme outlier),17116.0,,
1003071598,,providers_a,sum_srvcs,MAD z-score >= 8 (extreme outlier),51801.0,,
1033431549,,providers_a,sum_srvcs,MAD z-score >= 8 (extreme outlier),10059.0,,
1013950898,,providers_a,sum_srvcs,MAD z-score >= 8 (extreme outlier),5011.0,,
1023080397,,providers_a,sum_srvcs,MAD z-score >= 8 (extreme outlier),6915.4,,
1043214067,,providers_a,sum_srvcs,MAD z-score >= 8 (extreme outlier),5596.0,,
1043620628,,providers_a,sum_srvcs,MAD z-score >= 8 (extreme outlier),5524.0,,
1033145792,,providers_a,sum_srvcs,MAD z-score >= 8 (extreme outlier),12701.0,,
1033484134,,providers_a,sum_srvcs,MAD z-score >= 8 (extreme outlier),5269.0,,
1033160171,,providers_a,sum_srvcs,MAD z-score >= 8 (extreme outlier),5988.0,,
1013977016,,providers_a,sum_srvcs,MAD z-score >= 8 (extreme outlier),4621.0,,
1033377692,,providers_a,sum_srvcs,MAD z-score >= 8 (extreme outlier),66960.0,,
1003889346,,providers_a,sum_srvcs,MAD z-score >= 8 (extreme outlier),4962.0,,
1053315648,,providers_a,sum_srvcs,MAD z-score >= 8 (extreme outlier),51910.0,,
1003802349,,providers_a,sum_srvcs,MAD z-score >= 8 (extreme outlier),11839.0,,
1013998996,,providers_a,sum_srvcs,MAD z-score >= 8 (extreme outlier),5193.0,,
1013632025,,providers_a,sum_srvcs,MAD z-score >= 8 (extreme outlier),5734.0,,
1013997741,,providers_a,sum_srvcs,MAD z-score >= 8 (extreme outlier),11499.0,,
1003887274,,providers_a,sum_srvcs,MAD z-score >= 8 (extreme outlier),5072.0,,
1003096884,,providers_a,sum_srvcs,MAD z-score >= 8 (extreme outlier),5105.0,,
1023111580,,providers_a,sum_srvcs,MAD z-score >= 8 (extreme outlier),229036.0,,
1043304280,,providers_a,sum_srvcs,MAD z-score >= 8 (extreme outlier),5958.0,,
1033514419,,providers_a,sum_srvcs,MAD z-score >= 8 (extreme outlier),5585.0,,
1023106838,,providers_a,sum_srvcs,MAD z-score >= 8 (extreme outlier),10082.0,,
1023539053,,providers_a,sum_srvcs,MAD z-score >= 8 (extreme outlier),117693.0,,
1023454923,,providers_a,sum_srvcs,MAD z-score >= 8 (extreme outlier),4873.0,,
1013351931,,providers_a,sum_srvcs,MAD z-score >= 8 (extreme outlier),15229.7,,
1013000629,,providers_a,sum_srvcs,MAD z-score >= 8 (extreme outlier),8064.0,,
1043253511,,providers_a,sum_srvcs,MAD z-score >= 8 (extreme outlier),8263.0,,
1013099084,,providers_a,sum_srvcs,MAD z-score >= 8 (extreme outlier),4931.0,,
1033197710,,providers_a,sum_srvcs,MAD z-score >= 8 (extreme outlier),5550.0,,
1013958164,,providers_a,sum_srvcs,MAD z-score >= 8 (extreme outlier),19542.3,,
1033399837,,providers_a,sum_srvcs,MAD z-score >= 8 (extreme outlier),17244.0,,
1023087285,,providers_a,sum_srvcs,MAD z-score >= 8 (extreme outlier),18131.0,,
1013954643,,providers_a,sum_srvcs,MAD z-score >= 8 (extreme outlier),103230.0,,
1013913284,,providers_a,sum_srvcs,MAD z-score >= 8 (extreme outlier),8524.0,,
1033125950,,providers_a,sum_srvcs,MAD z-score >= 8 (extreme outlier),22880.0,,
1003918228,,providers_a,sum_srvcs,MAD z-score >= 8 (extreme outlier),5219.0,,
1003910126,,providers_a,sum_srvcs,MAD z-score >= 8 (extreme outlier),42947.0,,
1023302965,,providers_a,sum_srvcs,MAD z-score >= 8 (extreme outlier),10040.0,,
1033343819,,providers_a,sum_srvcs,MAD z-score >= 8 (extreme outlier),228339.0,,
1013904549,,providers_a,sum_srvcs,MAD z-score >= 8 (extreme outlier),5762.0,,
1013393297,,providers_a,sum_srvcs,MAD z-score >= 8 (extreme outlier),4942.0,,
1023471208,,providers_a,sum_srvcs,MAD z-score >= 8 (extreme outlier),5821.0,,
1033569439,,providers_a,sum_srvcs,MAD z-score >= 8 (extreme outlier),15143.0,,
1033180039,,providers_a,sum_srvcs,MAD z-score >= 8 (extreme outlier),75451.0,,
1003832817,,providers_a,sum_srvcs,MAD z-score >= 8 (extreme outlier),8493.0,,
1003869058,,providers_a,sum_srvcs,MAD z-score >= 8 (extreme outlier),8632.0,,
1003414087,,providers_a,sum_srvcs,MAD z-score >= 8 (extreme outlier),4784.0,,
1033153911,,providers_a,sum_srvcs,MAD z-score >= 8 (extreme outlier),8323.0,,
1003857269,,providers_a,sum_srvcs,MAD z-score >= 8 (extreme outlier),219058.0,,
1043304462,,providers_a,sum_srvcs,MAD z-score >= 8 (extreme outlier),9816.0,,
1033100300,,providers_a,sum_srvcs,MAD z-score >= 8 (extreme outlier),10120.0,,
1013002328,,providers_a,sum_srvcs,MAD z-score >= 8 (extreme outlier),5425.0,,
1013315407,,providers_a,sum_srvcs,MAD z-score >= 8 (extreme outlier),4600.0,,
1033360094,,providers_a,sum_srvcs,MAD z-score >= 8 (extreme outlier),5491.0,,
1023785375,,providers_a,sum_srvcs,MAD z-score >= 8 (extreme outlier),6359.8,,
1003146283,,providers_a,sum_srvcs,MAD z-score >= 8 (extreme outlier),7760.0,,
1023023777,,providers_a,sum_srvcs,MAD z-score >= 8 (extreme outlier),8717.0,,
1013983592,,providers_a,sum_srvcs,MAD z-score >= 8 (extreme outlier),9508.0,,
1013999085,,providers_a,sum_srvcs,MAD z-score >= 8 (extreme outlier),25717.6,,
1023177177,,providers_a,sum_srvcs,MAD z-score >= 8 (extreme outlier),5773.0,,
1013104124,,providers_a,sum_srvcs,MAD z-score >= 8 (extreme outlier),4833.0,,
1043749765,,providers_a,sum_srvcs,MAD z-score >= 8 (extreme outlier),24318.0,,
1033668637,,providers_a,sum_srvcs,MAD z-score >= 8 (extreme outlier),68601.0,,
1033151014,,providers_a,sum_srvcs,MAD z-score >= 8 (extreme outlier),4835.0,,
1003045857,,providers_a,sum_srvcs,MAD z-score >= 8 (extreme outlier),4888.0,,
1013998921,,providers_a,sum_srvcs,MAD z-score >= 8 (extreme outlier),5400603.0,,
1003887944,,providers_a,sum_srvcs,MAD z-score >= 8 (extreme outlier),5373.0,,
1003025875,,providers_a,sum_srvcs,MAD z-score >= 8 (extreme outlier),6302.0,,
1033215348,,providers_a,sum_srvcs,MAD z-score >= 8 (extreme outlier),76247.8,,
1033486584,,providers_a,sum_srvcs,MAD z-score >= 8 (extreme outlier),66994.5,,
1003930215,,providers_a,sum_srvcs,MAD z-score >= 8 (extreme outlier),122690.0,,
1013250620,,providers_a,sum_srvcs,MAD z-score >= 8 (extreme outlier),35372.4,,
1023033271,,providers_a,sum_srvcs,MAD z-score >= 8 (extreme outlier),6536.0,,
1013966282,,providers_a,sum_srvcs,MAD z-score >= 8 (extreme outlier),106057.0,,
1003818584,,providers_a,sum_srvcs,MAD z-score >= 8 (extreme outlier),19392.0,,
1033220611,,providers_a,sum_srvcs,MAD z-score >= 8 (extreme outlier),5160.0,,
1043284433,,providers_a,sum_srvcs,MAD z-score >= 8 (extreme outlier),5010.0,,
1043309123,,providers_a,sum_srvcs,MAD z-score >= 8 (extreme outlier),62758.0,,
1003305624,,providers_a,sum_srvcs,MAD z-score >= 8 (extreme outlier),7018.0,,
1023453958,,providers_a,sum_srvcs,MAD z-score >= 8 (extreme outlier),186935.0,,
1013556612,,providers_a,sum_srvcs,MAD z-score >= 8 (extreme outlier),5677.0,,
1053087528,,providers_a,sum_srvcs,MAD z-score >= 8 (extreme outlier),5271.0,,
1023170388,,providers_a,sum_srvcs,MAD z-score >= 8 (extreme outlier),4640.0,,
1023097433,,providers_a,sum_srvcs,MAD z-score >= 8 (extreme outlier),11014.0,,
1043354483,,providers_a,sum_srvcs,MAD z-score >= 8 (extreme outlier),22708.0,,
1023372281,,providers_a,sum_srvcs,MAD z-score >= 8 (extreme outlier),8314.0,,
1033621842,,providers_a,sum_srvcs,MAD z-score >= 8 (extreme outlier),5606.0,,
1013171941,,providers_a,sum_srvcs,MAD z-score >= 8 (extreme outlier),5291.0,,
1023017217,,providers_a,sum_srvcs,MAD z-score >= 8 (extreme outlier),15341.0,,
1013197375,,providers_a,sum_srvcs,MAD z-score >= 8 (extreme outlier),13137.0,,
1023329026,,providers_a,sum_srvcs,MAD z-score >= 8 (extreme outlier),5094.0,,
1023091022,,providers_a,sum_srvcs,MAD z-score >= 8 (extreme outlier),17003.0,,
1033105739,,providers_a,sum_srvcs,MAD z-score >= 8 (extreme outlier),12804.0,,
1043207525,,providers_a,sum_srvcs,MAD z-score >= 8 (extreme outlier),5463.0,,
1003838699,,providers_a,sum_srvcs,MAD z-score >= 8 (extreme outlier),7478.0,,
1053038828,,providers_a,sum_srvcs,MAD z-score >= 8 (extreme outlier),5528.0,,
1013146430,,providers_a,sum_srvcs,MAD z-score >= 8 (extreme outlier),5504.0,,
1003439357,,providers_a,sum_srvcs,MAD z-score >= 8 (extreme outlier),5066.0,,
1033407275,,providers_a,sum_srvcs,MAD z-score >= 8 (extreme outlier),5465.0,,
1043453970,,providers_a,sum_srvcs,MAD z-score >= 8 (extreme outlier),7558.0,,
1033371406,,providers_a,sum_srvcs,MAD z-score >= 8 (extreme outlier),4821.0,,
1023112786,,providers_a,sum_srvcs,MAD z-score >= 8 (extreme outlier),7787.0,,
1033118328,,providers_a,sum_srvcs,MAD z-score >= 8 (extreme outlier),5258.0,,
1053336602,,providers_a,sum_srvcs,MAD z-score >= 8 (extreme outlier),9380.0,,
1023259777,,providers_a,sum_srvcs,MAD z-score >= 8 (extreme outlier),4962.0,,
1023041118,,providers_a,sum_srvcs,MAD z-score >= 8 (extreme outlier),121968.0,,
1043507551,,providers_a,sum_srvcs,MAD z-score >= 8 (extreme outlier),6964.0,,
1003857228,,providers_a,sum_srvcs,MAD z-score >= 8 (extreme outlier),10522.0,,
1013934579,,providers_a,sum_srvcs,MAD z-score >= 8 (extreme outlier),13531.0,,
1003927500,,providers_a,sum_srvcs,MAD z-score >= 8 (extreme outlier),203860.0,,
1043218654,,providers_a,sum_srvcs,MAD z-score >= 8 (extreme outlier),16379.0,,
1023318805,,providers_a,sum_srvcs,MAD z-score >= 8 (extreme outlier),11386.0,,
1003976390,,providers_a,sum_srvcs,MAD z-score >= 8 (extreme outlier),6389.2,,
1023410008,,providers_a,sum_srvcs,MAD z-score >= 8 (extreme outlier),5445.0,,
1033372727,,providers_a,sum_srvcs,MAD z-score >= 8 (extreme outlier),7603.0,,
1023078821,,providers_a,sum_srvcs,MAD z-score >= 8 (extreme outlier),7347.0,,
1003260654,,providers_a,sum_srvcs,MAD z-score >= 8 (extreme outlier),6744.0,,
1003013616,,providers_a,sum_srvcs,MAD z-score >= 8 (extreme outlier),34671.0,,
1013388404,,providers_a,sum_srvcs,MAD z-score >= 8 (extreme outlier),7635.0,,
1013064815,,providers_a,sum_srvcs,MAD z-score >= 8 (extreme outlier),25942.0,,
1033600341,,providers_a,sum_srvcs,MAD z-score >= 8 (extreme outlier),11100.0,,
1033192992,,providers_a,sum_srvcs,MAD z-score >= 8 (extreme outlier),14365.0,,
1013229814,,providers_a,sum_srvcs,MAD z-score >= 8 (extreme outlier),7570.0,,
1053307496,,providers_a,sum_srvcs,MAD z-score >= 8 (extreme outlier),8864.0,,
1043225923,,providers_a,sum_srvcs,MAD z-score >= 8 (extreme outlier),7931.0,,
1033157672,,providers_a,sum_srvcs,MAD z-score >= 8 (extreme outlier),23006.0,,
1003877580,,providers_a,sum_srvcs,MAD z-score >= 8 (extreme outlier),10307.0,,
1043252273,,providers_a,sum_srvcs,MAD z-score >= 8 (extreme outlier),8105.0,,
1013994987,,providers_a,sum_srvcs,MAD z-score >= 8 (extreme outlier),5412.0,,
1003525270,,providers_a,sum_srvcs,MAD z-score >= 8 (extreme outlier),5978.0,,
1033128707,,providers_a,sum_srvcs,MAD z-score >= 8 (extreme outlier),7062.0,,
1033152103,,providers_a,sum_srvcs,MAD z-score >= 8 (extreme outlier),9630.0,,
1003892357,,providers_a,sum_srvcs,MAD z-score >= 8 (extreme outlier),28406.0,,
1033258884,,providers_a,sum_srvcs,MAD z-score >= 8 (extreme outlier),13947.0,,
1043412810,,providers_a,sum_srvcs,MAD z-score >= 8 (extreme outlier),6481.0,,
1033105507,,providers_a,sum_srvcs,MAD z-score >= 8 (extreme outlier),7748.0,,
1013405547,,providers_a,sum_srvcs,MAD z-score >= 8 (extreme outlier),135491.0,,
1043453855,,providers_a,sum_srvcs,MAD z-score >= 8 (extreme outlier),8316.0,,
1013172907,,providers_a,sum_srvcs,MAD z-score >= 8 (extreme outlier),9790.0,,
1033853437,,providers_a,sum_srvcs,MAD z-score >= 8 (extreme outlier),5328.0,,
1043552243,,providers_a,sum_srvcs,MAD z-score >= 8 (extreme outlier),14030.0,,
1033148382,,providers_a,sum_srvcs,MAD z-score >= 8 (extreme outlier),7338.0,,
1033115639,,providers_a,sum_srvcs,MAD z-score >= 8 (extreme outlier),4580.0,,
1023597655,,providers_a,sum_srvcs,MAD z-score >= 8 (extreme outlier),37935.0,,
1023118916,,providers_a,sum_srvcs,MAD z-score >= 8 (extreme outlier),21031.0,,
1023772472,,providers_a,sum_srvcs,MAD z-score >= 8 (extreme outlier),4789.0,,
1043221658,,providers_a,sum_srvcs,MAD z-score >= 8 (extreme outlier),36103.0,,
1043277247,,providers_a,sum_srvcs,MAD z-score >= 8 (extreme outlier),4789.0,,
1013029800,,providers_a,sum_srvcs,MAD z-score >= 8 (extreme outlier),7864.6,,
1013099878,,providers_a,sum_srvcs,MAD z-score >= 8 (extreme outlier),4789.0,,
1003392630,,providers_a,sum_srvcs,MAD z-score >= 8 (extreme outlier),8831.0,,
1023575214,,providers_a,sum_srvcs,MAD z-score >= 8 (extreme outlier),5478.0,,
1013983402,,providers_a,sum_srvcs,MAD z-score >= 8 (extreme outlier),9710.0,,
1013994839,,providers_a,sum_srvcs,MAD z-score >= 8 (extreme outlier),6666.0,,
1013907476,,providers_a,sum_srvcs,MAD z-score >= 8 (extreme outlier),5675.0,,
1013991124,,providers_a,sum_srvcs,MAD z-score >= 8 (extreme outlier),9453.0,,
1043743594,,providers_a,sum_srvcs,MAD z-score >= 8 (extreme outlier),8859.0,,
1003041765,,providers_a,sum_srvcs,MAD z-score >= 8 (extreme outlier),5450.0,,
1023100252,,providers_a,sum_srvcs,MAD z-score >= 8 (extreme outlier),6045.0,,
1043267610,,providers_a,sum_srvcs,MAD z-score >= 8 (extreme outlier),5666.0,,
1023307220,,providers_a,sum_srvcs,MAD z-score >= 8 (extreme outlier),5144.0,,
1013489079,,providers_a,sum_srvcs,MAD z-score >= 8 (extreme outlier),100021.0,,
1003814146,,providers_a,sum_srvcs,MAD z-score >= 8 (extreme outlier),6686.0,,
1043415789,,providers_a,sum_srvcs,MAD z-score >= 8 (extreme outlier),4898.0,,
1003027376,,providers_a,sum_srvcs,MAD z-score >= 8 (extreme outlier),10787.0,,
1043545965,,providers_a,sum_srvcs,MAD z-score >= 8 (extreme outlier),18095.0,,
1023076379,,providers_a,sum_srvcs,MAD z-score >= 8 (extreme outlier),6135.0,,
1043508617,,providers_a,sum_srvcs,MAD z-score >= 8 (extreme outlier),11793.0,,
1043221492,,providers_a,sum_srvcs,MAD z-score >= 8 (extreme outlier),15456.0,,
1023570488,,providers_a,sum_srvcs,MAD z-score >= 8 (extreme outlier),6445.0,,
1023349040,,providers_a,sum_srvcs,MAD z-score >= 8 (extreme outlier),18788.0,,
1023255874,,providers_a,sum_srvcs,MAD z-score >= 8 (extreme outlier),36878.8,,
1003888421,,providers_a,sum_srvcs,MAD z-score >= 8 (extreme outlier),6021.0,,
1023309325,,providers_a,sum_srvcs,MAD z-score >= 8 (extreme outlier),5582.0,,
1043261373,,providers_a,sum_srvcs,MAD z-score >= 8 (extreme outlier),7837.0,,
1053337931,,providers_a,sum_srvcs,MAD z-score >= 8 (extreme outlier),4625.0,,
1033156617,,providers_a,sum_srvcs,MAD z-score >= 8 (extreme outlier),7596.0,,
1013953777,,providers_a,sum_srvcs,MAD z-score >= 8 (extreme outlier),5502.0,,
1043865421,,providers_a,sum_srvcs,MAD z-score >= 8 (extreme outlier),9460.0,,
1033197454,,providers_a,sum_srvcs,MAD z-score >= 8 (extreme outlier),4695.0,,
1023000528,,providers_a,sum_srvcs,MAD z-score >= 8 (extreme outlier),15120.0,,
1023381654,,providers_a,sum_srvcs,MAD z-score >= 8 (extreme outlier),21313.0,,
1003889304,,providers_a,sum_srvcs,MAD z-score >= 8 (extreme outlier),16199.0,,
1043253776,,providers_a,sum_srvcs,MAD z-score >= 8 (extreme outlier),13491.0,,
1043521024,,providers_a,sum_srvcs,MAD z-score >= 8 (extreme outlier),5960.0,,
1003866302,,providers_a,sum_srvcs,MAD z-score >= 8 (extreme outlier),8461.0,,
1003800111,,providers_a,sum_srvcs,MAD z-score >= 8 (extreme outlier),5663.4,,
1013943026,,providers_a,sum_srvcs,MAD z-score >= 8 (extreme outlier),7947.0,,
1043352586,,providers_a,sum_srvcs,MAD z-score >= 8 (extreme outlier),25505.0,,
1003825373,,providers_a,sum_srvcs,MAD z-score >= 8 (extreme outlier),4781.2,,
1053339283,,providers_a,sum_srvcs,MAD z-score >= 8 (extreme outlier),10097.0,,
1033470166,,providers_a,sum_srvcs,MAD z-score >= 8 (extreme outlier),5225.0,,
1013331735,,providers_a,sum_srvcs,MAD z-score >= 8 (extreme outlier),76660.0,,
1003880170,,providers_a,sum_srvcs,MAD z-score >= 8 (extreme outlier),13193.0,,
1023315934,,providers_a,sum_srvcs,MAD z-score >= 8 (extreme outlier),8883.0,,
1023213071,,providers_a,sum_srvcs,MAD z-score >= 8 (extreme outlier),47550.0,,
1023165289,,providers_a,sum_srvcs,MAD z-score >= 8 (extreme outlier),7628.0,,
1003876285,,providers_a,sum_srvcs,MAD z-score >= 8 (extreme outlier),17053.0,,
1013199868,,providers_a,sum_srvcs,MAD z-score >= 8 (extreme outlier),8833.0,,
1003036997,,providers_a,sum_srvcs,MAD z-score >= 8 (extreme outlier),32123.0,,
1023061850,,providers_a,sum_srvcs,MAD z-score >= 8 (extreme outlier),4788.0,,
1043427081,,providers_a,sum_srvcs,MAD z-score >= 8 (extreme outlier),7191.0,,
1003993098,,providers_a,sum_srvcs,MAD z-score >= 8 (extreme outlier),4870.0,,
1023421849,,providers_a,sum_srvcs,MAD z-score >= 8 (extreme outlier),7493.0,,
1013127026,,providers_a,sum_srvcs,MAD z-score >= 8 (extreme outlier),108889.0,,
1043219678,,providers_a,sum_srvcs,MAD z-score >= 8 (extreme outlier),5186.0,,
1013061464,,providers_a,sum_srvcs,MAD z-score >= 8 (extreme outlier),5013.0,,
1043399108,,providers_a,sum_srvcs,MAD z-score >= 8 (extreme outlier),26217.0,,
1003859356,,providers_a,sum_srvcs,MAD z-score >= 8 (extreme outlier),5555.0,,
1033322748,,providers_a,sum_srvcs,MAD z-score >= 8 (extreme outlier),8872.0,,
1003995291,,providers_a,sum_srvcs,MAD z-score >= 8 (extreme outlier),6072.0,,
1023012960,,providers_a,sum_srvcs,MAD z-score >= 8 (extreme outlier),48614.0,,
1003829730,,providers_a,sum_srvcs,MAD z-score >= 8 (extreme outlier),4789.0,,
1043200579,,providers_a,sum_srvcs,MAD z-score >= 8 (extreme outlier),5481.0,,
1003140872,,providers_a,sum_srvcs,MAD z-score >= 8 (extreme outlier),6163.0,,
1033178959,,providers_a,sum_srvcs,MAD z-score >= 8 (extreme outlier),4737.5,,
1003883539,,providers_a,sum_srvcs,MAD z-score >= 8 (extreme outlier),6382.0,,
1013902964,,providers_a,sum_srvcs,MAD z-score >= 8 (extreme outlier),7007.0,,
1013014752,,providers_a,sum_srvcs,MAD z-score >= 8 (extreme outlier),19288.0,,
1003904673,,providers_a,sum_srvcs,MAD z-score >= 8 (extreme outlier),276087.0,,
1033125372,,providers_a,sum_srvcs,MAD z-score >= 8 (extreme outlier),7686.0,,
1013911783,,providers_a,sum_srvcs,MAD z-score >= 8 (extreme outlier),6782.0,,
1003813775,,providers_a,sum_srvcs,MAD z-score >= 8 (extreme outlier),7907.0,,
1023470812,,providers_a,sum_srvcs,MAD z-score >= 8 (extreme outlier),4956.0,,
1033289020,,providers_a,sum_srvcs,MAD z-score >= 8 (extreme outlier),7265.0,,
1053343152,,providers_a,sum_srvcs,MAD z-score >= 8 (extreme outlier),5080.0,,
1033399720,,providers_a,sum_srvcs,MAD z-score >= 8 (extreme outlier),9848.0,,
1023497880,,providers_a,sum_srvcs,MAD z-score >= 8 (extreme outlier),11821.0,,
1043217862,,providers_a,sum_srvcs,MAD z-score >= 8 (extreme outlier),5088.0,,
1033132675,,providers_a,sum_srvcs,MAD z-score >= 8 (extreme outlier),14950.0,,
1053317347,,providers_a,sum_srvcs,MAD z-score >= 8 (extreme outlier),20477.5,,
1003900366,,providers_a,sum_srvcs,MAD z-score >= 8 (extreme outlier),4746.0,,
1003825639,,providers_a,sum_srvcs,MAD z-score >= 8 (extreme outlier),4943.0,,
1033287537,,providers_a,sum_srvcs,MAD z-score >= 8 (extreme outlier),87933.0,,
1013165869,,providers_a,sum_srvcs,MAD z-score >= 8 (extreme outlier),8995.0,,
1013273036,,providers_a,sum_srvcs,MAD z-score >= 8 (extreme outlier),13548.0,,
1013163534,,providers_a,sum_srvcs,MAD z-score >= 8 (extreme outlier),23296.0,,
1013901693,,providers_a,sum_srvcs,MAD z-score >= 8 (extreme outlier),12289.0,,
1003021791,,providers_a,sum_srvcs,MAD z-score >= 8 (extreme outlier),5361.0,,
1043536865,,providers_a,sum_srvcs,MAD z-score >= 8 (extreme outlier),5397.0,,
1013330877,,providers_a,sum_srvcs,MAD z-score >= 8 (extreme outlier),5447.0,,
1013009331,,providers_a,sum_srvcs,MAD z-score >= 8 (extreme outlier),25165.0,,
1003838111,,providers_a,sum_srvcs,MAD z-score >= 8 (extreme outlier),4880.0,,
1023062809,,providers_a,sum_srvcs,MAD z-score >= 8 (extreme outlier),5274.0,,
1003850934,,providers_a,sum_srvcs,MAD z-score >= 8 (extreme outlier),78804.0,,
1033163142,,providers_a,sum_srvcs,MAD z-score >= 8 (extreme outlier),4827.0,,
1013979012,,providers_a,sum_srvcs,MAD z-score >= 8 (extreme outlier),6019.0,,
1023058369,,providers_a,sum_srvcs,MAD z-score >= 8 (extreme outlier),13138.0,,
1053345934,,providers_a,sum_srvcs,MAD z-score >= 8 (extreme outlier),19034.0,,
1043218415,,providers_a,sum_srvcs,MAD z-score >= 8 (extreme outlier),7167.0,,
1033840707,,providers_a,sum_srvcs,MAD z-score >= 8 (extreme outlier),71636.0,,
1033293709,,providers_a,sum_srvcs,MAD z-score >= 8 (extreme outlier),9755.0,,
1013988799,,providers_a,sum_srvcs,MAD z-score >= 8 (extreme outlier),10162.0,,
1043293160,,providers_a,sum_srvcs,MAD z-score >= 8 (extreme outlier),9838.0,,
1003108457,,providers_a,sum_srvcs,MAD z-score >= 8 (extreme outlier),6035.0,,
1033117817,,providers_a,sum_srvcs,MAD z-score >= 8 (extreme outlier),8329.0,,
1023677499,,providers_a,sum_srvcs,MAD z-score >= 8 (extreme outlier),5159.0,,
1013171115,,providers_a,sum_srvcs,MAD z-score >= 8 (extreme outlier),6875.6,,
1043285331,,providers_a,sum_srvcs,MAD z-score >= 8 (extreme outlier),6546.0,,
1013457662,,providers_a,sum_srvcs,MAD z-score >= 8 (extreme outlier),20375.0,,
1033130315,,providers_a,sum_srvcs,MAD z-score >= 8 (extreme outlier),5758.0,,
1033422142,,providers_a,sum_srvcs,MAD z-score >= 8 (extreme outlier),6944.0,,
1013657964,,providers_a,sum_srvcs,MAD z-score >= 8 (extreme outlier),8227.0,,
1003892407,,providers_a,sum_srvcs,MAD z-score >= 8 (extreme outlier),19842.0,,
1023307386,,providers_a,sum_srvcs,MAD z-score >= 8 (extreme outlier),7462.0,,
1043653264,,providers_a,sum_srvcs,MAD z-score >= 8 (extreme outlier),186318.0,,
1023784485,,providers_a,sum_srvcs,MAD z-score >= 8 (extreme outlier),15104.0,,
1043282528,,providers_a,sum_srvcs,MAD z-score >= 8 (extreme outlier),8216.0,,
1013141597,,providers_a,sum_srvcs,MAD z-score >= 8 (extreme outlier),46768.0,,
1023028354,,providers_a,sum_srvcs,MAD z-score >= 8 (extreme outlier),43110.0,,
1043276348,,providers_a,sum_srvcs,MAD z-score >= 8 (extreme outlier),5995.0,,
1043366636,,providers_a,sum_srvcs,MAD z-score >= 8 (extreme outlier),12926.0,,
1003869488,,providers_a,sum_srvcs,MAD z-score >= 8 (extreme outlier),8163.0,,
1003047390,,providers_a,sum_srvcs,MAD z-score >= 8 (extreme outlier),5897.8,,
1033538426,,providers_a,sum_srvcs,MAD z-score >= 8 (extreme outlier),29316.0,,
1033139696,,providers_a,sum_srvcs,MAD z-score >= 8 (extreme outlier),4907.0,,
1003890864,,providers_a,sum_srvcs,MAD z-score >= 8 (extreme outlier),6098.0,,
1033812201,,providers_a,sum_srvcs,MAD z-score >= 8 (extreme outlier),4725.0,,
1033530910,,providers_a,sum_srvcs,MAD z-score >= 8 (extreme outlier),14451.0,,
1033484209,,providers_a,sum_srvcs,MAD z-score >= 8 (extreme outlier),12569.0,,
1053311928,,providers_a,sum_srvcs,MAD z-score >= 8 (extreme outlier),5335.9,,
1043238306,,providers_a,sum_srvcs,MAD z-score >= 8 (extreme outlier),4637.0,,
1033400031,,providers_a,sum_srvcs,MAD z-score >= 8 (extreme outlier),26993.0,,
1023423944,,providers_a,sum_srvcs,MAD z-score >= 8 (extreme outlier),7196.0,,
1033149430,,providers_a,sum_srvcs,MAD z-score >= 8 (extreme outlier),5854.0,,
1023273398,,providers_a,sum_srvcs,MAD z-score >= 8 (extreme outlier),5717.0,,
1013904895,,providers_a,sum_srvcs,MAD z-score >= 8 (extreme outlier),6848.0,,
1033527684,,providers_a,sum_srvcs,MAD z-score >= 8 (extreme outlier),8615.0,,
1033795489,,providers_a,sum_srvcs,MAD z-score >= 8 (extreme outlier),5063.0,,
1003823808,,providers_a,sum_srvcs,MAD z-score >= 8 (extreme outlier),8228.0,,
1013963057,,providers_a,sum_srvcs,MAD z-score >= 8 (extreme outlier),15760.0,,
1013089986,,providers_a,sum_srvcs,MAD z-score >= 8 (extreme outlier),8024.0,,
1043519044,,providers_a,sum_srvcs,MAD z-score >= 8 (extreme outlier),5230.0,,
1043312432,,providers_a,sum_srvcs,MAD z-score >= 8 (extreme outlier),11006.0,,
1043458607,,providers_a,sum_srvcs,MAD z-score >= 8 (extreme outlier),37856.0,,
1043635386,,providers_a,sum_srvcs,MAD z-score >= 8 (extreme outlier),7143.0,,
1013133768,,providers_a,sum_srvcs,MAD z-score >= 8 (extreme outlier),29605.0,,
1043279474,,providers_a,sum_srvcs,MAD z-score >= 8 (extreme outlier),20921.0,,
1013960277,,providers_a,sum_srvcs,MAD z-score >= 8 (extreme outlier),5438.0,,
1013532209,,providers_a,sum_srvcs,MAD z-score >= 8 (extreme outlier),32114.0,,
1023113982,,providers_a,sum_srvcs,MAD z-score >= 8 (extreme outlier),5976.0,,
1043476807,,providers_a,sum_srvcs,MAD z-score >= 8 (extreme outlier),8375.0,,
1003022500,,providers_a,sum_srvcs,MAD z-score >= 8 (extreme outlier),14641.0,,
1023033487,,providers_a,sum_srvcs,MAD z-score >= 8 (extreme outlier),10354.0,,
1023540580,,providers_a,sum_srvcs,MAD z-score >= 8 (extreme outlier),14570.0,,
1003953613,,providers_a,sum_srvcs,MAD z-score >= 8 (extreme outlier),26076.0,,
1013995299,,providers_a,sum_srvcs,MAD z-score >= 8 (extreme outlier),5046.0,,
1023311040,,providers_a,sum_srvcs,MAD z-score >= 8 (extreme outlier),42676.0,,
1043220932,,providers_a,sum_srvcs,MAD z-score >= 8 (extreme outlier),9318.0,,
1043389166,,providers_a,sum_srvcs,MAD z-score >= 8 (extreme outlier),56412.0,,
1043260664,,providers_a,sum_srvcs,MAD z-score >= 8 (extreme outlier),67021.0,,
1013568765,,providers_a,sum_srvcs,MAD z-score >= 8 (extreme outlier),4972.0,,
1033104369,,providers_a,sum_srvcs,MAD z-score >= 8 (extreme outlier),5913.0,,
1003913070,,providers_a,sum_srvcs,MAD z-score >= 8 (extreme outlier),4932.0,,
1003072877,,providers_a,sum_srvcs,MAD z-score >= 8 (extreme outlier),6661.0,,
1043724560,,providers_a,sum_srvcs,MAD z-score >= 8 (extreme outlier),5515.0,,
1013903491,,providers_a,sum_srvcs,MAD z-score >= 8 (extreme outlier),200197.0,,
1033192695,,providers_a,sum_srvcs,MAD z-score >= 8 (extreme outlier),4670.8,,
1033323381,,providers_a,sum_srvcs,MAD z-score >= 8 (extreme outlier),5080.0,,
1033256052,,providers_a,sum_srvcs,MAD z-score >= 8 (extreme outlier),5419.0,,
1043376197,,providers_a,sum_srvcs,MAD z-score >= 8 (extreme outlier),4819.0,,
1033318928,,providers_a,sum_srvcs,MAD z-score >= 8 (extreme outlier),5223.0,,
1033839378,,providers_a,sum_srvcs,MAD z-score >= 8 (extreme outlier),4690.0,,
1023047479,,providers_a,sum_srvcs,MAD z-score >= 8 (extreme outlier),5332.0,,
1013143726,,providers_a,sum_srvcs,MAD z-score >= 8 (extreme outlier),6938.0,,
1003967381,,providers_a,sum_srvcs,MAD z-score >= 8 (extreme outlier),6260.0,,
1023068541,,providers_a,sum_srvcs,MAD z-score >= 8 (extreme outlier),6071.0,,
1043598568,,providers_a,sum_srvcs,MAD z-score >= 8 (extreme outlier),5344.0,,
1033107750,,providers_a,sum_srvcs,MAD z-score >= 8 (extreme outlier),7199.0,,
1023082484,,providers_a,sum_srvcs,MAD z-score >= 8 (extreme outlier),11661.0,,
1043261514,,providers_a,sum_srvcs,MAD z-score >= 8 (extreme outlier),7399.0,,
1023040540,,providers_a,sum_srvcs,MAD z-score >= 8 (extreme outlier),13251.0,,
1013981430,,providers_a,sum_srvcs,MAD z-score >= 8 (extreme outlier),13356.0,,
1033245659,,providers_a,sum_srvcs,MAD z-score >= 8 (extreme outlier),5755.0,,
1003823212,,providers_a,sum_srvcs,MAD z-score >= 8 (extreme outlier),6116.0,,
1043210149,,providers_a,sum_srvcs,MAD z-score >= 8 (extreme outlier),16159.0,,
1023029741,,providers_a,sum_srvcs,MAD z-score >= 8 (extreme outlier),7959.0,,
1013972041,,providers_a,sum_srvcs,MAD z-score >= 8 (extreme outlier),4747.6,,
1003808809,,providers_a,sum_srvcs,MAD z-score >= 8 (extreme outlier),41704.0,,
1043210438,,providers_a,sum_srvcs,MAD z-score >= 8 (extreme outlier),28634.0,,
1043514011,,providers_a,sum_srvcs,MAD z-score >= 8 (extreme outlier),5509.0,,
1003963976,,providers_a,sum_srvcs,MAD z-score >= 8 (extreme outlier),6792.0,,
1033198395,,providers_a,sum_srvcs,MAD z-score >= 8 (extreme outlier),22341.0,,
1033115423,,providers_a,sum_srvcs,MAD z-score >= 8 (extreme outlier),5511.0,,
1003927559,,providers_a,sum_srvcs,MAD z-score >= 8 (extreme outlier),10934.0,,
1013919265,,providers_a,sum_srvcs,MAD z-score >= 8 (extreme outlier),18237.6,,
1053304436,,providers_a,sum_srvcs,MAD z-score >= 8 (extreme outlier),13387.0,,
1023125713,,providers_a,sum_srvcs,MAD z-score >= 8 (extreme outlier),7099.0,,
1033567409,,providers_a,sum_srvcs,MAD z-score >= 8 (extreme outlier),27961.0,,
1043248719,,providers_a,sum_srvcs,MAD z-score >= 8 (extreme outlier),5851.0,,
1043656952,,providers_a,sum_srvcs,MAD z-score >= 8 (extreme outlier),4610.0,,
1043801012,,providers_a,sum_srvcs,MAD z-score >= 8 (extreme outlier),6702.0,,
1003862202,,providers_a,sum_srvcs,MAD z-score >= 8 (extreme outlier),20377.0,,
1033159678,,providers_a,sum_srvcs,MAD z-score >= 8 (extreme outlier),5574.0,,
1013912856,,providers_a,sum_srvcs,MAD z-score >= 8 (extreme outlier),7086.0,,
1033712658,,providers_a,sum_srvcs,MAD z-score >= 8 (extreme outlier),6606.0,,
1033351887,,providers_a,sum_srvcs,MAD z-score >= 8 (extreme outlier),6219.0,,
1003908179,,providers_a,sum_srvcs,MAD z-score >= 8 (extreme outlier),6040.0,,
1013025105,,providers_a,sum_srvcs,MAD z-score >= 8 (extreme outlier),12036.2,,
1003934530,,providers_a,sum_srvcs,MAD z-score >= 8 (extreme outlier),4925.0,,
1043246499,,providers_a,sum_srvcs,MAD z-score >= 8 (extreme outlier),6066.0,,
1013989599,,providers_a,sum_srvcs,MAD z-score >= 8 (extreme outlier),7399.0,,
1043258726,,providers_a,sum_srvcs,MAD z-score >= 8 (extreme outlier),5539.0,,
1003895756,,providers_a,sum_srvcs,MAD z-score >= 8 (extreme outlier),14313.0,,
1053310755,,providers_a,sum_srvcs,MAD z-score >= 8 (extreme outlier),50695.0,,
1043283906,,providers_a,sum_srvcs,MAD z-score >= 8 (extreme outlier),5663.0,,
1013008416,,providers_a,sum_srvcs,MAD z-score >= 8 (extreme outlier),21594.0,,
1023428828,,providers_a,sum_srvcs,MAD z-score >= 8 (extreme outlier),5385.0,,
1023096765,,providers_a,sum_srvcs,MAD z-score >= 8 (extreme outlier),88848.0,,
1013909159,,providers_a,sum_srvcs,MAD z-score >= 8 (extreme outlier),4835.0,,
1043204365,,providers_a,sum_srvcs,MAD z-score >= 8 (extreme outlier),8786.0,,
1003910910,,providers_a,sum_srvcs,MAD z-score >= 8 (extreme outlier),4776.0,,
1013263110,,providers_a,sum_srvcs,MAD z-score >= 8 (extreme outlier),127457.0,,
1043496789,,providers_a,sum_srvcs,MAD z-score >= 8 (extreme outlier),8266.0,,
1023005691,,providers_a,sum_srvcs,MAD z-score >= 8 (extreme outlier),67763.0,,
1033119748,,providers_a,sum_srvcs,MAD z-score >= 8 (extreme outlier),6090.0,,
1023016375,,providers_a,sum_srvcs,MAD z-score >= 8 (extreme outlier),22009.0,,
1013982511,,providers_a,sum_srvcs,MAD z-score >= 8 (extreme outlier),34794.0,,
1033293865,,providers_a,sum_srvcs,MAD z-score >= 8 (extreme outlier),4892.0,,
1043292923,,providers_a,sum_srvcs,MAD z-score >= 8 (extreme outlier),6222.0,,
1023010204,,providers_a,sum_srvcs,MAD z-score >= 8 (extreme outlier),6514.0,,
1023058641,,providers_a,sum_srvcs,MAD z-score >= 8 (extreme outlier),5650.0,,
1023090867,,providers_a,sum_srvcs,MAD z-score >= 8 (extreme outlier),7764.0,,
1043946502,,providers_a,sum_srvcs,MAD z-score >= 8 (extreme outlier),9556.0,,
1053317941,,providers_a,sum_srvcs,MAD z-score >= 8 (extreme outlier),203699.0,,
1053318162,,providers_a,sum_srvcs,MAD z-score >= 8 (extreme outlier),13644.0,,
1043233554,,providers_a,sum_srvcs,MAD z-score >= 8 (extreme outlier),6559.0,,
1023165321,,providers_a,sum_srvcs,MAD z-score >= 8 (extreme outlier),20802.0,,
1013951078,,providers_a,sum_srvcs,MAD z-score >= 8 (extreme outlier),8039.0,,
1023247061,,providers_a,sum_srvcs,MAD z-score >= 8 (extreme outlier),7556.0,,
1013176692,,providers_a,sum_srvcs,MAD z-score >= 8 (extreme outlier),16136.0,,
1043276900,,providers_a,sum_srvcs,MAD z-score >= 8 (extreme outlier),61294.0,,
1003896630,,providers_a,sum_srvcs,MAD z-score >= 8 (extreme outlier),6163.0,,
1003259458,,providers_a,sum_srvcs,MAD z-score >= 8 (extreme outlier),5729.0,,
1053316869,,providers_a,sum_srvcs,MAD z-score >= 8 (extreme outlier),6429.0,,
1023438777,,providers_a,sum_srvcs,MAD z-score >= 8 (extreme outlier),4828.0,,
1053320770,,providers_a,sum_srvcs,MAD z-score >= 8 (extreme outlier),6846.0,,
1043253255,,providers_a,sum_srvcs,MAD z-score >= 8 (extreme outlier),22989.0,,
1003213521,,providers_a,sum_srvcs,MAD z-score >= 8 (extreme outlier),5021.0,,
1033101522,,providers_a,sum_srvcs,MAD z-score >= 8 (extreme outlier),16024.0,,
1043448285,,providers_a,sum_srvcs,MAD z-score >= 8 (extreme outlier),5743.0,,
1043310188,,providers_a,sum_srvcs,MAD z-score >= 8 (extreme outlier),5851.0,,
1013971191,,providers_a,sum_srvcs,MAD z-score >= 8 (extreme outlier),5350.0,,
1003871922,,providers_a,sum_srvcs,MAD z-score >= 8 (extreme outlier),7265.0,,
1003898958,,providers_a,sum_srvcs,MAD z-score >= 8 (extreme outlier),5304.0,,
1023630662,,providers_a,sum_srvcs,MAD z-score >= 8 (extreme outlier),7445.0,,
1043251655,,providers_a,sum_srvcs,MAD z-score >= 8 (extreme outlier),4589.0,,
1033401765,,providers_a,sum_srvcs,MAD z-score >= 8 (extreme outlier),5414.0,,
1033149901,,providers_a,sum_srvcs,MAD z-score >= 8 (extreme outlier),39331.0,,
1043335219,,providers_a,sum_srvcs,MAD z-score >= 8 (extreme outlier),5479.0,,
1023077856,,providers_a,sum_srvcs,MAD z-score >= 8 (extreme outlier),10237.0,,
1033434774,,providers_a,sum_srvcs,MAD z-score >= 8 (extreme outlier),11623.0,,
1023350097,,providers_a,sum_srvcs,MAD z-score >= 8 (extreme outlier),12435.0,,
1053074757,,providers_a,sum_srvcs,MAD z-score >= 8 (extreme outlier),183080.0,,
1043673163,,providers_a,sum_srvcs,MAD z-score >= 8 (extreme outlier),6112.0,,
1043745375,,providers_a,sum_srvcs,MAD z-score >= 8 (extreme outlier),4907.0,,
1023118205,,providers_a,sum_srvcs,MAD z-score >= 8 (extreme outlier),5363.0,,
1003342676,,providers_a,sum_srvcs,MAD z-score >= 8 (extreme outlier),4726.0,,
1023073806,,providers_a,sum_srvcs,MAD z-score >= 8 (extreme outlier),8704.0,,
1023101052,,providers_a,sum_srvcs,MAD z-score >= 8 (extreme outlier),6586.0,,
1013229756,,providers_a,sum_srvcs,MAD z-score >= 8 (extreme outlier),6356.0,,
1033621677,,providers_a,sum_srvcs,MAD z-score >= 8 (extreme outlier),11463.0,,
1043202591,,providers_a,sum_srvcs,MAD z-score >= 8 (extreme outlier),9732.0,,
1023269321,,providers_a,sum_srvcs,MAD z-score >= 8 (extreme outlier),115256.0,,
1043478555,,providers_a,sum_srvcs,MAD z-score >= 8 (extreme outlier),42332.0,,
1023119419,,providers_a,sum_srvcs,MAD z-score >= 8 (extreme outlier),9142.0,,
1003878000,,providers_a,sum_srvcs,MAD z-score >= 8 (extreme outlier),90330.0,,
1023085875,,providers_a,sum_srvcs,MAD z-score >= 8 (extreme outlier),6845.0,,
1013044452,,providers_a,sum_srvcs,MAD z-score >= 8 (extreme outlier),8115.0,,
1023115847,,providers_a,sum_srvcs,MAD z-score >= 8 (extreme outlier),77373.0,,
1033344106,,providers_a,sum_srvcs,MAD z-score >= 8 (extreme outlier),69236.0,,
1043207574,,providers_a,sum_srvcs,MAD z-score >= 8 (extreme outlier),10613.0,,
1003567769,,providers_a,sum_srvcs,MAD z-score >= 8 (extreme outlier),5527.0,,
1033129929,,providers_a,sum_srvcs,MAD z-score >= 8 (extreme outlier),5192.0,,
1033455381,,providers_a,sum_srvcs,MAD z-score >= 8 (extreme outlier),25261.0,,
1033278296,,providers_a,sum_srvcs,MAD z-score >= 8 (extreme outlier),154378.0,,
1043359813,,providers_a,sum_srvcs,MAD z-score >= 8 (extreme outlier),20172.0,,
1023573987,,providers_a,sum_srvcs,MAD z-score >= 8 (extreme outlier),4676.0,,
1043553852,,providers_a,sum_srvcs,MAD z-score >= 8 (extreme outlier),4804.0,,
1033431903,,providers_a,sum_srvcs,MAD z-score >= 8 (extreme outlier),15893.0,,
1003805029,,providers_a,sum_srvcs,MAD z-score >= 8 (extreme outlier),17492.0,,
1053330787,,providers_a,sum_srvcs,MAD z-score >= 8 (extreme outlier),18240.0,,
1013090117,,providers_a,sum_srvcs,MAD z-score >= 8 (extreme outlier),4919.0,,
1003819343,,providers_a,sum_srvcs,MAD z-score >= 8 (extreme outlier),5145.0,,
1033183264,,providers_a,sum_srvcs,MAD z-score >= 8 (extreme outlier),5672.0,,
1043412489,,providers_a,sum_srvcs,MAD z-score >= 8 (extreme outlier),15233.0,,
1033342886,,providers_a,sum_srvcs,MAD z-score >= 8 (extreme outlier),4815.0,,
1003125568,,providers_a,sum_srvcs,MAD z-score >= 8 (extreme outlier),58384.7,,
1013921956,,providers_a,sum_srvcs,MAD z-score >= 8 (extreme outlier),9000.0,,
1013578871,,providers_a,sum_srvcs,MAD z-score >= 8 (extreme outlier),4903.0,,
1013904093,,providers_a,sum_srvcs,MAD z-score >= 8 (extreme outlier),9736.0,,
1013020189,,providers_a,sum_srvcs,MAD z-score >= 8 (extreme outlier),10076.0,,
1003456450,,providers_a,sum_srvcs,MAD z-score >= 8 (extreme outlier),4747.0,,
1033503172,,providers_a,sum_srvcs,MAD z-score >= 8 (extreme outlier),82770.0,,
1023019833,,providers_a,sum_srvcs,MAD z-score >= 8 (extreme outlier),228083.0,,
1043531296,,providers_a,sum_srvcs,MAD z-score >= 8 (extreme outlier),6634.0,,
1003224502,,providers_a,sum_srvcs,MAD z-score >= 8 (extreme outlier),9042.0,,
1033256656,,providers_a,sum_srvcs,MAD z-score >= 8 (extreme outlier),7750.0,,
1003523358,,providers_a,sum_srvcs,MAD z-score >= 8 (extreme outlier),6993.0,,
1033380548,,providers_a,sum_srvcs,MAD z-score >= 8 (extreme outlier),4771.0,,
1013525286,,providers_a,sum_srvcs,MAD z-score >= 8 (extreme outlier),261249.0,,
1043274525,,providers_a,sum_srvcs,MAD z-score >= 8 (extreme outlier),144187.0,,
1033405154,,providers_a,sum_srvcs,MAD z-score >= 8 (extreme outlier),74099.2,,
1013968650,,providers_a,sum_srvcs,MAD z-score >= 8 (extreme outlier),12972.0,,
1013671502,,providers_a,sum_srvcs,MAD z-score >= 8 (extreme outlier),34518.0,,
1013924760,,providers_a,sum_srvcs,MAD z-score >= 8 (extreme outlier),8196.0,,
1003868761,,providers_a,sum_srvcs,MAD z-score >= 8 (extreme outlier),19829.0,,
1003987439,,providers_a,sum_srvcs,MAD z-score >= 8 (extreme outlier),17572.0,,
1043202120,,providers_a,sum_srvcs,MAD z-score >= 8 (extreme outlier),130732.5,,
1013908367,,providers_a,sum_srvcs,MAD z-score >= 8 (extreme outlier),16775.6,,
1003234915,,providers_a,sum_srvcs,MAD z-score >= 8 (extreme outlier),7584.0,,
1043259823,,providers_a,sum_srvcs,MAD z-score >= 8 (extreme outlier),46414.0,,
1053304980,,providers_a,sum_srvcs,MAD z-score >= 8 (extreme outlier),11150.0,,
1033505086,,providers_a,sum_srvcs,MAD z-score >= 8 (extreme outlier),49648.0,,
1053314724,,providers_a,sum_srvcs,MAD z-score >= 8 (extreme outlier),41765.0,,
1043453475,,providers_a,sum_srvcs,MAD z-score >= 8 (extreme outlier),4893.0,,
1003896416,,providers_a,sum_srvcs,MAD z-score >= 8 (extreme outlier),5719.0,,
1043891336,,providers_a,sum_srvcs,MAD z-score >= 8 (extreme outlier),25951.0,,
1013088350,,providers_a,sum_srvcs,MAD z-score >= 8 (extreme outlier),17740.0,,
1043248032,,providers_a,sum_srvcs,MAD z-score >= 8 (extreme outlier),34482.0,,
1033729538,,providers_a,sum_srvcs,MAD z-score >= 8 (extreme outlier),7824.0,,
1033158340,,providers_a,sum_srvcs,MAD z-score >= 8 (extreme outlier),5259.0,,
1043530215,,providers_a,sum_srvcs,MAD z-score >= 8 (extreme outlier),9601.0,,
1013365865,,providers_a,sum_srvcs,MAD z-score >= 8 (extreme outlier),10601.0,,
1053305565,,providers_a,sum_srvcs,MAD z-score >= 8 (extreme outlier),17911.0,,
1013276997,,providers_a,sum_srvcs,MAD z-score >= 8 (extreme outlier),28842.0,,
1033296520,,providers_a,sum_srvcs,MAD z-score >= 8 (extreme outlier),8049.0,,
1033555230,,providers_a,sum_srvcs,MAD z-score >= 8 (extreme outlier),7821.0,,
1013232792,,providers_a,sum_srvcs,MAD z-score >= 8 (extreme outlier),6133.0,,
1033317383,,providers_a,sum_srvcs,MAD z-score >= 8 (extreme outlier),17447.0,,
1043327547,,providers_a,sum_srvcs,MAD z-score >= 8 (extreme outlier),23430.0,,
1013904044,,providers_a,sum_srvcs,MAD z-score >= 8 (extreme outlier),4644.0,,
1013321264,,providers_a,sum_srvcs,MAD z-score >= 8 (extreme outlier),4707.0,,
1023011970,,providers_a,sum_srvcs,MAD z-score >= 8 (extreme outlier),5324.0,,
1003201336,,providers_a,sum_srvcs,MAD z-score >= 8 (extreme outlier),20293.0,,
1023604931,,providers_a,sum_srvcs,MAD z-score >= 8 (extreme outlier),8003.0,,
1043408461,,providers_a,sum_srvcs,MAD z-score >= 8 (extreme outlier),18426.0,,
1023051372,,providers_a,sum_srvcs,MAD z-score >= 8 (extreme outlier),13578.0,,
1043377062,,providers_a,sum_srvcs,MAD z-score >= 8 (extreme outlier),13391.0,,
1033395074,,providers_a,sum_srvcs,MAD z-score >= 8 (extreme outlier),11649.0,,
1043329725,,providers_a,sum_srvcs,MAD z-score >= 8 (extreme outlier),6511.2,,
1033115241,,providers_a,sum_srvcs,MAD z-score >= 8 (extreme outlier),7857.0,,
1013295492,,providers_a,sum_srvcs,MAD z-score >= 8 (extreme outlier),5505.0,,
1033201090,,providers_a,sum_srvcs,MAD z-score >= 8 (extreme outlier),210254.0,,
1023084654,,providers_a,sum_srvcs,MAD z-score >= 8 (extreme outlier),8337.0,,
1013980994,,providers_a,sum_srvcs,MAD z-score >= 8 (extreme outlier),4619.0,,
1033136999,,providers_a,sum_srvcs,MAD z-score >= 8 (extreme outlier),4871.0,,
1033287594,,providers_a,sum_srvcs,MAD z-score >= 8 (extreme outlier),14536.0,,
1023685880,,providers_a,sum_srvcs,MAD z-score >= 8 (extreme outlier),13353.0,,
1043385180,,providers_a,sum_srvcs,MAD z-score >= 8 (extreme outlier),104938.0,,
1053064030,,providers_a,sum_srvcs,MAD z-score >= 8 (extreme outlier),6598.0,,
1023018728,,providers_a,sum_srvcs,MAD z-score >= 8 (extreme outlier),282534.0,,
1003884461,,providers_a,sum_srvcs,MAD z-score >= 8 (extreme outlier),44046.0,,
1033240718,,providers_a,sum_srvcs,MAD z-score >= 8 (extreme outlier),10635.6,,
1033245287,,providers_a,sum_srvcs,MAD z-score >= 8 (extreme outlier),7097.0,,
1043322365,,providers_a,sum_srvcs,MAD z-score >= 8 (extreme outlier),5361.0,,
1023182417,,providers_a,sum_srvcs,MAD z-score >= 8 (extreme outlier),9064.9,,
1013966043,,providers_a,sum_srvcs,MAD z-score >= 8 (extreme outlier),7317.0,,
1013905843,,providers_a,sum_srvcs,MAD z-score >= 8 (extreme outlier),17683.0,,
1013904614,,providers_a,sum_srvcs,MAD z-score >= 8 (extreme outlier),9099.0,,
1043978166,,providers_a,sum_srvcs,MAD z-score >= 8 (extreme outlier),12319.0,,
1023014057,,providers_a,sum_srvcs,MAD z-score >= 8 (extreme outlier),21555.0,,
1033119417,,providers_a,sum_srvcs,MAD z-score >= 8 (extreme outlier),6794.0,,
1013009596,,providers_a,sum_srvcs,MAD z-score >= 8 (extreme outlier),7159.0,,
1033184528,,providers_a,sum_srvcs,MAD z-score >= 8 (extreme outlier),39489.0,,
1033115373,,providers_a,sum_srvcs,MAD z-score >= 8 (extreme outlier),7461.0,,
1003860313,,providers_a,sum_srvcs,MAD z-score >= 8 (extreme outlier),17407.0,,
1033329958,,providers_a,sum_srvcs,MAD z-score >= 8 (extreme outlier),5218.0,,
1023374014,,providers_a,sum_srvcs,MAD z-score >= 8 (extreme outlier),13209.0,,
1003969684,,providers_a,sum_srvcs,MAD z-score >= 8 (extreme outlier),67233.0,,
1033106752,,providers_a,sum_srvcs,MAD z-score >= 8 (extreme outlier),52716.0,,
1033209358,,providers_a,sum_srvcs,MAD z-score >= 8 (extreme outlier),6663.0,,
1043278773,,providers_a,sum_srvcs,MAD z-score >= 8 (extreme outlier),4664.0,,
1003843681,,providers_a,sum_srvcs,MAD z-score >= 8 (extreme outlier),6510.0,,
1003811746,,providers_a,sum_srvcs,MAD z-score >= 8 (extreme outlier),5173.0,,
1043650641,,providers_a,sum_srvcs,MAD z-score >= 8 (extreme outlier),40196.0,,
1013910090,,providers_a,sum_srvcs,MAD z-score >= 8 (extreme outlier),5376.0,,
1013175694,,providers_a,sum_srvcs,MAD z-score >= 8 (extreme outlier),4707.0,,
1023184140,,providers_a,sum_srvcs,MAD z-score >= 8 (extreme outlier),8342.2,,
1013498005,,providers_a,sum_srvcs,MAD z-score >= 8 (extreme outlier),5396.0,,
1003942491,,providers_a,sum_srvcs,MAD z-score >= 8 (extreme outlier),6306.0,,
1003394933,,providers_a,sum_srvcs,MAD z-score >= 8 (extreme outlier),4793.5,,
1033170022,,providers_a,sum_srvcs,MAD z-score >= 8 (extreme outlier),10359.0,,
1033250048,,providers_a,sum_srvcs,MAD z-score >= 8 (extreme outlier),9499.0,,
1043340144,,providers_a,sum_srvcs,MAD z-score >= 8 (extreme outlier),13190.0,,
1013902006,,providers_a,sum_srvcs,MAD z-score >= 8 (extreme outlier),40621.0,,
1053343624,,providers_a,sum_srvcs,MAD z-score >= 8 (extreme outlier),7632.7,,
1003250911,,providers_a,sum_srvcs,MAD z-score >= 8 (extreme outlier),10261.0,,
1043431026,,providers_a,sum_srvcs,MAD z-score >= 8 (extreme outlier),21128.0,,
1003997479,,providers_a,sum_srvcs,MAD z-score >= 8 (extreme outlier),4928.0,,
1023164613,,providers_a,sum_srvcs,MAD z-score >= 8 (extreme outlier),5830.0,,
1013123595,,providers_a,sum_srvcs,MAD z-score >= 8 (extreme outlier),15734.0,,
1033507710,,providers_a,sum_srvcs,MAD z-score >= 8 (extreme outlier),5365.0,,
1033539168,,providers_a,sum_srvcs,MAD z-score >= 8 (extreme outlier),4736.0,,
1003028556,,providers_a,sum_srvcs,MAD z-score >= 8 (extreme outlier),61506.0,,
1033196001,,providers_a,sum_srvcs,MAD z-score >= 8 (extreme outlier),59029.0,,
1013148857,,providers_a,sum_srvcs,MAD z-score >= 8 (extreme outlier),6663.0,,
1023048253,,providers_a,sum_srvcs,MAD z-score >= 8 (extreme outlier),17811.0,,
1053315762,,providers_a,sum_srvcs,MAD z-score >= 8 (extreme outlier),8016.0,,
1033323258,,providers_a,sum_srvcs,MAD z-score >= 8 (extreme outlier),16755.0,,
1043394901,,providers_a,sum_srvcs,MAD z-score >= 8 (extreme outlier),223755.0,,
1053329888,,providers_a,sum_srvcs,MAD z-score >= 8 (extreme outlier),42896.0,,
1023129608,,providers_a,sum_srvcs,MAD z-score >= 8 (extreme outlier),7855.0,,
1033385232,,providers_a,sum_srvcs,MAD z-score >= 8 (extreme outlier),7316.0,,
1023540325,,providers_a,sum_srvcs,MAD z-score >= 8 (extreme outlier),5488.0,,
1003815333,,providers_a,sum_srvcs,MAD z-score >= 8 (extreme outlier),7220.3,,
1043233166,,providers_a,sum_srvcs,MAD z-score >= 8 (extreme outlier),24610.0,,
1053320481,,providers_a,sum_srvcs,MAD z-score >= 8 (extreme outlier),5369.0,,
1013129725,,providers_a,sum_srvcs,MAD z-score >= 8 (extreme outlier),4591.0,,
1023508223,,providers_a,sum_srvcs,MAD z-score >= 8 (extreme outlier),5985.4,,
1013973254,,providers_a,sum_srvcs,MAD z-score >= 8 (extreme outlier),53807.0,,
1033210786,,providers_a,sum_srvcs,MAD z-score >= 8 (extreme outlier),6296.9,,
1013091966,,providers_a,sum_srvcs,MAD z-score >= 8 (extreme outlier),5473.0,,
1043203425,,providers_a,sum_srvcs,MAD z-score >= 8 (extreme outlier),12500.0,,
1023337722,,providers_a,sum_srvcs,MAD z-score >= 8 (extreme outlier),4985.0,,
1003468745,,providers_a,sum_srvcs,MAD z-score >= 8 (extreme outlier),352597.0,,
1043252729,,providers_a,sum_srvcs,MAD z-score >= 8 (extreme outlier),6947.3,,
1013966100,,providers_a,sum_srvcs,MAD z-score >= 8 (extreme outlier),10049.0,,
1033257753,,providers_a,sum_srvcs,MAD z-score >= 8 (extreme outlier),5256.0,,
1003133984,,providers_a,sum_srvcs,MAD z-score >= 8 (extreme outlier),7826.0,,
1053345082,,providers_a,sum_srvcs,MAD z-score >= 8 (extreme outlier),9831.0,,
1023492600,,providers_a,sum_srvcs,MAD z-score >= 8 (extreme outlier),8705.0,,
1013941616,,providers_a,sum_srvcs,MAD z-score >= 8 (extreme outlier),7502.0,,
1023042850,,providers_a,sum_srvcs,MAD z-score >= 8 (extreme outlier),9713.0,,
1023080892,,providers_a,sum_srvcs,MAD z-score >= 8 (extreme outlier),5126.0,,
1003374711,,providers_a,sum_srvcs,MAD z-score >= 8 (extreme outlier),5807.0,,
1013418912,,providers_a,sum_srvcs,MAD z-score >= 8 (extreme outlier),9676.0,,
1013960681,,providers_a,sum_srvcs,MAD z-score >= 8 (extreme outlier),4769.0,,
1053334318,,providers_a,sum_srvcs,MAD z-score >= 8 (extreme outlier),25327.0,,
1013595800,,providers_a,sum_srvcs,MAD z-score >= 8 (extreme outlier),12288.5,,
1003880592,,providers_a,sum_srvcs,MAD z-score >= 8 (extreme outlier),8018.0,,
1033115449,,providers_a,sum_srvcs,MAD z-score >= 8 (extreme outlier),5916.0,,
1043753395,,providers_a,sum_srvcs,MAD z-score >= 8 (extreme outlier),17207.0,,
1033430293,,providers_a,sum_srvcs,MAD z-score >= 8 (extreme outlier),15079.0,,
1033192844,,providers_a,sum_srvcs,MAD z-score >= 8 (extreme outlier),6415.0,,
1023002862,,providers_a,sum_srvcs,MAD z-score >= 8 (extreme outlier),11303.0,,
1023058310,,providers_a,sum_srvcs,MAD z-score >= 8 (extreme outlier),7995.0,,
1023338068,,providers_a,sum_srvcs,MAD z-score >= 8 (extreme outlier),5626.0,,
1003852302,,providers_a,sum_srvcs,MAD z-score >= 8 (extreme outlier),6341.0,,
1003841073,,providers_a,sum_srvcs,MAD z-score >= 8 (extreme outlier),8602.0,,
1013987791,,providers_a,sum_srvcs,MAD z-score >= 8 (extreme outlier),9564.0,,
1053339127,,providers_a,sum_srvcs,MAD z-score >= 8 (extreme outlier),5209.0,,
1003836214,,providers_a,sum_srvcs,MAD z-score >= 8 (extreme outlier),22538.0,,
1003143801,,providers_a,sum_srvcs,MAD z-score >= 8 (extreme outlier),6495.0,,
1003871708,,providers_a,sum_srvcs,MAD z-score >= 8 (extreme outlier),5380.0,,
1023069622,,providers_a,sum_srvcs,MAD z-score >= 8 (extreme outlier),55093.3,,
1043959836,,providers_a,sum_srvcs,MAD z-score >= 8 (extreme outlier),6302.7,,
1003101908,,providers_a,sum_srvcs,MAD z-score >= 8 (extreme outlier),5951.0,,
1023456290,,providers_a,sum_srvcs,MAD z-score >= 8 (extreme outlier),9072.0,,
1013980952,,providers_a,sum_srvcs,MAD z-score >= 8 (extreme outlier),8594.0,,
1043273717,,providers_a,sum_srvcs,MAD z-score >= 8 (extreme outlier),5269.0,,
1033324611,,providers_a,sum_srvcs,MAD z-score >= 8 (extreme outlier),6056.0,,
1003959974,,providers_a,sum_srvcs,MAD z-score >= 8 (extreme outlier),48226.0,,
1043252646,,providers_a,sum_srvcs,MAD z-score >= 8 (extreme outlier),7815.2,,
1043293095,,providers_a,sum_srvcs,MAD z-score >= 8 (extreme outlier),28140.0,,
1013901586,,providers_a,sum_srvcs,MAD z-score >= 8 (extreme outlier),73196.0,,
1003812082,,providers_a,sum_srvcs,MAD z-score >= 8 (extreme outlier),9161.0,,
1023338241,,providers_a,sum_srvcs,MAD z-score >= 8 (extreme outlier),7007.0,,
1043535792,,providers_a,sum_srvcs,MAD z-score >= 8 (extreme outlier),19268.0,,
1013982685,,providers_a,sum_srvcs,MAD z-score >= 8 (extreme outlier),12730.5,,
1033193180,,providers_a,sum_srvcs,MAD z-score >= 8 (extreme outlier),67467.0,,
1023073459,,providers_a,sum_srvcs,MAD z-score >= 8 (extreme outlier),44134.0,,
1013541820,,providers_a,sum_srvcs,MAD z-score >= 8 (extreme outlier),6594.0,,
1043692031,,providers_a,sum_srvcs,MAD z-score >= 8 (extreme outlier),8719.0,,
1013032713,,providers_a,sum_srvcs,MAD z-score >= 8 (extreme outlier),546939.0,,
1023168382,,providers_a,sum_srvcs,MAD z-score >= 8 (extreme outlier),143784.9,,
1023430121,,providers_a,sum_srvcs,MAD z-score >= 8 (extreme outlier),10720.0,,
1033596838,,providers_a,sum_srvcs,MAD z-score >= 8 (extreme outlier),12942.0,,
1013344613,,providers_a,sum_srvcs,MAD z-score >= 8 (extreme outlier),12426.0,,
1003066846,,providers_a,sum_srvcs,MAD z-score >= 8 (extreme outlier),5750.0,,
1003143389,,providers_a,sum_srvcs,MAD z-score >= 8 (extreme outlier),9439.0,,
1013194299,,providers_a,sum_srvcs,MAD z-score >= 8 (extreme outlier),53640.0,,
1003879057,,providers_a,sum_srvcs,MAD z-score >= 8 (extreme outlier),5344.0,,
1023624087,,providers_a,sum_srvcs,MAD z-score >= 8 (extreme outlier),6593.0,,
1013905520,,providers_a,sum_srvcs,MAD z-score >= 8 (extreme outlier),10222.2,,
1023045481,,providers_a,sum_srvcs,MAD z-score >= 8 (extreme outlier),10937.9,,
1043259476,,providers_a,sum_srvcs,MAD z-score >= 8 (extreme outlier),35475.0,,
1023181864,,providers_a,sum_srvcs,MAD z-score >= 8 (extreme outlier),10627.0,,
1023273190,,providers_a,sum_srvcs,MAD z-score >= 8 (extreme outlier),7766.0,,
1053320184,,providers_a,sum_srvcs,MAD z-score >= 8 (extreme outlier),8288.0,,
1003272550,,providers_a,sum_srvcs,MAD z-score >= 8 (extreme outlier),5695.0,,
1003856204,,providers_a,sum_srvcs,MAD z-score >= 8 (extreme outlier),8466.0,,
1013250455,,providers_a,sum_srvcs,MAD z-score >= 8 (extreme outlier),42821.0,,
1023089182,,providers_a,sum_srvcs,MAD z-score >= 8 (extreme outlier),5338.0,,
1023218237,,providers_a,sum_srvcs,MAD z-score >= 8 (extreme outlier),10633.0,,
1023034337,,providers_a,sum_srvcs,MAD z-score >= 8 (extreme outlier),45783.0,,
1023195112,,providers_a,sum_srvcs,MAD z-score >= 8 (extreme outlier),25783.0,,
1013255991,,providers_a,sum_srvcs,MAD z-score >= 8 (extreme outlier),26316.0,,
1023307774,,providers_a,sum_srvcs,MAD z-score >= 8 (extreme outlier),5898.0,,
1023013505,,providers_a,sum_srvcs,MAD z-score >= 8 (extreme outlier),11399.0,,
1033265723,,providers_a,sum_srvcs,MAD z-score >= 8 (extreme outlier),41358.0,,
1033438825,,providers_a,sum_srvcs,MAD z-score >= 8 (extreme outlier),5450.0,,
1023239688,,providers_a,sum_srvcs,MAD z-score >= 8 (extreme outlier),5862.0,,
1033478037,,providers_a,sum_srvcs,MAD z-score >= 8 (extreme outlier),5585.0,,
1003198714,,providers_a,sum_srvcs,MAD z-score >= 8 (extreme outlier),4899.0,,
1013957588,,providers_a,sum_srvcs,MAD z-score >= 8 (extreme outlier),6492.0,,
1033482336,,providers_a,sum_srvcs,MAD z-score >= 8 (extreme outlier),7174.0,,
1053301564,,providers_a,sum_srvcs,MAD z-score >= 8 (extreme outlier),8307.0,,
1033155437,,providers_a,sum_srvcs,MAD z-score >= 8 (extreme outlier),6616.0,,
1013957026,,providers_a,sum_srvcs,MAD z-score >= 8 (extreme outlier),50770.0,,
1033401310,,providers_a,sum_srvcs,MAD z-score >= 8 (extreme outlier),12556.0,,
1043794407,,providers_a,sum_srvcs,MAD z-score >= 8 (extreme outlier),5956.0,,
1023362993,,providers_a,sum_srvcs,MAD z-score >= 8 (extreme outlier),9696.0,,
1013917426,,providers_a,sum_srvcs,MAD z-score >= 8 (extreme outlier),5184.0,,
1033403621,,providers_a,sum_srvcs,MAD z-score >= 8 (extreme outlier),8605.0,,
1043246119,,providers_a,sum_srvcs,MAD z-score >= 8 (extreme outlier),6763.0,,
1013615665,,providers_a,sum_srvcs,MAD z-score >= 8 (extreme outlier),50615.0,,
1043210156,,providers_a,sum_srvcs,MAD z-score >= 8 (extreme outlier),13092.0,,
1033734322,,providers_a,sum_srvcs,MAD z-score >= 8 (extreme outlier),5212.0,,
1013900331,,providers_a,sum_srvcs,MAD z-score >= 8 (extreme outlier),50649.0,,
1013951250,,providers_a,sum_srvcs,MAD z-score >= 8 (extreme outlier),16755.0,,
1003104381,,providers_a,sum_srvcs,MAD z-score >= 8 (extreme outlier),10480.7,,
1023279767,,providers_a,sum_srvcs,MAD z-score >= 8 (extreme outlier),4606.0,,
1013065879,,providers_a,sum_srvcs,MAD z-score >= 8 (extreme outlier),5274.0,,
1033282678,,providers_a,sum_srvcs,MAD z-score >= 8 (extreme outlier),5420.0,,
1023120755,,providers_a,sum_srvcs,MAD z-score >= 8 (extreme outlier),15748.0,,
1023012861,,providers_a,sum_srvcs,MAD z-score >= 8 (extreme outlier),10399.0,,
1013989409,,providers_a,sum_srvcs,MAD z-score >= 8 (extreme outlier),4952.0,,
1023548252,,providers_a,sum_srvcs,MAD z-score >= 8 (extreme outlier),21737.0,,
1033691738,,providers_a,sum_srvcs,MAD z-score >= 8 (extreme outlier),6432.0,,
1013515667,,providers_a,sum_srvcs,MAD z-score >= 8 (extreme outlier),9340.0,,
1003895418,,providers_a,sum_srvcs,MAD z-score >= 8 (extreme outlier),5325.0,,
1023091857,,providers_a,sum_srvcs,MAD z-score >= 8 (extreme outlier),34282.0,,
1013332857,,providers_a,sum_srvcs,MAD z-score >= 8 (extreme outlier),5353.0,,
1033443239,,providers_a,sum_srvcs,MAD z-score >= 8 (extreme outlier),5917.0,,
1023501764,,providers_a,sum_srvcs,MAD z-score >= 8 (extreme outlier),16638.0,,
1043297096,,providers_a,sum_srvcs,MAD z-score >= 8 (extreme outlier),5866.0,,
1003898651,,providers_a,sum_srvcs,MAD z-score >= 8 (extreme outlier),11391.0,,
1013179712,,providers_a,sum_srvcs,MAD z-score >= 8 (extreme outlier),9959.0,,
1043227895,,providers_a,sum_srvcs,MAD z-score >= 8 (extreme outlier),4811.0,,
1013017581,,providers_a,sum_srvcs,MAD z-score >= 8 (extreme outlier),4932.0,,
1053303214,,providers_a,sum_srvcs,MAD z-score >= 8 (extreme outlier),5388.0,,
1043298417,,providers_a,sum_srvcs,MAD z-score >= 8 (extreme outlier),7192.0,,
1043271497,,providers_a,sum_srvcs,MAD z-score >= 8 (extreme outlier),16021.0,,
1013916428,,providers_a,sum_srvcs,MAD z-score >= 8 (extreme outlier),17062.0,,
1033121249,,providers_a,sum_srvcs,MAD z-score >= 8 (extreme outlier),20711.0,,
1023097532,,providers_a,sum_srvcs,MAD z-score >= 8 (extreme outlier),5660.0,,
1023364643,,providers_a,sum_srvcs,MAD z-score >= 8 (extreme outlier),5969.0,,
1023073905,,providers_a,sum_srvcs,MAD z-score >= 8 (extreme outlier),4842.0,,
1013337252,,providers_a,sum_srvcs,MAD z-score >= 8 (extreme outlier),10050.0,,
1023246485,,providers_a,sum_srvcs,MAD z-score >= 8 (extreme outlier),12564.0,,
1033260633,,providers_a,sum_srvcs,MAD z-score >= 8 (extreme outlier),4885.0,,
1003090390,,providers_a,sum_srvcs,MAD z-score >= 8 (extreme outlier),6327.0,,
1053351247,,providers_a,sum_srvcs,MAD z-score >= 8 (extreme outlier),4789.0,,
1013286285,,providers_a,sum_srvcs,MAD z-score >= 8 (extreme outlier),31729.0,,
1013976463,,providers_a,sum_srvcs,MAD z-score >= 8 (extreme outlier),8722.0,,
1043577448,,providers_a,sum_srvcs,MAD z-score >= 8 (extreme outlier),5765.0,,
1003896903,,providers_a,sum_srvcs,MAD z-score >= 8 (extreme outlier),17626.0,,
1003818394,,providers_a,sum_srvcs,MAD z-score >= 8 (extreme outlier),8748.0,,
1003029620,,providers_a,sum_srvcs,MAD z-score >= 8 (extreme outlier),5852.0,,
1033383302,,providers_a,sum_srvcs,MAD z-score >= 8 (extreme outlier),7404.0,,
1003436189,,providers_a,sum_srvcs,MAD z-score >= 8 (extreme outlier),26226.0,,
1033145479,,providers_a,sum_srvcs,MAD z-score >= 8 (extreme outlier),7073.0,,
1003899816,,providers_a,sum_srvcs,MAD z-score >= 8 (extreme outlier),8728.0,,
1033650866,,providers_a,sum_srvcs,MAD z-score >= 8 (extreme outlier),79838.0,,
1013939834,,providers_a,sum_srvcs,MAD z-score >= 8 (extreme outlier),15926.0,,
1043475098,,providers_a,sum_srvcs,MAD z-score >= 8 (extreme outlier),5434.0,,
1003805995,,providers_a,sum_srvcs,MAD z-score >= 8 (extreme outlier),8511.0,,
1023032737,,providers_a,sum_srvcs,MAD z-score >= 8 (extreme outlier),5507.0,,
1043204985,,providers_a,sum_srvcs,MAD z-score >= 8 (extreme outlier),4640.0,,
1023072188,,providers_a,sum_srvcs,MAD z-score >= 8 (extreme outlier),5475.0,,
1043200504,,providers_a,sum_srvcs,MAD z-score >= 8 (extreme outlier),7402.0,,
1033145321,,providers_a,sum_srvcs,MAD z-score >= 8 (extreme outlier),79809.0,,
1053351064,,providers_a,sum_srvcs,MAD z-score >= 8 (extreme outlier),7644.0,,
1013520329,,providers_a,sum_srvcs,MAD z-score >= 8 (extreme outlier),6492.0,,
1023070919,,providers_a,sum_srvcs,MAD z-score >= 8 (extreme outlier),16242.0,,
1023003456,,providers_a,sum_srvcs,MAD z-score >= 8 (extreme outlier),6641.0,,
1033257746,,providers_a,sum_srvcs,MAD z-score >= 8 (extreme outlier),13188.0,,
1033201058,,providers_a,sum_srvcs,MAD z-score >= 8 (extreme outlier),4775.0,,
1023060480,,providers_a,sum_srvcs,MAD z-score >= 8 (extreme outlier),6107.0,,
1043272776,,providers_a,sum_srvcs,MAD z-score >= 8 (extreme outlier),4632.0,,
1013122977,,providers_a,sum_srvcs,MAD z-score >= 8 (extreme outlier),5531.0,,
1033295795,,providers_a,sum_srvcs,MAD z-score >= 8 (extreme outlier),11163.0,,
1033113816,,providers_a,sum_srvcs,MAD z-score >= 8 (extreme outlier),6673.0,,
1043266117,,providers_a,sum_srvcs,MAD z-score >= 8 (extreme outlier),5021.0,,
1013015635,,providers_a,sum_srvcs,MAD z-score >= 8 (extreme outlier),4606.0,,
1033423280,,providers_a,sum_srvcs,MAD z-score >= 8 (extreme outlier),8196.0,,
1023188158,,providers_a,sum_srvcs,MAD z-score >= 8 (extreme outlier),9856.0,,
1003999103,,providers_a,sum_srvcs,MAD z-score >= 8 (extreme outlier),26455.0,,
1043667678,,providers_a,sum_srvcs,MAD z-score >= 8 (extreme outlier),11127.0,,
1033287180,,providers_a,sum_srvcs,MAD z-score >= 8 (extreme outlier),6305.0,,
1043887748,,providers_a,sum_srvcs,MAD z-score >= 8 (extreme outlier),42627.4,,
1003152265,,providers_a,sum_srvcs,MAD z-score >= 8 (extreme outlier),4702.0,,
1003902354,,providers_a,sum_srvcs,MAD z-score >= 8 (extreme outlier),4960.0,,
1013953900,,providers_a,sum_srvcs,MAD z-score >= 8 (extreme outlier),5845.0,,
1023123643,,providers_a,sum_srvcs,MAD z-score >= 8 (extreme outlier),5240.0,,
1053305946,,providers_a,sum_srvcs,MAD z-score >= 8 (extreme outlier),5944.0,,
1003291832,,providers_a,sum_srvcs,MAD z-score >= 8 (extreme outlier),7297.0,,
1043495203,,providers_a,sum_srvcs,MAD z-score >= 8 (extreme outlier),10559.4,,
1003487265,,providers_a,sum_srvcs,MAD z-score >= 8 (extreme outlier),4820.0,,
1033105010,,providers_a,sum_srvcs,MAD z-score >= 8 (extreme outlier),12549.0,,
1013976687,,providers_a,sum_srvcs,MAD z-score >= 8 (extreme outlier),5328.0,,
1053054726,,providers_a,sum_srvcs,MAD z-score >= 8 (extreme outlier),5719.0,,
1013921709,,providers_a,sum_srvcs,MAD z-score >= 8 (extreme outlier),4985.0,,
1023218757,,providers_a,sum_srvcs,MAD z-score >= 8 (extreme outlier),8599.0,,
1003839358,,providers_a,sum_srvcs,MAD z-score >= 8 (extreme outlier),12663.0,,
1043480783,,providers_a,sum_srvcs,MAD z-score >= 8 (extreme outlier),7019.0,,
1033341656,,providers_a,sum_srvcs,MAD z-score >= 8 (extreme outlier),6561.0,,
1043485956,,providers_a,sum_srvcs,MAD z-score >= 8 (extreme outlier),73807.0,,
1023272069,,providers_a,sum_srvcs,MAD z-score >= 8 (extreme outlier),29889.0,,
1003041088,,providers_a,sum_srvcs,MAD z-score >= 8 (extreme outlier),7629.0,,
1033603584,,providers_a,sum_srvcs,MAD z-score >= 8 (extreme outlier),9668.0,,
1043234040,,providers_a,sum_srvcs,MAD z-score >= 8 (extreme outlier),26202.0,,
1033342506,,providers_a,sum_srvcs,MAD z-score >= 8 (extreme outlier),6653.0,,
1013154400,,providers_a,sum_srvcs,MAD z-score >= 8 (extreme outlier),56691.0,,
1003078684,,providers_a,sum_srvcs,MAD z-score >= 8 (extreme outlier),5605.0,,
1033542006,,providers_a,sum_srvcs,MAD z-score >= 8 (extreme outlier),9138.0,,
1033302526,,providers_a,sum_srvcs,MAD z-score >= 8 (extreme outlier),12460.0,,
1033165675,,providers_a,sum_srvcs,MAD z-score >= 8 (extreme outlier),4866.0,,
1033609300,,providers_a,sum_srvcs,MAD z-score >= 8 (extreme outlier),6319.0,,
1033102900,,providers_a,sum_srvcs,MAD z-score >= 8 (extreme outlier),13885.0,,
1043318595,,providers_a,sum_srvcs,MAD z-score >= 8 (extreme outlier),6499.0,,
1023118379,,providers_a,sum_srvcs,MAD z-score >= 8 (extreme outlier),5275.0,,
1003869587,,providers_a,sum_srvcs,MAD z-score >= 8 (extreme outlier),4598.0,,
1043432206,,providers_a,sum_srvcs,MAD z-score >= 8 (extreme outlier),15681.0,,
1013164375,,providers_a,sum_srvcs,MAD z-score >= 8 (extreme outlier),6354.0,,
1013352145,,providers_a,sum_srvcs,MAD z-score >= 8 (extreme outlier),5956.0,,
1043700388,,providers_a,sum_srvcs,MAD z-score >= 8 (extreme outlier),5598.0,,
1013952159,,providers_a,sum_srvcs,MAD z-score >= 8 (extreme outlier),14012.0,,
1043217615,,providers_a,sum_srvcs,MAD z-score >= 8 (extreme outlier),15306.0,,
1003043837,,providers_a,sum_srvcs,MAD z-score >= 8 (extreme outlier),4631.0,,
1003820002,,providers_a,sum_srvcs,MAD z-score >= 8 (extreme outlier),24170.0,,
1013666049,,providers_a,sum_srvcs,MAD z-score >= 8 (extreme outlier),6093.0,,
1003898131,,providers_a,sum_srvcs,MAD z-score >= 8 (extreme outlier),6510.0,,
1033561816,,providers_a,sum_srvcs,MAD z-score >= 8 (extreme outlier),7814.0,,
1033221510,,providers_a,sum_srvcs,MAD z-score >= 8 (extreme outlier),6658.0,,
1003115551,,providers_a,sum_srvcs,MAD z-score >= 8 (extreme outlier),7306.0,,
1013136456,,providers_a,sum_srvcs,MAD z-score >= 8 (extreme outlier),7363.0,,
1003862806,,providers_a,sum_srvcs,MAD z-score >= 8 (extreme outlier),8770.0,,
1043345366,,providers_a,sum_srvcs,MAD z-score >= 8 (extreme outlier),7304.0,,
1053088567,,providers_a,sum_srvcs,MAD z-score >= 8 (extreme outlier),9183.0,,
1003072000,,providers_a,sum_srvcs,MAD z-score >= 8 (extreme outlier),19531.0,,
1033173562,,providers_a,sum_srvcs,MAD z-score >= 8 (extreme outlier),11444.0,,
1003872375,,providers_a,sum_srvcs,MAD z-score >= 8 (extreme outlier),5360.0,,
1013270982,,providers_a,sum_srvcs,MAD z-score >= 8 (extreme outlier),8166.0,,
1043579733,,providers_a,sum_srvcs,MAD z-score >= 8 (extreme outlier),4933.0,,
1023382983,,providers_a,sum_srvcs,MAD z-score >= 8 (extreme outlier),7210.0,,
1023022019,,providers_a,sum_srvcs,MAD z-score >= 8 (extreme outlier),187348.0,,
1043205305,,providers_a,sum_srvcs,MAD z-score >= 8 (extreme outlier),5387.0,,
1013904168,,providers_a,sum_srvcs,MAD z-score >= 8 (extreme outlier),5842.0,,
1023175072,,providers_a,sum_srvcs,MAD z-score >= 8 (extreme outlier),65871.0,,
1013948488,,providers_a,sum_srvcs,MAD z-score >= 8 (extreme outlier),5326.0,,
1033570205,,providers_a,sum_srvcs,MAD z-score >= 8 (extreme outlier),7006.0,,
1043525959,,providers_a,sum_srvcs,MAD z-score >= 8 (extreme outlier),14517.0,,
1033351226,,providers_a,sum_srvcs,MAD z-score >= 8 (extreme outlier),49734.0,,
1033189089,,providers_a,sum_srvcs,MAD z-score >= 8 (extreme outlier),5014.0,,
1003875295,,providers_a,sum_srvcs,MAD z-score >= 8 (extreme outlier),147648.0,,
1023004876,,providers_a,sum_srvcs,MAD z-score >= 8 (extreme outlier),10398.0,,
1003851767,,providers_a,sum_srvcs,MAD z-score >= 8 (extreme outlier),6937.2,,
1043572613,,providers_a,sum_srvcs,MAD z-score >= 8 (extreme outlier),20203.0,,
1033181193,,providers_a,sum_srvcs,MAD z-score >= 8 (extreme outlier),7817.0,,
1033316997,,providers_a,sum_srvcs,MAD z-score >= 8 (extreme outlier),9383.0,,
1043503055,,providers_a,sum_srvcs,MAD z-score >= 8 (extreme outlier),6948.0,,
1003856857,,providers_a,sum_srvcs,MAD z-score >= 8 (extreme outlier),5029.4,,
1033395322,,providers_a,sum_srvcs,MAD z-score >= 8 (extreme outlier),8069.0,,
1023632437,,providers_a,sum_srvcs,MAD z-score >= 8 (extreme outlier),6917.0,,
1013276070,,providers_a,sum_srvcs,MAD z-score >= 8 (extreme outlier),14915.0,,
1023050473,,providers_a,sum_srvcs,MAD z-score >= 8 (extreme outlier),7152.0,,
1013950609,,providers_a,sum_srvcs,MAD z-score >= 8 (extreme outlier),23412.0,,
1053307157,,providers_a,sum_srvcs,MAD z-score >= 8 (extreme outlier),7115.3,,
1013391168,,providers_a,sum_srvcs,MAD z-score >= 8 (extreme outlier),6324.0,,
1013620020,,providers_a,sum_srvcs,MAD z-score >= 8 (extreme outlier),4914.0,,
1003812462,,providers_a,sum_srvcs,MAD z-score >= 8 (extreme outlier),9831.0,,
1023091147,,providers_a,sum_srvcs,MAD z-score >= 8 (extreme outlier),16218.0,,
1043757230,,providers_a,sum_srvcs,MAD z-score >= 8 (extreme outlier),5087.0,,
1003967357,,providers_a,sum_srvcs,MAD z-score >= 8 (extreme outlier),4897.0,,
1043356355,,providers_a,sum_srvcs,MAD z-score >= 8 (extreme outlier),4719.0,,
1023213089,,providers_a,sum_srvcs,MAD z-score >= 8 (extreme outlier),104325.0,,
1043282064,,providers_a,sum_srvcs,MAD z-score >= 8 (extreme outlier),14239.0,,
1033312905,,providers_a,sum_srvcs,MAD z-score >= 8 (extreme outlier),22489.0,,
1053316190,,providers_a,sum_srvcs,MAD z-score >= 8 (extreme outlier),101772.0,,
1033271994,,providers_a,sum_srvcs,MAD z-score >= 8 (extreme outlier),5228.0,,
1043209513,,providers_a,sum_srvcs,MAD z-score >= 8 (extreme outlier),8024.0,,
1013201946,,providers_a,sum_srvcs,MAD z-score >= 8 (extreme outlier),4982.0,,
1033597257,,providers_a,sum_srvcs,MAD z-score >= 8 (extreme outlier),6627.0,,
1033737788,,providers_a,sum_srvcs,MAD z-score >= 8 (extreme outlier),5165.0,,
1013094234,,providers_a,sum_srvcs,MAD z-score >= 8 (extreme outlier),6581.0,,
1013437458,,providers_a,sum_srvcs,MAD z-score >= 8 (extreme outlier),6866.0,,
1013326560,,providers_a,sum_srvcs,MAD z-score >= 8 (extreme outlier),4877.0,,
1033262258,,providers_a,sum_srvcs,MAD z-score >= 8 (extreme outlier),13879.9,,
1013174929,,providers_a,sum_srvcs,MAD z-score >= 8 (extreme outlier),25911.0,,
1043257645,,providers_a,sum_srvcs,MAD z-score >= 8 (extreme outlier),5035.0,,
1003038555,,providers_a,sum_srvcs,MAD z-score >= 8 (extreme outlier),5436.0,,
1043480965,,providers_a,sum_srvcs,MAD z-score >= 8 (extreme outlier),4840.0,,
1013902204,,providers_a,sum_srvcs,MAD z-score >= 8 (extreme outlier),11005.0,,
1033727888,,providers_a,sum_srvcs,MAD z-score >= 8 (extreme outlier),9848.0,,
1023419397,,providers_a,sum_srvcs,MAD z-score >= 8 (extreme outlier),5834.0,,
1043252836,,providers_a,sum_srvcs,MAD z-score >= 8 (extreme outlier),10922.0,,
1003875717,,providers_a,sum_srvcs,MAD z-score >= 8 (extreme outlier),14943.0,,
1043314362,,providers_a,sum_srvcs,MAD z-score >= 8 (extreme outlier),5774.0,,
1003872284,,providers_a,sum_srvcs,MAD z-score >= 8 (extreme outlier),7392.0,,
1043356538,,providers_a,sum_srvcs,MAD z-score >= 8 (extreme outlier),4579.0,,
1013104116,,providers_a,sum_srvcs,MAD z-score >= 8 (extreme outlier),36496.1,,
1043553951,,providers_a,sum_srvcs,MAD z-score >= 8 (extreme outlier),4897.0,,
1033187604,,providers_a,sum_srvcs,MAD z-score >= 8 (extreme outlier),4770.0,,
1033386867,,providers_a,sum_srvcs,MAD z-score >= 8 (extreme outlier),4873.0,,
1023323268,,providers_a,sum_srvcs,MAD z-score >= 8 (extreme outlier),5546.0,,
1003215682,,providers_a,sum_srvcs,MAD z-score >= 8 (extreme outlier),7691.0,,
1003958174,,providers_a,sum_srvcs,MAD z-score >= 8 (extreme outlier),6668.0,,
1033370390,,providers_a,sum_srvcs,MAD z-score >= 8 (extreme outlier),5363.0,,
1033153614,,providers_a,sum_srvcs,MAD z-score >= 8 (extreme outlier),5078.0,,
1013912583,,providers_a,sum_srvcs,MAD z-score >= 8 (extreme outlier),10767.0,,
1053329987,,providers_a,sum_srvcs,MAD z-score >= 8 (extreme outlier),10772.0,,
1043598055,,providers_a,sum_srvcs,MAD z-score >= 8 (extreme outlier),6048.0,,
1013989789,,providers_a,sum_srvcs,MAD z-score >= 8 (extreme outlier),4797.0,,
1043742802,,providers_a,sum_srvcs,MAD z-score >= 8 (extreme outlier),8629.7,,
1043262702,,providers_a,sum_srvcs,MAD z-score >= 8 (extreme outlier),7029.0,,
1023456712,,providers_a,sum_srvcs,MAD z-score >= 8 (extreme outlier),7598.0,,
1023749793,,providers_a,sum_srvcs,MAD z-score >= 8 (extreme outlier),7729.0,,
1013129790,,providers_a,sum_srvcs,MAD z-score >= 8 (extreme outlier),5340.0,,
1013397280,,providers_a,sum_srvcs,MAD z-score >= 8 (extreme outlier),6705.0,,
1023050010,,providers_a,sum_srvcs,MAD z-score >= 8 (extreme outlier),9800.0,,
1003002312,,providers_a,sum_srvcs,MAD z-score >= 8 (extreme outlier),32677.0,,
1023063567,,providers_a,sum_srvcs,MAD z-score >= 8 (extreme outlier),14785.9,,
1043746902,,providers_a,sum_srvcs,MAD z-score >= 8 (extreme outlier),5821.2,,
1023166345,,providers_a,sum_srvcs,MAD z-score >= 8 (extreme outlier),31027.0,,
1013178466,,providers_a,sum_srvcs,MAD z-score >= 8 (extreme outlier),24299.0,,
1033116892,,providers_a,sum_srvcs,MAD z-score >= 8 (extreme outlier),4815.0,,
1043761554,,providers_a,sum_srvcs,MAD z-score >= 8 (extreme outlier),43438.0,,
1033290705,,providers_a,sum_srvcs,MAD z-score >= 8 (extreme outlier),105486.0,,
1023248242,,providers_a,sum_srvcs,MAD z-score >= 8 (extreme outlier),17913.0,,
1023640331,,providers_a,sum_srvcs,MAD z-score >= 8 (extreme outlier),5336.0,,
1023065083,,providers_a,sum_srvcs,MAD z-score >= 8 (extreme outlier),4795.0,,
1003084971,,providers_a,sum_srvcs,MAD z-score >= 8 (extreme outlier),8062.0,,
1043208630,,providers_a,sum_srvcs,MAD z-score >= 8 (extreme outlier),4674.0,,
1023428901,,providers_a,sum_srvcs,MAD z-score >= 8 (extreme outlier),15177.0,,
1013973692,,providers_a,sum_srvcs,MAD z-score >= 8 (extreme outlier),13259.0,,
1023090503,,providers_a,sum_srvcs,MAD z-score >= 8 (extreme outlier),6573.0,,
1033281159,,providers_a,sum_srvcs,MAD z-score >= 8 (extreme outlier),9424.0,,
1043442809,,providers_a,sum_srvcs,MAD z-score >= 8 (extreme outlier),15778.0,,
1003072950,,providers_a,sum_srvcs,MAD z-score >= 8 (extreme outlier),20049.0,,
1023458916,,providers_a,sum_srvcs,MAD z-score >= 8 (extreme outlier),19298.0,,
1053309732,,providers_a,sum_srvcs,MAD z-score >= 8 (extreme outlier),5852.0,,
1033559802,,providers_a,sum_srvcs,MAD z-score >= 8 (extreme outlier),60725.0,,
1033423413,,providers_a,sum_srvcs,MAD z-score >= 8 (extreme outlier),6712.0,,
1003496886,,providers_a,sum_srvcs,MAD z-score >= 8 (extreme outlier),5278.0,,
1003173154,,providers_a,sum_srvcs,MAD z-score >= 8 (extreme outlier),11547.0,,
1033186002,,providers_a,sum_srvcs,MAD z-score >= 8 (extreme outlier),6561.0,,
1033392105,,providers_a,sum_srvcs,MAD z-score >= 8 (extreme outlier),6045.0,,
1003171901,,providers_a,sum_srvcs,MAD z-score >= 8 (extreme outlier),5173.0,,
1023275617,,providers_a,sum_srvcs,MAD z-score >= 8 (extreme outlier),15650.0,,
1043424542,,providers_a,sum_srvcs,MAD z-score >= 8 (extreme outlier),26651.0,,
1003886409,,providers_a,sum_srvcs,MAD z-score >= 8 (extreme outlier),5420.0,,
1013938075,,providers_a,sum_srvcs,MAD z-score >= 8 (extreme outlier),7098.0,,
1033552880,,providers_a,sum_srvcs,MAD z-score >= 8 (extreme outlier),39108.0,,
1013284801,,providers_a,sum_srvcs,MAD z-score >= 8 (extreme outlier),11062.0,,
1043266810,,providers_a,sum_srvcs,MAD z-score >= 8 (extreme outlier),21214.0,,
1033641030,,providers_a,sum_srvcs,MAD z-score >= 8 (extreme outlier),7136.0,,
1013094382,,providers_a,sum_srvcs,MAD z-score >= 8 (extreme outlier),58929.0,,
1033315437,,providers_a,sum_srvcs,MAD z-score >= 8 (extreme outlier),34949.0,,
1043416696,,providers_a,sum_srvcs,MAD z-score >= 8 (extreme outlier),15109.0,,
1033112305,,providers_a,sum_srvcs,MAD z-score >= 8 (extreme outlier),4636.0,,
1003925272,,providers_a,sum_srvcs,MAD z-score >= 8 (extreme outlier),5758.0,,
1043217920,,providers_a,sum_srvcs,MAD z-score >= 8 (extreme outlier),18992.0,,
1043282551,,providers_a,sum_srvcs,MAD z-score >= 8 (extreme outlier),4884.0,,
1013994185,,providers_a,sum_srvcs,MAD z-score >= 8 (extreme outlier),6300.0,,
1013968874,,providers_a,sum_srvcs,MAD z-score >= 8 (extreme outlier),8059.0,,
1003397670,,providers_a,sum_srvcs,MAD z-score >= 8 (extreme outlier),15178.0,,
1053326728,,providers_a,sum_srvcs,MAD z-score >= 8 (extreme outlier),8209.0,,
1023284809,,providers_a,sum_srvcs,MAD z-score >= 8 (extreme outlier),9355.0,,
1053304097,,providers_a,sum_srvcs,MAD z-score >= 8 (extreme outlier),10158.0,,
1003090051,,providers_a,sum_srvcs,MAD z-score >= 8 (extreme outlier),5291.4,,
1043483001,,providers_a,sum_srvcs,MAD z-score >= 8 (extreme outlier),5385.0,,
1033385810,,providers_a,sum_srvcs,MAD z-score >= 8 (extreme outlier),19915.0,,
1043269368,,providers_a,sum_srvcs,MAD z-score >= 8 (extreme outlier),7616.0,,
1043652423,,providers_a,sum_srvcs,MAD z-score >= 8 (extreme outlier),20514.0,,
1003876418,,providers_a,sum_srvcs,MAD z-score >= 8 (extreme outlier),11229.0,,
1003389438,,providers_a,sum_srvcs,MAD z-score >= 8 (extreme outlier),6500.0,,
1023145521,,providers_a,sum_srvcs,MAD z-score >= 8 (extreme outlier),11750.0,,
1013971654,,providers_a,sum_srvcs,MAD z-score >= 8 (extreme outlier),6373.0,,
1033646823,,providers_a,sum_srvcs,MAD z-score >= 8 (extreme outlier),5179.0,,
1023378973,,providers_a,sum_srvcs,MAD z-score >= 8 (extreme outlier),37601.0,,
1043314842,,providers_a,sum_srvcs,MAD z-score >= 8 (extreme outlier),5196.0,,
1003859075,,providers_a,sum_srvcs,MAD z-score >= 8 (extreme outlier),9047.0,,
1043841919,,providers_a,sum_srvcs,MAD z-score >= 8 (extreme outlier),7318.0,,
1033491055,,providers_a,sum_srvcs,MAD z-score >= 8 (extreme outlier),12928.0,,
1003906082,,providers_a,sum_srvcs,MAD z-score >= 8 (extreme outlier),54037.9,,
1003013384,,providers_a,sum_srvcs,MAD z-score >= 8 (extreme outlier),14326.0,,
1013961879,,providers_a,sum_srvcs,MAD z-score >= 8 (extreme outlier),4768.0,,
1023535036,,providers_a,sum_srvcs,MAD z-score >= 8 (extreme outlier),4860.0,,
1033103775,,providers_a,sum_srvcs,MAD z-score >= 8 (extreme outlier),5395.0,,
1043218084,,providers_a,sum_srvcs,MAD z-score >= 8 (extreme outlier),12363.0,,
1033217740,,providers_a,sum_srvcs,MAD z-score >= 8 (extreme outlier),5753.0,,
1023246212,,providers_a,sum_srvcs,MAD z-score >= 8 (extreme outlier),14890.0,,
1043522790,,providers_a,sum_srvcs,MAD z-score >= 8 (extreme outlier),4838.0,,
1053339408,,providers_a,sum_srvcs,MAD z-score >= 8 (extreme outlier),5640.0,,
1023019924,,providers_a,sum_srvcs,MAD z-score >= 8 (extreme outlier),5211.0,,
1033158449,,providers_a,sum_srvcs,MAD z-score >= 8 (extreme outlier),11183.0,,
1003325648,,providers_a,sum_srvcs,MAD z-score >= 8 (extreme outlier),5275.0,,
1023137940,,providers_a,sum_srvcs,MAD z-score >= 8 (extreme outlier),6119.0,,
1003899774,,providers_a,sum_srvcs,MAD z-score >= 8 (extreme outlier),4782.0,,
1033265228,,providers_a,sum_srvcs,MAD z-score >= 8 (extreme outlier),9359.6,,
1033280813,,providers_a,sum_srvcs,MAD z-score >= 8 (extreme outlier),5268.0,,
1023072485,,providers_a,sum_srvcs,MAD z-score >= 8 (extreme outlier),7069.0,,
1013173590,,providers_a,sum_srvcs,MAD z-score >= 8 (extreme outlier),179763.0,,
1013151554,,providers_a,sum_srvcs,MAD z-score >= 8 (extreme outlier),15825.0,,
1003160987,,providers_a,sum_srvcs,MAD z-score >= 8 (extreme outlier),5249.0,,
1043293079,,providers_a,sum_srvcs,MAD z-score >= 8 (extreme outlier),5256.0,,
1043378292,,providers_a,sum_srvcs,MAD z-score >= 8 (extreme outlier),8816.0,,
1013982453,,providers_a,sum_srvcs,MAD z-score >= 8 (extreme outlier),4925.0,,
1033370440,,providers_a,sum_srvcs,MAD z-score >= 8 (extreme outlier),14199.0,,
1023082914,,providers_a,sum_srvcs,MAD z-score >= 8 (extreme outlier),24522.0,,
1043265747,,providers_a,sum_srvcs,MAD z-score >= 8 (extreme outlier),5909.0,,
1013468099,,providers_a,sum_srvcs,MAD z-score >= 8 (extreme outlier),6069.0,,
1013471754,,providers_a,sum_srvcs,MAD z-score >= 8 (extreme outlier),5463.0,,
1013907260,,providers_a,sum_srvcs,MAD z-score >= 8 (extreme outlier),10761.0,,
1033435656,,providers_a,sum_srvcs,MAD z-score >= 8 (extreme outlier),17700.0,,
1033168653,,providers_a,sum_srvcs,MAD z-score >= 8 (extreme outlier),7911.0,,
1013976299,,providers_a,sum_srvcs,MAD z-score >= 8 (extreme outlier),22998.0,,
1033198817,,providers_a,sum_srvcs,MAD z-score >= 8 (extreme outlier),75539.0,,
1023296936,,providers_a,sum_srvcs,MAD z-score >= 8 (extreme outlier),4959.0,,
1013350743,,providers_a,sum_srvcs,MAD z-score >= 8 (extreme outlier),12025.0,,
1003825415,,providers_a,sum_srvcs,MAD z-score >= 8 (extreme outlier),28204.0,,
1013975895,,providers_a,sum_srvcs,MAD z-score >= 8 (extreme outlier),5445.0,,
1023036613,,providers_a,sum_srvcs,MAD z-score >= 8 (extreme outlier),9116.0,,
1033456728,,providers_a,sum_srvcs,MAD z-score >= 8 (extreme outlier),18482.0,,
1033776422,,providers_a,sum_srvcs,MAD z-score >= 8 (extreme outlier),24081.0,,
1033231915,,providers_a,sum_srvcs,MAD z-score >= 8 (extreme outlier),20440.0,,
1033140637,,providers_a,sum_srvcs,MAD z-score >= 8 (extreme outlier),41454.0,,
1023025640,,providers_a,sum_srvcs,MAD z-score >= 8 (extreme outlier),35131.0,,
1033146212,,providers_a,sum_srvcs,MAD z-score >= 8 (extreme outlier),5337.0,,
1013955095,,providers_a,sum_srvcs,MAD z-score >= 8 (extreme outlier),5530.0,,
1033175765,,providers_a,sum_srvcs,MAD z-score >= 8 (extreme outlier),8004.0,,
1023522844,,providers_a,sum_srvcs,MAD z-score >= 8 (extreme outlier),24203.6,,
1013055813,,providers_a,sum_srvcs,MAD z-score >= 8 (extreme outlier),23893.0,,
1043244387,,providers_a,sum_srvcs,MAD z-score >= 8 (extreme outlier),94133.1,,
1003924168,,providers_a,sum_srvcs,MAD z-score >= 8 (extreme outlier),4714.0,,
1023227683,,providers_a,sum_srvcs,MAD z-score >= 8 (extreme outlier),4795.0,,
1043218118,,providers_a,sum_srvcs,MAD z-score >= 8 (extreme outlier),19356.0,,
1023250149,,providers_a,sum_srvcs,MAD z-score >= 8 (extreme outlier),12264.0,,
1003911645,,providers_a,sum_srvcs,MAD z-score >= 8 (extreme outlier),6438.0,,
1023462975,,providers_a,sum_srvcs,MAD z-score >= 8 (extreme outlier),18804.0,,
1013514553,,providers_a,sum_srvcs,MAD z-score >= 8 (extreme outlier),104716.0,,
1003877218,,providers_a,sum_srvcs,MAD z-score >= 8 (extreme outlier),7952.0,,
1023050937,,providers_a,sum_srvcs,MAD z-score >= 8 (extreme outlier),6978.0,,
1023171576,,providers_a,sum_srvcs,MAD z-score >= 8 (extreme outlier),8889.0,,
1023300977,,providers_a,sum_srvcs,MAD z-score >= 8 (extreme outlier),4912.0,,
1033165774,,providers_a,sum_srvcs,MAD z-score >= 8 (extreme outlier),6869.0,,
1023033388,,providers_a,sum_srvcs,MAD z-score >= 8 (extreme outlier),6792.0,,
1003898941,,providers_a,sum_srvcs,MAD z-score >= 8 (extreme outlier),4722.0,,
1033213798,,providers_a,sum_srvcs,MAD z-score >= 8 (extreme outlier),4639.0,,
1023004314,,providers_a,sum_srvcs,MAD z-score >= 8 (extreme outlier),27177.0,,
1043540149,,providers_a,sum_srvcs,MAD z-score >= 8 (extreme outlier),6676.0,,
1023720778,,providers_a,sum_srvcs,MAD z-score >= 8 (extreme outlier),50198.0,,
1023002003,,providers_a,sum_srvcs,MAD z-score >= 8 (extreme outlier),8952.0,,
1003817982,,providers_a,sum_srvcs,MAD z-score >= 8 (extreme outlier),5527.0,,
1033348537,,providers_a,sum_srvcs,MAD z-score >= 8 (extreme outlier),5608.0,,
1043348386,,providers_a,sum_srvcs,MAD z-score >= 8 (extreme outlier),4766.0,,
1033186713,,providers_a,sum_srvcs,MAD z-score >= 8 (extreme outlier),210169.0,,
1053301655,,providers_a,sum_srvcs,MAD z-score >= 8 (extreme outlier),11059.0,,
1013176858,,providers_a,sum_srvcs,MAD z-score >= 8 (extreme outlier),12434.0,,
1013992015,,providers_a,sum_srvcs,MAD z-score >= 8 (extreme outlier),9728.0,,
1013158013,,providers_a,sum_srvcs,MAD z-score >= 8 (extreme outlier),4915.0,,
1023048782,,providers_a,sum_srvcs,MAD z-score >= 8 (extreme outlier),6178.0,,
1053337295,,providers_a,sum_srvcs,MAD z-score >= 8 (extreme outlier),437138.0,,
1033503255,,providers_a,sum_srvcs,MAD z-score >= 8 (extreme outlier),5891.0,,
1023378841,,providers_a,sum_srvcs,MAD z-score >= 8 (extreme outlier),43891.0,,
1043254915,,providers_a,sum_srvcs,MAD z-score >= 8 (extreme outlier),6220.0,,
1053306035,,providers_a,sum_srvcs,MAD z-score >= 8 (extreme outlier),4949.0,,
1023437597,,providers_a,sum_srvcs,MAD z-score >= 8 (extreme outlier),13030.0,,
1003920877,,providers_a,sum_srvcs,MAD z-score >= 8 (extreme outlier),6681.0,,
1023375474,,providers_a,sum_srvcs,MAD z-score >= 8 (extreme outlier),7190.0,,
1013010560,,providers_a,sum_srvcs,MAD z-score >= 8 (extreme outlier),17532.0,,
1013025642,,providers_a,sum_srvcs,MAD z-score >= 8 (extreme outlier),10945.9,,
1043815335,,providers_a,sum_srvcs,MAD z-score >= 8 (extreme outlier),15637.0,,
1053073908,,providers_a,sum_srvcs,MAD z-score >= 8 (extreme outlier),5231.0,,
1023199601,,providers_a,sum_srvcs,MAD z-score >= 8 (extreme outlier),19775.0,,
1013154111,,providers_a,sum_srvcs,MAD z-score >= 8 (extreme outlier),9074.0,,
1033173125,,providers_a,sum_srvcs,MAD z-score >= 8 (extreme outlier),21211.0,,
1013181023,,providers_a,sum_srvcs,MAD z-score >= 8 (extreme outlier),6470.0,,
1033352596,,providers_a,sum_srvcs,MAD z-score >= 8 (extreme outlier),26982.0,,
1023070539,,providers_a,sum_srvcs,MAD z-score >= 8 (extreme outlier),6310.0,,
1003872268,,providers_a,sum_srvcs,MAD z-score >= 8 (extreme outlier),5750.0,,
1023218815,,providers_a,sum_srvcs,MAD z-score >= 8 (extreme outlier),15557.0,,
1033436191,,providers_a,sum_srvcs,MAD z-score >= 8 (extreme outlier),6216.0,,
1013068881,,providers_a,sum_srvcs,MAD z-score >= 8 (extreme outlier),7220.0,,
1013993096,,providers_a,sum_srvcs,MAD z-score >= 8 (extreme outlier),16081.0,,
1043374366,,providers_a,sum_srvcs,MAD z-score >= 8 (extreme outlier),26183.0,,
1003089814,,providers_a,sum_srvcs,MAD z-score >= 8 (extreme outlier),21065.0,,
1043303803,,providers_a,sum_srvcs,MAD z-score >= 8 (extreme outlier),15595.0,,
1003806928,,providers_a,sum_srvcs,MAD z-score >= 8 (extreme outlier),6467.0,,
1013245281,,providers_a,sum_srvcs,MAD z-score >= 8 (extreme outlier),31026.0,,
1043206964,,providers_a,sum_srvcs,MAD z-score >= 8 (extreme outlier),22949.0,,
1013971829,,providers_a,sum_srvcs,MAD z-score >= 8 (extreme outlier),4842.0,,
1043298391,,providers_a,sum_srvcs,MAD z-score >= 8 (extreme outlier),5078.0,,
1053336586,,providers_a,sum_srvcs,MAD z-score >= 8 (extreme outlier),7406.0,,
1033148010,,providers_a,sum_srvcs,MAD z-score >= 8 (extreme outlier),4914.0,,
1023584588,,providers_a,sum_srvcs,MAD z-score >= 8 (extreme outlier),7890.0,,
1003818816,,providers_a,sum_srvcs,MAD z-score >= 8 (extreme outlier),17971.0,,
1003106014,,providers_a,sum_srvcs,MAD z-score >= 8 (extreme outlier),5017.0,,
1003235706,,providers_a,sum_srvcs,MAD z-score >= 8 (extreme outlier),12316.0,,
1013272673,,providers_a,sum_srvcs,MAD z-score >= 8 (extreme outlier),4773.0,,
1033104617,,providers_a,sum_srvcs,MAD z-score >= 8 (extreme outlier),5166.0,,
1003070004,,providers_a,sum_srvcs,MAD z-score >= 8 (extreme outlier),21378.0,,
1003832221,,providers_a,sum_srvcs,MAD z-score >= 8 (extreme outlier),5760.0,,
1013954957,,providers_a,sum_srvcs,MAD z-score >= 8 (extreme outlier),5068.0,,
1023282019,,providers_a,sum_srvcs,MAD z-score >= 8 (extreme outlier),33408.0,,
1003018276,,providers_a,sum_srvcs,MAD z-score >= 8 (extreme outlier),6724.0,,
1033705934,,providers_a,sum_srvcs,MAD z-score >= 8 (extreme outlier),130777.3,,
1033155874,,providers_a,sum_srvcs,MAD z-score >= 8 (extreme outlier),196047.0,,
1023126919,,providers_a,sum_srvcs,MAD z-score >= 8 (extreme outlier),6383.0,,
1023058427,,providers_a,sum_srvcs,MAD z-score >= 8 (extreme outlier),62518.0,,
1003228263,,providers_a,sum_srvcs,MAD z-score >= 8 (extreme outlier),4733.0,,
1023026945,,providers_a,sum_srvcs,MAD z-score >= 8 (extreme outlier),8005.0,,
1033741459,,providers_a,sum_srvcs,MAD z-score >= 8 (extreme outlier),5694.0,,
1033434535,,providers_a,sum_srvcs,MAD z-score >= 8 (extreme outlier),9003.0,,
1023013117,,providers_a,sum_srvcs,MAD z-score >= 8 (extreme outlier),6539.0,,
1053351288,,providers_a,sum_srvcs,MAD z-score >= 8 (extreme outlier),12616.0,,
1013228394,,providers_a,sum_srvcs,MAD z-score >= 8 (extreme outlier),11049.0,,
1003905290,,providers_a,sum_srvcs,MAD z-score >= 8 (extreme outlier),70006.0,,
1043228935,,providers_a,sum_srvcs,MAD z-score >= 8 (extreme outlier),4588.0,,
1043451008,,providers_a,sum_srvcs,MAD z-score >= 8 (extreme outlier),9526.0,,
1023227154,,providers_a,sum_srvcs,MAD z-score >= 8 (extreme outlier),8732.0,,
1003951724,,providers_a,sum_srvcs,MAD z-score >= 8 (extreme outlier),4682.0,,
1013120757,,providers_a,sum_srvcs,MAD z-score >= 8 (extreme outlier),13499.0,,
1023437514,,providers_a,sum_srvcs,MAD z-score >= 8 (extreme outlier),9241.0,,
1023017464,,providers_a,sum_srvcs,MAD z-score >= 8 (extreme outlier),5197.0,,
1013200328,,providers_a,sum_srvcs,MAD z-score >= 8 (extreme outlier),256503.0,,
1043358286,,providers_a,sum_srvcs,MAD z-score >= 8 (extreme outlier),8148.0,,
1003571696,,providers_a,sum_srvcs,MAD z-score >= 8 (extreme outlier),7660.0,,
1043494032,,providers_a,sum_srvcs,MAD z-score >= 8 (extreme outlier),12933.0,,
1013936434,,providers_a,sum_srvcs,MAD z-score >= 8 (extreme outlier),20362.0,,
1013170646,,providers_a,sum_srvcs,MAD z-score >= 8 (extreme outlier),7693.0,,
1013112820,,providers_a,sum_srvcs,MAD z-score >= 8 (extreme outlier),12034.0,,
1043473895,,providers_a,sum_srvcs,MAD z-score >= 8 (extreme outlier),4584.0,,
1023641883,,providers_a,sum_srvcs,MAD z-score >= 8 (extreme outlier),6081.0,,
1003101429,,providers_a,sum_srvcs,MAD z-score >= 8 (extreme outlier),26857.0,,
1033112263,,providers_a,sum_srvcs,MAD z-score >= 8 (extreme outlier),13659.0,,
1013064559,,providers_a,sum_srvcs,MAD z-score >= 8 (extreme outlier),10734.0,,
1013953157,,providers_a,sum_srvcs,MAD z-score >= 8 (extreme outlier),8747.0,,
1013919604,,providers_a,sum_srvcs,MAD z-score >= 8 (extreme outlier),14231.0,,
1023002615,,providers_a,sum_srvcs,MAD z-score >= 8 (extreme outlier),5635.0,,
1003804246,,providers_a,sum_srvcs,MAD z-score >= 8 (extreme outlier),5671.0,,
1003841008,,providers_a,sum_srvcs,MAD z-score >= 8 (extreme outlier),7260.0,,
1033253877,,providers_a,sum_srvcs,MAD z-score >= 8 (extreme outlier),9172.0,,
1013184423,,providers_a,sum_srvcs,MAD z-score >= 8 (extreme outlier),7067.0,,
1003950585,,providers_a,sum_srvcs,MAD z-score >= 8 (extreme outlier),11611.0,,
1003329764,,providers_a,sum_srvcs,MAD z-score >= 8 (extreme outlier),11476.0,,
1043904485,,providers_a,sum_srvcs,MAD z-score >= 8 (extreme outlier),35258.7,,
1043607013,,providers_a,sum_srvcs,MAD z-score >= 8 (extreme outlier),5302.0,,
1023094703,,providers_a,sum_srvcs,MAD z-score >= 8 (extreme outlier),8460.0,,
1013954304,,providers_a,sum_srvcs,MAD z-score >= 8 (extreme outlier),4709.0,,
1043257413,,providers_a,sum_srvcs,MAD z-score >= 8 (extreme outlier),26647.0,,
1033169859,,providers_a,sum_srvcs,MAD z-score >= 8 (extreme outlier),28642.0,,
1033367966,,providers_a,sum_srvcs,MAD z-score >= 8 (extreme outlier),8939.0,,
1033111802,,providers_a,sum_srvcs,MAD z-score >= 8 (extreme outlier),60879.0,,
1033288592,,providers_a,sum_srvcs,MAD z-score >= 8 (extreme outlier),87679.0,,
1053318550,,providers_a,sum_srvcs,MAD z-score >= 8 (extreme outlier),19798.0,,
1013356781,,providers_a,sum_srvcs,MAD z-score >= 8 (extreme outlier),4622.0,,
1013932870,,providers_a,sum_srvcs,MAD z-score >= 8 (extreme outlier),9008.0,,
1023205739,,providers_a,sum_srvcs,MAD z-score >= 8 (extreme outlier),16562.0,,
1003250606,,providers_a,sum_srvcs,MAD z-score >= 8 (extreme outlier),5158.0,,
1013127430,,providers_a,sum_srvcs,MAD z-score >= 8 (extreme outlier),40030.0,,
1013047349,,providers_a,sum_srvcs,MAD z-score >= 8 (extreme outlier),4935.4,,
1003844937,,providers_a,sum_srvcs,MAD z-score >= 8 (extreme outlier),5835.0,,
1003922592,,providers_a,sum_srvcs,MAD z-score >= 8 (extreme outlier),8433.0,,
1013038371,,providers_a,sum_srvcs,MAD z-score >= 8 (extreme outlier),6208.0,,
1033132576,,providers_a,sum_srvcs,MAD z-score >= 8 (extreme outlier),10108.0,,
1013913417,,providers_a,sum_srvcs,MAD z-score >= 8 (extreme outlier),9786.0,,
1003077322,,providers_a,sum_srvcs,MAD z-score >= 8 (extreme outlier),915986.0,,
1023075884,,providers_a,sum_srvcs,MAD z-score >= 8 (extreme outlier),5656.0,,
1043258429,,providers_a,sum_srvcs,MAD z-score >= 8 (extreme outlier),33547.0,,
1033299136,,providers_a,sum_srvcs,MAD z-score >= 8 (extreme outlier),18620.0,,
1003413592,,providers_a,sum_srvcs,MAD z-score >= 8 (extreme outlier),5709.0,,
1003342049,,providers_a,sum_srvcs,MAD z-score >= 8 (extreme outlier),4743.0,,
1033297155,,providers_a,sum_srvcs,MAD z-score >= 8 (extreme outlier),5973.0,,
1023471547,,providers_a,sum_srvcs,MAD z-score >= 8 (extreme outlier),4838.0,,
1013069665,,providers_a,sum_srvcs,MAD z-score >= 8 (extreme outlier),8136.0,,
1003991167,,providers_a,sum_srvcs,MAD z-score >= 8 (extreme outlier),12518.0,,
1013979350,,providers_a,sum_srvcs,MAD z-score >= 8 (extreme outlier),8489.0,,
1003081985,,providers_a,sum_srvcs,MAD z-score >= 8 (extreme outlier),11278.0,,
1003874371,,providers_a,sum_srvcs,MAD z-score >= 8 (extreme outlier),10801.0,,
1003957952,,providers_a,sum_srvcs,MAD z-score >= 8 (extreme outlier),6490.0,,
1033116918,,providers_a,sum_srvcs,MAD z-score >= 8 (extreme outlier),9583.0,,
1053310920,,providers_a,sum_srvcs,MAD z-score >= 8 (extreme outlier),6079.0,,
1043359219,,providers_a,sum_srvcs,MAD z-score >= 8 (extreme outlier),16923.0,,
1033113725,,providers_a,sum_srvcs,MAD z-score >= 8 (extreme outlier),16144.0,,
1023075710,,providers_a,sum_srvcs,MAD z-score >= 8 (extreme outlier),8159.0,,
1003914151,,providers_a,sum_srvcs,MAD z-score >= 8 (extreme outlier),18034.0,,
1023372950,,providers_a,sum_srvcs,MAD z-score >= 8 (extreme outlier),7610.0,,
1003572728,,providers_a,sum_srvcs,MAD z-score >= 8 (extreme outlier),5216.0,,
1023268489,,providers_a,sum_srvcs,MAD z-score >= 8 (extreme outlier),4862.0,,
1003981275,,providers_a,sum_srvcs,MAD z-score >= 8 (extreme outlier),6006.0,,
1033354873,,providers_a,sum_srvcs,MAD z-score >= 8 (extreme outlier),6778.0,,
1003878372,,providers_a,sum_srvcs,MAD z-score >= 8 (extreme outlier),14445.0,,
1023071982,,providers_a,sum_srvcs,MAD z-score >= 8 (extreme outlier),7085.0,,
1043414634,,providers_a,sum_srvcs,MAD z-score >= 8 (extreme outlier),9769.0,,
1013684547,,providers_a,sum_srvcs,MAD z-score >= 8 (extreme outlier),5152.0,,
1053316265,,providers_a,sum_srvcs,MAD z-score >= 8 (extreme outlier),30974.6,,
1003918475,,providers_a,sum_srvcs,MAD z-score >= 8 (extreme outlier),43215.0,,
1033115316,,providers_a,sum_srvcs,MAD z-score >= 8 (extreme outlier),4631.0,,
1023083607,,providers_a,sum_srvcs,MAD z-score >= 8 (extreme outlier),5903.0,,
1023593886,,providers_a,sum_srvcs,MAD z-score >= 8 (extreme outlier),89424.0,,
1033252390,,providers_a,sum_srvcs,MAD z-score >= 8 (extreme outlier),9221.0,,
1043534142,,providers_a,sum_srvcs,MAD z-score >= 8 (extreme outlier),4923.0,,
1013181999,,providers_a,sum_srvcs,MAD z-score >= 8 (extreme outlier),6269.0,,
1023273810,,providers_a,sum_srvcs,MAD z-score >= 8 (extreme outlier),5495.0,,
1033182043,,providers_a,sum_srvcs,MAD z-score >= 8 (extreme outlier),5224.0,,
1023558228,,providers_a,sum_srvcs,MAD z-score >= 8 (extreme outlier),11751.0,,
1023124922,,providers_a,sum_srvcs,MAD z-score >= 8 (extreme outlier),6090.0,,
1003996497,,providers_a,sum_srvcs,MAD z-score >= 8 (extreme outlier),6642.0,,
1023500451,,providers_a,sum_srvcs,MAD z-score >= 8 (extreme outlier),5663.0,,
1003133901,,providers_a,sum_srvcs,MAD z-score >= 8 (extreme outlier),14958.0,,
1053303040,,providers_a,sum_srvcs,MAD z-score >= 8 (extreme outlier),8864.0,,
1003090382,,providers_a,sum_srvcs,MAD z-score >= 8 (extreme outlier),6615.0,,
1013247147,,providers_a,sum_srvcs,MAD z-score >= 8 (extreme outlier),4591.0,,
1043419096,,providers_a,sum_srvcs,MAD z-score >= 8 (extreme outlier),218117.0,,
1023066578,,providers_a,sum_srvcs,MAD z-score >= 8 (extreme outlier),12892.0,,
1003900903,,providers_a,sum_srvcs,MAD z-score >= 8 (extreme outlier),8750.0,,
1023012994,,providers_a,sum_srvcs,MAD z-score >= 8 (extreme outlier),19241.0,,
1003089673,,providers_a,sum_srvcs,MAD z-score >= 8 (extreme outlier),4937.0,,
1023044906,,providers_a,sum_srvcs,MAD z-score >= 8 (extreme outlier),168019.0,,
1053341958,,providers_a,sum_srvcs,MAD z-score >= 8 (extreme outlier),4830.0,,
1023611753,,providers_a,sum_srvcs,MAD z-score >= 8 (extreme outlier),4579.0,,
1003835604,,providers_a,sum_srvcs,MAD z-score >= 8 (extreme outlier),7729.0,,
1013195395,,providers_a,sum_srvcs,MAD z-score >= 8 (extreme outlier),8277.0,,
1023457991,,providers_a,sum_srvcs,MAD z-score >= 8 (extreme outlier),7947.5,,
1033142443,,providers_a,sum_srvcs,MAD z-score >= 8 (extreme outlier),6604.8,,
1033181722,,providers_a,sum_srvcs,MAD z-score >= 8 (extreme outlier),5317.0,,
1003268194,,providers_a,sum_srvcs,MAD z-score >= 8 (extreme outlier),20340.0,,
1003824442,,providers_a,sum_srvcs,MAD z-score >= 8 (extreme outlier),56785.0,,
1033169776,,providers_a,sum_srvcs,MAD z-score >= 8 (extreme outlier),4741.0,,
1053325548,,providers_a,sum_srvcs,MAD z-score >= 8 (extreme outlier),4813.0,,
1043363328,,providers_a,sum_srvcs,MAD z-score >= 8 (extreme outlier),5866.0,,
1013059781,,providers_a,sum_srvcs,MAD z-score >= 8 (extreme outlier),37086.0,,
1053346452,,providers_a,sum_srvcs,MAD z-score >= 8 (extreme outlier),10716.5,,
1023146214,,providers_a,sum_srvcs,MAD z-score >= 8 (extreme outlier),5251.0,,
1033525332,,providers_a,sum_srvcs,MAD z-score >= 8 (extreme outlier),68984.0,,
1013326180,,providers_a,sum_srvcs,MAD z-score >= 8 (extreme outlier),6834.0,,
1033233481,,providers_a,sum_srvcs,MAD z-score >= 8 (extreme outlier),13513.0,,
1013027614,,providers_a,sum_srvcs,MAD z-score >= 8 (extreme outlier),5960.0,,
1023461886,,providers_a,sum_srvcs,MAD z-score >= 8 (extreme outlier),4764.0,,
1033108030,,providers_a,sum_srvcs,MAD z-score >= 8 (extreme outlier),5777.0,,
1013020593,,providers_a,sum_srvcs,MAD z-score >= 8 (extreme outlier),14648.0,,
1003807900,,providers_a,sum_srvcs,MAD z-score >= 8 (extreme outlier),14432.0,,
1033222468,,providers_a,sum_srvcs,MAD z-score >= 8 (extreme outlier),5665.0,,
1013954908,,providers_a,sum_srvcs,MAD z-score >= 8 (extreme outlier),7214.0,,
1053346403,,providers_a,sum_srvcs,MAD z-score >= 8 (extreme outlier),5776.0,,
1043267479,,providers_a,sum_srvcs,MAD z-score >= 8 (extreme outlier),5794.0,,
1033198163,,providers_a,sum_srvcs,MAD z-score >= 8 (extreme outlier),9913.0,,
1023058666,,providers_a,sum_srvcs,MAD z-score >= 8 (extreme outlier),18939.0,,
1043524176,,providers_a,sum_srvcs,MAD z-score >= 8 (extreme outlier),16730.0,,
1033141007,,providers_a,sum_srvcs,MAD z-score >= 8 (extreme outlier),44342.0,,
1023156734,,providers_a,sum_srvcs,MAD z-score >= 8 (extreme outlier),4761.0,,
1023046240,,providers_a,sum_srvcs,MAD z-score >= 8 (extreme outlier),4776.0,,
1043506215,,providers_a,sum_srvcs,MAD z-score >= 8 (extreme outlier),15953.0,,
1033165360,,providers_a,sum_srvcs,MAD z-score >= 8 (extreme outlier),11062.0,,
1043246325,,providers_a,sum_srvcs,MAD z-score >= 8 (extreme outlier),15459.5,,
1033151360,,providers_a,sum_srvcs,MAD z-score >= 8 (extreme outlier),36000.0,,
1033708987,,providers_a,sum_srvcs,MAD z-score >= 8 (extreme outlier),6366.0,,
1043598378,,providers_a,sum_srvcs,MAD z-score >= 8 (extreme outlier),5433.0,,
1033889498,,providers_a,sum_srvcs,MAD z-score >= 8 (extreme outlier),5645.0,,
1003029836,,providers_a,sum_srvcs,MAD z-score >= 8 (extreme outlier),5705.0,,
1043295074,,providers_a,sum_srvcs,MAD z-score >= 8 (extreme outlier),9007.0,,
1003985367,,providers_a,sum_srvcs,MAD z-score >= 8 (extreme outlier),7959.0,,
1003890716,,providers_a,sum_srvcs,MAD z-score >= 8 (extreme outlier),11216.0,,
1003324138,,providers_a,sum_srvcs,MAD z-score >= 8 (extreme outlier),5206.0,,
1043203003,,providers_a,sum_srvcs,MAD z-score >= 8 (extreme outlier),15823.0,,
1013283019,,providers_a,sum_srvcs,MAD z-score >= 8 (extreme outlier),4890.0,,
1023098902,,providers_a,sum_srvcs,MAD z-score >= 8 (extreme outlier),5961.0,,
1033111448,,providers_a,sum_srvcs,MAD z-score >= 8 (extreme outlier),6339.0,,
1013119262,,providers_a,sum_srvcs,MAD z-score >= 8 (extreme outlier),25786.0,,
1013356005,,providers_a,sum_srvcs,MAD z-score >= 8 (extreme outlier),6715.0,,
1023290582,,providers_a,sum_srvcs,MAD z-score >= 8 (extreme outlier),23455.0,,
1003893199,,providers_a,sum_srvcs,MAD z-score >= 8 (extreme outlier),229553.0,,
1003893934,,providers_a,sum_srvcs,MAD z-score >= 8 (extreme outlier),5114.0,,
1043305972,,providers_a,sum_srvcs,MAD z-score >= 8 (extreme outlier),20527.0,,
1003979378,,providers_a,sum_srvcs,MAD z-score >= 8 (extreme outlier),6220.0,,
1003849001,,providers_a,sum_srvcs,MAD z-score >= 8 (extreme outlier),5742.0,,
1013909027,,providers_a,sum_srvcs,MAD z-score >= 8 (extreme outlier),8254.0,,
1043243538,,providers_a,sum_srvcs,MAD z-score >= 8 (extreme outlier),275298.3,,
1023076429,,providers_a,sum_srvcs,MAD z-score >= 8 (extreme outlier),5014.0,,
1043588627,,providers_a,sum_srvcs,MAD z-score >= 8 (extreme outlier),5326.0,,
1013093574,,providers_a,sum_srvcs,MAD z-score >= 8 (extreme outlier),11750.0,,
1033177050,,providers_a,sum_srvcs,MAD z-score >= 8 (extreme outlier),17356.0,,
1043229230,,providers_a,sum_srvcs,MAD z-score >= 8 (extreme outlier),6376.0,,
1033166335,,providers_a,sum_srvcs,MAD z-score >= 8 (extreme outlier),14636.0,,
1003045063,,providers_a,sum_srvcs,MAD z-score >= 8 (extreme outlier),11954.0,,
1013128305,,providers_a,sum_srvcs,MAD z-score >= 8 (extreme outlier),5083.0,,
1003181306,,providers_a,sum_srvcs,MAD z-score >= 8 (extreme outlier),4785.0,,
1043303894,,providers_a,sum_srvcs,MAD z-score >= 8 (extreme outlier),230296.0,,
1023034774,,providers_a,sum_srvcs,MAD z-score >= 8 (extreme outlier),6636.0,,
1043575186,,providers_a,sum_srvcs,MAD z-score >= 8 (extreme outlier),55717.0,,
1003120213,,providers_a,sum_srvcs,MAD z-score >= 8 (extreme outlier),6691.0,,
1023119682,,providers_a,sum_srvcs,MAD z-score >= 8 (extreme outlier),23011.0,,
1043669070,,providers_a,sum_srvcs,MAD z-score >= 8 (extreme outlier),6910.0,,
1053314013,,providers_a,sum_srvcs,MAD z-score >= 8 (extreme outlier),6111.0,,
1033792692,,providers_a,sum_srvcs,MAD z-score >= 8 (extreme outlier),5143.0,,
1003051251,,providers_a,sum_srvcs,MAD z-score >= 8 (extreme outlier),4815.0,,
1013335199,,providers_a,sum_srvcs,MAD z-score >= 8 (extreme outlier),42032.0,,
1043308034,,providers_a,sum_srvcs,MAD z-score >= 8 (extreme outlier),4592.0,,
1043385883,,providers_a,sum_srvcs,MAD z-score >= 8 (extreme outlier),16830.7,,
1043215676,,providers_a,sum_srvcs,MAD z-score >= 8 (extreme outlier),134241.0,,
1013015254,,providers_a,sum_srvcs,MAD z-score >= 8 (extreme outlier),6142.0,,
1023170255,,providers_a,sum_srvcs,MAD z-score >= 8 (extreme outlier),5575.0,,
1043214372,,providers_a,sum_srvcs,MAD z-score >= 8 (extreme outlier),49534.8,,
1033116827,,providers_a,sum_srvcs,MAD z-score >= 8 (extreme outlier),10165.0,,
1033143359,,providers_a,sum_srvcs,MAD z-score >= 8 (extreme outlier),5763.0,,
1033121272,,providers_a,sum_srvcs,MAD z-score >= 8 (extreme outlier),5845.0,,
1003072893,,providers_a,sum_srvcs,MAD z-score >= 8 (extreme outlier),7303.0,,
1013970573,,providers_a,sum_srvcs,MAD z-score >= 8 (extreme outlier),4903.0,,
1013960244,,providers_a,sum_srvcs,MAD z-score >= 8 (extreme outlier),6984.0,,
1043519697,,providers_a,sum_srvcs,MAD z-score >= 8 (extreme outlier),12378.0,,
1033548235,,providers_a,sum_srvcs,MAD z-score >= 8 (extreme outlier),10316.7,,
1023402260,,providers_a,sum_srvcs,MAD z-score >= 8 (extreme outlier),11370.0,,
1013910280,,providers_a,sum_srvcs,MAD z-score >= 8 (extreme outlier),8846.0,,
1033266788,,providers_a,sum_srvcs,MAD z-score >= 8 (extreme outlier),14440.0,,
1043380900,,providers_a,sum_srvcs,MAD z-score >= 8 (extreme outlier),13813.5,,
1033290325,,providers_a,sum_srvcs,MAD z-score >= 8 (extreme outlier),6526.0,,
1023097060,,providers_a,sum_srvcs,MAD z-score >= 8 (extreme outlier),15263.0,,
1043414642,,providers_a,sum_srvcs,MAD z-score >= 8 (extreme outlier),11187.0,,
1023368974,,providers_a,sum_srvcs,MAD z-score >= 8 (extreme outlier),7228.0,,
1033192463,,providers_a,sum_srvcs,MAD z-score >= 8 (extreme outlier),14173.0,,
1013416759,,providers_a,sum_srvcs,MAD z-score >= 8 (extreme outlier),5225.0,,
1033424361,,providers_a,sum_srvcs,MAD z-score >= 8 (extreme outlier),7406.0,,
1013005032,,providers_a,sum_srvcs,MAD z-score >= 8 (extreme outlier),5540.0,,
1013277821,,providers_a,sum_srvcs,MAD z-score >= 8 (extreme outlier),6280.0,,
1023304961,,providers_a,sum_srvcs,MAD z-score >= 8 (extreme outlier),5089.0,,
1043263833,,providers_a,sum_srvcs,MAD z-score >= 8 (extreme outlier),4644.0,,
1023078425,,providers_a,sum_srvcs,MAD z-score >= 8 (extreme outlier),4944.0,,
1023370723,,providers_a,sum_srvcs,MAD z-score >= 8 (extreme outlier),60630.0,,
1043475866,,providers_a,sum_srvcs,MAD z-score >= 8 (extreme outlier),7821.0,,
1013012657,,providers_a,sum_srvcs,MAD z-score >= 8 (extreme outlier),5057.0,,
1043205388,,providers_a,sum_srvcs,MAD z-score >= 8 (extreme outlier),4972.0,,
1023098464,,providers_a,sum_srvcs,MAD z-score >= 8 (extreme outlier),6859.0,,
1043268741,,providers_a,sum_srvcs,MAD z-score >= 8 (extreme outlier),7147.0,,
1043249485,,providers_a,sum_srvcs,MAD z-score >= 8 (extreme outlier),20918.0,,
1013297225,,providers_a,sum_srvcs,MAD z-score >= 8 (extreme outlier),4956.0,,
1013044270,,providers_a,sum_srvcs,MAD z-score >= 8 (extreme outlier),5103.0,,
1003820572,,providers_a,sum_srvcs,MAD z-score >= 8 (extreme outlier),4986.0,,
1033147210,,providers_a,sum_srvcs,MAD z-score >= 8 (extreme outlier),4855.0,,
1013042944,,providers_a,sum_srvcs,MAD z-score >= 8 (extreme outlier),6452.0,,
1013962620,,providers_a,sum_srvcs,MAD z-score >= 8 (extreme outlier),36064.0,,
1053310227,,providers_a,sum_srvcs,MAD z-score >= 8 (extreme outlier),13604.0,,
1023073699,,providers_a,sum_srvcs,MAD z-score >= 8 (extreme outlier),6253.0,,
1043657067,,providers_a,sum_srvcs,MAD z-score >= 8 (extreme outlier),5928.0,,
1023137577,,providers_a,sum_srvcs,MAD z-score >= 8 (extreme outlier),8620.0,,
1033298393,,providers_a,sum_srvcs,MAD z-score >= 8 (extreme outlier),4977.0,,
1023009909,,providers_a,sum_srvcs,MAD z-score >= 8 (extreme outlier),21989.9,,
1023012515,,providers_a,sum_srvcs,MAD z-score >= 8 (extreme outlier),9238.0,,
1043223753,,providers_a,sum_srvcs,MAD z-score >= 8 (extreme outlier),5231.0,,
1033300256,,providers_a,sum_srvcs,MAD z-score >= 8 (extreme outlier),6224.0,,
1003813288,,providers_a,sum_srvcs,MAD z-score >= 8 (extreme outlier),7934.8,,
1033667753,,providers_a,sum_srvcs,MAD z-score >= 8 (extreme outlier),7431.0,,
1043275282,,providers_a,sum_srvcs,MAD z-score >= 8 (extreme outlier),7696.0,,
1033150297,,providers_a,sum_srvcs,MAD z-score >= 8 (extreme outlier),27813.0,,
1003875451,,providers_a,sum_srvcs,MAD z-score >= 8 (extreme outlier),5714.0,,
1003064395,,providers_a,sum_srvcs,MAD z-score >= 8 (extreme outlier),20857.0,,
1023086691,,providers_a,sum_srvcs,MAD z-score >= 8 (extreme outlier),8247.0,,
1023065687,,providers_a,sum_srvcs,MAD z-score >= 8 (extreme outlier),13490.0,,
1053069948,,providers_a,sum_srvcs,MAD z-score >= 8 (extreme outlier),4668.0,,
1033147517,,providers_a,sum_srvcs,MAD z-score >= 8 (extreme outlier),8889.0,,
1023022712,,providers_a,sum_srvcs,MAD z-score >= 8 (extreme outlier),12470.0,,
1013916337,,providers_a,sum_srvcs,MAD z-score >= 8 (extreme outlier),6160.0,,
1003976416,,providers_a,sum_srvcs,MAD z-score >= 8 (extreme outlier),17602.0,,
1043375991,,providers_a,sum_srvcs,MAD z-score >= 8 (extreme outlier),4767.5,,
1013297167,,providers_a,sum_srvcs,MAD z-score >= 8 (extreme outlier),20833.0,,
1033505243,,providers_a,sum_srvcs,MAD z-score >= 8 (extreme outlier),5478.0,,
1023321577,,providers_a,sum_srvcs,MAD z-score >= 8 (extreme outlier),5812.0,,
1003895681,,providers_a,sum_srvcs,MAD z-score >= 8 (extreme outlier),101963.0,,
1003962689,,providers_a,sum_srvcs,MAD z-score >= 8 (extreme outlier),7054.0,,
1023026234,,providers_a,sum_srvcs,MAD z-score >= 8 (extreme outlier),10043.0,,
1043252786,,providers_a,sum_srvcs,MAD z-score >= 8 (extreme outlier),5426.0,,
1023499282,,providers_a,sum_srvcs,MAD z-score >= 8 (extreme outlier),52204.0,,
1023345584,,providers_a,sum_srvcs,MAD z-score >= 8 (extreme outlier),8242.0,,
1043624349,,providers_a,sum_srvcs,MAD z-score >= 8 (extreme outlier),16345.0,,
1033374301,,providers_a,sum_srvcs,MAD z-score >= 8 (extreme outlier),130212.0,,
1033229679,,providers_a,sum_srvcs,MAD z-score >= 8 (extreme outlier),4966.0,,
1003058652,,providers_a,sum_srvcs,MAD z-score >= 8 (extreme outlier),6179.0,,
1043346950,,providers_a,sum_srvcs,MAD z-score >= 8 (extreme outlier),19359.0,,
1043226574,,providers_a,sum_srvcs,MAD z-score >= 8 (extreme outlier),8989.0,,
1043448723,,providers_a,sum_srvcs,MAD z-score >= 8 (extreme outlier),5673.0,,
1023314895,,providers_a,sum_srvcs,MAD z-score >= 8 (extreme outlier),4778.0,,
1023082641,,providers_a,sum_srvcs,MAD z-score >= 8 (extreme outlier),8378.0,,
1003158106,,providers_a,sum_srvcs,MAD z-score >= 8 (extreme outlier),5817.0,,
1033193024,,providers_a,sum_srvcs,MAD z-score >= 8 (extreme outlier),26153.0,,
1013991850,,providers_a,sum_srvcs,MAD z-score >= 8 (extreme outlier),17962.0,,
1053307751,,providers_a,sum_srvcs,MAD z-score >= 8 (extreme outlier),4689.0,,
1043205040,,providers_a,sum_srvcs,MAD z-score >= 8 (extreme outlier),5601.0,,
1033172689,,providers_a,sum_srvcs,MAD z-score >= 8 (extreme outlier),13435.0,,
1043605934,,providers_a,sum_srvcs,MAD z-score >= 8 (extreme outlier),10923.0,,
1023100922,,providers_a,sum_srvcs,MAD z-score >= 8 (extreme outlier),6108.0,,
1003825035,,providers_a,sum_srvcs,MAD z-score >= 8 (extreme outlier),8346.0,,
1013965441,,providers_a,sum_srvcs,MAD z-score >= 8 (extreme outlier),25603.0,,
1003070129,,providers_a,sum_srvcs,MAD z-score >= 8 (extreme outlier),6854.0,,
1023175023,,providers_a,sum_srvcs,MAD z-score >= 8 (extreme outlier),5117.0,,
1023026184,,providers_a,sum_srvcs,MAD z-score >= 8 (extreme outlier),5449.0,,
1033169438,,providers_a,sum_srvcs,MAD z-score >= 8 (extreme outlier),5725.0,,
1023125531,,providers_a,sum_srvcs,MAD z-score >= 8 (extreme outlier),14159.0,,
1013016310,,providers_a,sum_srvcs,MAD z-score >= 8 (extreme outlier),5416.0,,
1033189584,,providers_a,sum_srvcs,MAD z-score >= 8 (extreme outlier),98989.0,,
1033725213,,providers_a,sum_srvcs,MAD z-score >= 8 (extreme outlier),5314.0,,
1013168194,,providers_a,sum_srvcs,MAD z-score >= 8 (extreme outlier),9788.0,,
1013974393,,providers_a,sum_srvcs,MAD z-score >= 8 (extreme outlier),20315.0,,
1043379944,,providers_a,sum_srvcs,MAD z-score >= 8 (extreme outlier),5001.0,,
1043488844,,providers_a,sum_srvcs,MAD z-score >= 8 (extreme outlier),151419.0,,
1043368723,,providers_a,sum_srvcs,MAD z-score >= 8 (extreme outlier),5180.0,,
1023562816,,providers_a,sum_srvcs,MAD z-score >= 8 (extreme outlier),7566.0,,
1023015245,,providers_a,sum_srvcs,MAD z-score >= 8 (extreme outlier),4943.0,,
1023471992,,providers_a,sum_srvcs,MAD z-score >= 8 (extreme outlier),29463.0,,
1003260456,,providers_a,sum_srvcs,MAD z-score >= 8 (extreme outlier),37037.0,,
1043282320,,providers_a,sum_srvcs,MAD z-score >= 8 (extreme outlier),6207.0,,
1013989581,,providers_a,sum_srvcs,MAD z-score >= 8 (extreme outlier),6709.0,,
1003053653,,providers_a,sum_srvcs,MAD z-score >= 8 (extreme outlier),22963.0,,
1043268857,,providers_a,sum_srvcs,MAD z-score >= 8 (extreme outlier),25294.0,,
1023786233,,providers_a,sum_srvcs,MAD z-score >= 8 (extreme outlier),143979.0,,
1003086448,,providers_a,sum_srvcs,MAD z-score >= 8 (extreme outlier),55699.0,,
1043272305,,providers_a,sum_srvcs,MAD z-score >= 8 (extreme outlier),394089.0,,
1023657509,,providers_a,sum_srvcs,MAD z-score >= 8 (extreme outlier),5743.0,,
1033874912,,providers_a,sum_srvcs,MAD z-score >= 8 (extreme outlier),9620.0,,
1043741705,,providers_a,sum_srvcs,MAD z-score >= 8 (extreme outlier),6299.0,,
1043272701,,providers_a,sum_srvcs,MAD z-score >= 8 (extreme outlier),9923.0,,
1043483050,,providers_a,sum_srvcs,MAD z-score >= 8 (extreme outlier),6669.0,,
1033723267,,providers_a,sum_srvcs,MAD z-score >= 8 (extreme outlier),4770.0,,
1023673381,,providers_a,sum_srvcs,MAD z-score >= 8 (extreme outlier),5212.0,,
1033151840,,providers_a,sum_srvcs,MAD z-score >= 8 (extreme outlier),9011.0,,
1013975259,,providers_a,sum_srvcs,MAD z-score >= 8 (extreme outlier),8534.0,,
1053347740,,providers_a,sum_srvcs,MAD z-score >= 8 (extreme outlier),6746.0,,
1023047503,,providers_a,sum_srvcs,MAD z-score >= 8 (extreme outlier),6547.0,,
1023050069,,providers_a,sum_srvcs,MAD z-score >= 8 (extreme outlier),8990.0,,
1013929918,,providers_a,sum_srvcs,MAD z-score >= 8 (extreme outlier),56211.0,,
1023339819,,providers_a,sum_srvcs,MAD z-score >= 8 (extreme outlier),8191.0,,
1003011933,,providers_a,sum_srvcs,MAD z-score >= 8 (extreme outlier),6549.0,,
1003891359,,providers_a,sum_srvcs,MAD z-score >= 8 (extreme outlier),27365.0,,
1043201015,,providers_a,sum_srvcs,MAD z-score >= 8 (extreme outlier),38960.0,,
1033283379,,providers_a,sum_srvcs,MAD z-score >= 8 (extreme outlier),21816.0,,
1053330639,,providers_a,sum_srvcs,MAD z-score >= 8 (extreme outlier),5168.0,,
1033636493,,providers_a,sum_srvcs,MAD z-score >= 8 (extreme outlier),6756.0,,
1003845629,,providers_a,sum_srvcs,MAD z-score >= 8 (extreme outlier),4733.0,,
1033182035,,providers_a,sum_srvcs,MAD z-score >= 8 (extreme outlier),5121.0,,
1043294481,,providers_a,sum_srvcs,MAD z-score >= 8 (extreme outlier),39902.0,,
1023079050,,providers_a,sum_srvcs,MAD z-score >= 8 (extreme outlier),9567.0,,
1033205265,,providers_a,sum_srvcs,MAD z-score >= 8 (extreme outlier),6867.0,,
1033256060,,providers_a,sum_srvcs,MAD z-score >= 8 (extreme outlier),8539.5,,
1023001708,,providers_a,sum_srvcs,MAD z-score >= 8 (extreme outlier),63222.0,,
1043228414,,providers_a,sum_srvcs,MAD z-score >= 8 (extreme outlier),11093.0,,
1003233057,,providers_a,sum_srvcs,MAD z-score >= 8 (extreme outlier),9892.0,,
1033605183,,providers_a,sum_srvcs,MAD z-score >= 8 (extreme outlier),5946.0,,
1043252174,,providers_a,sum_srvcs,MAD z-score >= 8 (extreme outlier),6664.0,,
1033202544,,providers_a,sum_srvcs,MAD z-score >= 8 (extreme outlier),8008.0,,
1053083485,,providers_a,sum_srvcs,MAD z-score >= 8 (extreme outlier),14605.0,,
1033164330,,providers_a,sum_srvcs,MAD z-score >= 8 (extreme outlier),9085.0,,
1023236809,,providers_a,sum_srvcs,MAD z-score >= 8 (extreme outlier),6724.0,,
1003858465,,providers_a,sum_srvcs,MAD z-score >= 8 (extreme outlier),19546.0,,
1023276896,,providers_a,sum_srvcs,MAD z-score >= 8 (extreme outlier),9090.0,,
1013956473,,providers_a,sum_srvcs,MAD z-score >= 8 (extreme outlier),6725.0,,
1023423118,,providers_a,sum_srvcs,MAD z-score >= 8 (extreme outlier),5025.0,,
1023007085,,providers_a,sum_srvcs,MAD z-score >= 8 (extreme outlier),7580.0,,
1033349485,,providers_a,sum_srvcs,MAD z-score >= 8 (extreme outlier),53967.0,,
1033475124,,providers_a,sum_srvcs,MAD z-score >= 8 (extreme outlier),5638.0,,
1033126164,,providers_a,sum_srvcs,MAD z-score >= 8 (extreme outlier),16040.0,,
1003989757,,providers_a,sum_srvcs,MAD z-score >= 8 (extreme outlier),5461.0,,
1003082660,,providers_a,sum_srvcs,MAD z-score >= 8 (extreme outlier),6642.0,,
1013407204,,providers_a,sum_srvcs,MAD z-score >= 8 (extreme outlier),14024.0,,
1023261344,,providers_a,sum_srvcs,MAD z-score >= 8 (extreme outlier),6530.0,,
1023066412,,providers_a,sum_srvcs,MAD z-score >= 8 (extreme outlier),8737.0,,
1003943440,,providers_a,sum_srvcs,MAD z-score >= 8 (extreme outlier),6327.0,,
1043218225,,providers_a,sum_srvcs,MAD z-score >= 8 (extreme outlier),9143.0,,
1043644040,,providers_a,sum_srvcs,MAD z-score >= 8 (extreme outlier),4818.0,,
1003807355,,providers_a,sum_srvcs,MAD z-score >= 8 (extreme outlier),56917.0,,
1023452174,,providers_a,sum_srvcs,MAD z-score >= 8 (extreme outlier),10828.0,,
1023003993,,providers_a,sum_srvcs,MAD z-score >= 8 (extreme outlier),9434.0,,
1003893496,,providers_a,sum_srvcs,MAD z-score >= 8 (extreme outlier),5937.0,,
1043854094,,providers_a,sum_srvcs,MAD z-score >= 8 (extreme outlier),5853.0,,
1043201908,,providers_a,sum_srvcs,MAD z-score >= 8 (extreme outlier),6728.9,,
1043204407,,providers_a,sum_srvcs,MAD z-score >= 8 (extreme outlier),12133.0,,
1003922048,,providers_a,sum_srvcs,MAD z-score >= 8 (extreme outlier),5792.0,,
1023089554,,providers_a,sum_srvcs,MAD z-score >= 8 (extreme outlier),7471.0,,
1033855176,,providers_a,sum_srvcs,MAD z-score >= 8 (extreme outlier),4866.0,,
1033294491,,providers_a,sum_srvcs,MAD z-score >= 8 (extreme outlier),10280.6,,
1003151671,,providers_a,sum_srvcs,MAD z-score >= 8 (extreme outlier),77688.0,,
1043253222,,providers_a,sum_srvcs,MAD z-score >= 8 (extreme outlier),5685.0,,
1013991041,,providers_a,sum_srvcs,MAD z-score >= 8 (extreme outlier),28528.0,,
1033165329,,providers_a,sum_srvcs,MAD z-score >= 8 (extreme outlier),8307.0,,
1023351608,,providers_a,sum_srvcs,MAD z-score >= 8 (extreme outlier),6724.0,,
1023075736,,providers_a,sum_srvcs,MAD z-score >= 8 (extreme outlier),7403.0,,
1003811548,,providers_a,sum_srvcs,MAD z-score >= 8 (extreme outlier),4796.0,,
1033243084,,providers_a,sum_srvcs,MAD z-score >= 8 (extreme outlier),4887.0,,
1043315575,,providers_a,sum_srvcs,MAD z-score >= 8 (extreme outlier),5266.0,,
1013379288,,providers_a,sum_srvcs,MAD z-score >= 8 (extreme outlier),6513.0,,
1043314883,,providers_a,sum_srvcs,MAD z-score >= 8 (extreme outlier),5960.0,,
1043286313,,providers_a,sum_srvcs,MAD z-score >= 8 (extreme outlier),5785.0,,
1033428362,,providers_a,sum_srvcs,MAD z-score >= 8 (extreme outlier),6548.0,,
1023084100,,providers_a,sum_srvcs,MAD z-score >= 8 (extreme outlier),9003.0,,
1023744067,,providers_a,sum_srvcs,MAD z-score >= 8 (extreme outlier),4942.0,,
1033102520,,providers_a,sum_srvcs,MAD z-score >= 8 (extreme outlier),24461.0,,
1013996172,,providers_a,sum_srvcs,MAD z-score >= 8 (extreme outlier),7302.0,,
1053319210,,providers_a,sum_srvcs,MAD z-score >= 8 (extreme outlier),5564.0,,
1053327924,,providers_a,sum_srvcs,MAD z-score >= 8 (extreme outlier),7467.0,,
1003824509,,providers_a,sum_srvcs,MAD z-score >= 8 (extreme outlier),12642.0,,
1003274267,,providers_a,sum_srvcs,MAD z-score >= 8 (extreme outlier),5507.0,,
1033119326,,providers_a,sum_srvcs,MAD z-score >= 8 (extreme outlier),6990.1,,
1013962539,,providers_a,sum_srvcs,MAD z-score >= 8 (extreme outlier),4651.0,,
1023027018,,providers_a,sum_srvcs,MAD z-score >= 8 (extreme outlier),11954.0,,
1003183526,,providers_a,sum_srvcs,MAD z-score >= 8 (extreme outlier),11501.6,,
1013367119,,providers_a,sum_srvcs,MAD z-score >= 8 (extreme outlier),9875.0,,
1033596069,,providers_a,sum_srvcs,MAD z-score >= 8 (extreme outlier),33338.0,,
1033236963,,providers_a,sum_srvcs,MAD z-score >= 8 (extreme outlier),5022.0,,
1043445554,,providers_a,sum_srvcs,MAD z-score >= 8 (extreme outlier),15429.0,,
1043294747,,providers_a,sum_srvcs,MAD z-score >= 8 (extreme outlier),5540.0,,
1023005568,,providers_a,sum_srvcs,MAD z-score >= 8 (extreme outlier),4680.0,,
1023075843,,providers_a,sum_srvcs,MAD z-score >= 8 (extreme outlier),6199.0,,
1033282124,,providers_a,sum_srvcs,MAD z-score >= 8 (extreme outlier),8607.0,,
1013187764,,providers_a,sum_srvcs,MAD z-score >= 8 (extreme outlier),8562.0,,
1033168216,,providers_a,sum_srvcs,MAD z-score >= 8 (extreme outlier),10663.8,,
1013056639,,providers_a,sum_srvcs,MAD z-score >= 8 (extreme outlier),8069.6,,
1023052990,,providers_a,sum_srvcs,MAD z-score >= 8 (extreme outlier),6644.0,,
1043252901,,providers_a,sum_srvcs,MAD z-score >= 8 (extreme outlier),7070.0,,
1043233976,,providers_a,sum_srvcs,MAD z-score >= 8 (extreme outlier),4957.0,,
1033743034,,providers_a,sum_srvcs,MAD z-score >= 8 (extreme outlier),8766.0,,
1023404597,,providers_a,sum_srvcs,MAD z-score >= 8 (extreme outlier),4958.0,,
1033479704,,providers_a,sum_srvcs,MAD z-score >= 8 (extreme outlier),7163.0,,
1003267956,,providers_a,sum_srvcs,MAD z-score >= 8 (extreme outlier),95338.0,,
1033678560,,providers_a,sum_srvcs,MAD z-score >= 8 (extreme outlier),5911.0,,
1023267010,,providers_a,sum_srvcs,MAD z-score >= 8 (extreme outlier),5166.1,,
1043203888,,providers_a,sum_srvcs,MAD z-score >= 8 (extreme outlier),213076.0,,
1003197088,,providers_a,sum_srvcs,MAD z-score >= 8 (extreme outlier),47428.0,,
1023749322,,providers_a,sum_srvcs,MAD z-score >= 8 (extreme outlier),6841.0,,
1043256886,,providers_a,sum_srvcs,MAD z-score >= 8 (extreme outlier),1492372.0,,
1043484447,,providers_a,sum_srvcs,MAD z-score >= 8 (extreme outlier),5935.0,,
1043403371,,providers_a,sum_srvcs,MAD z-score >= 8 (extreme outlier),7608.0,,
1023079951,,providers_a,sum_srvcs,MAD z-score >= 8 (extreme outlier),9330.0,,
1033279625,,providers_a,sum_srvcs,MAD z-score >= 8 (extreme outlier),5583.0,,
1023067378,,providers_a,sum_srvcs,MAD z-score >= 8 (extreme outlier),5227.0,,
1003883877,,providers_a,sum_srvcs,MAD z-score >= 8 (extreme outlier),9357.0,,
1003809989,,providers_a,sum_srvcs,MAD z-score >= 8 (extreme outlier),36214.5,,
1023387339,,providers_a,sum_srvcs,MAD z-score >= 8 (extreme outlier),4778.0,,
1013949346,,providers_a,sum_srvcs,MAD z-score >= 8 (extreme outlier),19743.0,,
1033327309,,providers_a,sum_srvcs,MAD z-score >= 8 (extreme outlier),6638.0,,
1003451105,,providers_a,sum_srvcs,MAD z-score >= 8 (extreme outlier),5113.0,,
1023521648,,providers_a,sum_srvcs,MAD z-score >= 8 (extreme outlier),6826.0,,
1013901545,,providers_a,sum_srvcs,MAD z-score >= 8 (extreme outlier),4596.0,,
1043867872,,providers_a,sum_srvcs,MAD z-score >= 8 (extreme outlier),6252.0,,
1013182591,,providers_a,sum_srvcs,MAD z-score >= 8 (extreme outlier),9636.0,,
1023093309,,providers_a,sum_srvcs,MAD z-score >= 8 (extreme outlier),16046.0,,
1023500881,,providers_a,sum_srvcs,MAD z-score >= 8 (extreme outlier),5306.0,,
1013178227,,providers_a,sum_srvcs,MAD z-score >= 8 (extreme outlier),13173.0,,
1043785744,,providers_a,sum_srvcs,MAD z-score >= 8 (extreme outlier),56611.0,,
1003885203,,providers_a,sum_srvcs,MAD z-score >= 8 (extreme outlier),4897.0,,
1013994896,,providers_a,sum_srvcs,MAD z-score >= 8 (extreme outlier),10191.0,,
1033442496,,providers_a,sum_srvcs,MAD z-score >= 8 (extreme outlier),4807.0,,
1003842618,,providers_a,sum_srvcs,MAD z-score >= 8 (extreme outlier),7563.0,,
1023371515,,providers_a,sum_srvcs,MAD z-score >= 8 (extreme outlier),10973.0,,
1003433244,,providers_a,sum_srvcs,MAD z-score >= 8 (extreme outlier),12478.0,,
1023091121,,providers_a,sum_srvcs,MAD z-score >= 8 (extreme outlier),113648.0,,
1043393366,,providers_a,sum_srvcs,MAD z-score >= 8 (extreme outlier),7918.0,,
1013278118,,providers_a,sum_srvcs,MAD z-score >= 8 (extreme outlier),5801.0,,
1003888074,,providers_a,sum_srvcs,MAD z-score >= 8 (extreme outlier),170505.0,,
1043290653,,providers_a,sum_srvcs,MAD z-score >= 8 (extreme outlier),7164.0,,
1003477134,,providers_a,sum_srvcs,MAD z-score >= 8 (extreme outlier),8277.0,,
1023188968,,providers_a,sum_srvcs,MAD z-score >= 8 (extreme outlier),14152.0,,
1023093879,,providers_a,sum_srvcs,MAD z-score >= 8 (extreme outlier),8995.0,,
1003817230,,providers_a,sum_srvcs,MAD z-score >= 8 (extreme outlier),12633.0,,
1033501416,,providers_a,sum_srvcs,MAD z-score >= 8 (extreme outlier),4994.0,,
1033618293,,providers_a,sum_srvcs,MAD z-score >= 8 (extreme outlier),16065.0,,
1003044199,,providers_a,sum_srvcs,MAD z-score >= 8 (extreme outlier),16957.0,,
1023253556,,providers_a,sum_srvcs,MAD z-score >= 8 (extreme outlier),247035.0,,
1013970920,,providers_a,sum_srvcs,MAD z-score >= 8 (extreme outlier),6026.0,,
1023275039,,providers_a,sum_srvcs,MAD z-score >= 8 (extreme outlier),28156.0,,
1043256787,,providers_a,sum_srvcs,MAD z-score >= 8 (extreme outlier),5553.0,,
1043223431,,providers_a,sum_srvcs,MAD z-score >= 8 (extreme outlier),15462.0,,
1023079365,,providers_a,sum_srvcs,MAD z-score >= 8 (extreme outlier),43797.0,,
1043211618,,providers_a,sum_srvcs,MAD z-score >= 8 (extreme outlier),5262.2,,
1053317503,,providers_a,sum_srvcs,MAD z-score >= 8 (extreme outlier),5966.0,,
1013142074,,providers_a,sum_srvcs,MAD z-score >= 8 (extreme outlier),4864.0,,
1013079441,,providers_a,sum_srvcs,MAD z-score >= 8 (extreme outlier),4797.0,,
1003042912,,providers_a,sum_srvcs,MAD z-score >= 8 (extreme outlier),6465.0,,
1003815374,,providers_a,sum_srvcs,MAD z-score >= 8 (extreme outlier),6877.0,,
1013911072,,providers_a,sum_srvcs,MAD z-score >= 8 (extreme outlier),6086.0,,
1013901925,,providers_a,sum_srvcs,MAD z-score >= 8 (extreme outlier),15875.0,,
1023244498,,providers_a,sum_srvcs,MAD z-score >= 8 (extreme outlier),8161.0,,
1013973866,,providers_a,sum_srvcs,MAD z-score >= 8 (extreme outlier),204005.0,,
1023479623,,providers_a,sum_srvcs,MAD z-score >= 8 (extreme outlier),279152.0,,
1003859265,,providers_a,sum_srvcs,MAD z-score >= 8 (extreme outlier),4903.0,,
1023016656,,providers_a,sum_srvcs,MAD z-score >= 8 (extreme outlier),4878.0,,
1003913583,,providers_a,sum_srvcs,MAD z-score >= 8 (extreme outlier),6065.0,,
1013924828,,providers_a,sum_srvcs,MAD z-score >= 8 (extreme outlier),5991.0,,
1043317050,,providers_a,sum_srvcs,MAD z-score >= 8 (extreme outlier),11126.0,,
1033182241,,providers_a,sum_srvcs,MAD z-score >= 8 (extreme outlier),9779.0,,
1043743305,,providers_a,sum_srvcs,MAD z-score >= 8 (extreme outlier),18602.0,,
1043411168,,providers_a,sum_srvcs,MAD z-score >= 8 (extreme outlier),5939.0,,
1013910645,,providers_a,sum_srvcs,MAD z-score >= 8 (extreme outlier),5370.0,,
1033118419,,providers_a,sum_srvcs,MAD z-score >= 8 (extreme outlier),7681.0,,
1033281324,,providers_a,sum_srvcs,MAD z-score >= 8 (extreme outlier),1783770.0,,
1043338395,,providers_a,sum_srvcs,MAD z-score >= 8 (extreme outlier),63149.0,,
1043254220,,providers_a,sum_srvcs,MAD z-score >= 8 (extreme outlier),12592.0,,
1023083961,,providers_a,sum_srvcs,MAD z-score >= 8 (extreme outlier),13243.0,,
1043254568,,providers_a,sum_srvcs,MAD z-score >= 8 (extreme outlier),5525.0,,
1033196472,,providers_a,sum_srvcs,MAD z-score >= 8 (extreme outlier),5982.0,,
1013918812,,providers_a,sum_srvcs,MAD z-score >= 8 (extreme outlier),17851.0,,
1013034198,,providers_a,sum_srvcs,MAD z-score >= 8 (extreme outlier),5373.0,,
1003813205,,providers_a,sum_srvcs,MAD z-score >= 8 (extreme outlier),34517.0,,
1033406780,,providers_a,sum_srvcs,MAD z-score >= 8 (extreme outlier),40072.0,,
1013396951,,providers_a,sum_srvcs,MAD z-score >= 8 (extreme outlier),4790.0,,
1003813338,,providers_a,sum_srvcs,MAD z-score >= 8 (extreme outlier),24690.6,,
1003803552,,providers_a,sum_srvcs,MAD z-score >= 8 (extreme outlier),4650.0,,
1053059642,,providers_a,sum_srvcs,MAD z-score >= 8 (extreme outlier),5417.0,,
1013926039,,providers_a,sum_srvcs,MAD z-score >= 8 (extreme outlier),6716.0,,
1023191525,,providers_a,sum_srvcs,MAD z-score >= 8 (extreme outlier),12120.0,,
1003179284,,providers_a,sum_srvcs,MAD z-score >= 8 (extreme outlier),30778.0,,
1003287533,,providers_a,sum_srvcs,MAD z-score >= 8 (extreme outlier),8733.0,,
1013065267,,providers_a,sum_srvcs,MAD z-score >= 8 (extreme outlier),4878.0,,
1043298151,,providers_a,sum_srvcs,MAD z-score >= 8 (extreme outlier),31318.0,,
1013177401,,providers_a,sum_srvcs,MAD z-score >= 8 (extreme outlier),7373.0,,
1053326876,,providers_a,sum_srvcs,MAD z-score >= 8 (extreme outlier),12019.0,,
1003898768,,providers_a,sum_srvcs,MAD z-score >= 8 (extreme outlier),7063.0,,
1033101902,,providers_a,sum_srvcs,MAD z-score >= 8 (extreme outlier),15063.0,,
1033187133,,providers_a,sum_srvcs,MAD z-score >= 8 (extreme outlier),9724.0,,
1043537871,,providers_a,sum_srvcs,MAD z-score >= 8 (extreme outlier),6369.0,,
1043285190,,providers_a,sum_srvcs,MAD z-score >= 8 (extreme outlier),124308.0,,
1013013192,,providers_a,sum_srvcs,MAD z-score >= 8 (extreme outlier),6711.0,,
1023309424,,providers_a,sum_srvcs,MAD z-score >= 8 (extreme outlier),16260.0,,
1003190711,,providers_a,sum_srvcs,MAD z-score >= 8 (extreme outlier),7566.0,,
1043554793,,providers_a,sum_srvcs,MAD z-score >= 8 (extreme outlier),6476.0,,
1043654015,,providers_a,sum_srvcs,MAD z-score >= 8 (extreme outlier),10235.0,,
1033161914,,providers_a,sum_srvcs,MAD z-score >= 8 (extreme outlier),8287.0,,
1033216783,,providers_a,sum_srvcs,MAD z-score >= 8 (extreme outlier),7083.0,,
1033429006,,providers_a,sum_srvcs,MAD z-score >= 8 (extreme outlier),4642.0,,
1023076494,,providers_a,sum_srvcs,MAD z-score >= 8 (extreme outlier),8443.0,,
1003868811,,providers_a,sum_srvcs,MAD z-score >= 8 (extreme outlier),8242.0,,
1003814435,,providers_a,sum_srvcs,MAD z-score >= 8 (extreme outlier),5125.0,,
1003895343,,providers_a,sum_srvcs,MAD z-score >= 8 (extreme outlier),11703.0,,
1043437676,,providers_a,sum_srvcs,MAD z-score >= 8 (extreme outlier),5839.0,,
1003431206,,providers_a,sum_srvcs,MAD z-score >= 8 (extreme outlier),7552.3,,
1033224654,,providers_a,sum_srvcs,MAD z-score >= 8 (extreme outlier),25763.0,,
1003587692,,providers_a,sum_srvcs,MAD z-score >= 8 (extreme outlier),6793.0,,
1033271846,,providers_a,sum_srvcs,MAD z-score >= 8 (extreme outlier),10126.0,,
1033187703,,providers_a,sum_srvcs,MAD z-score >= 8 (extreme outlier),5800.0,,
1033187950,,providers_a,sum_srvcs,MAD z-score >= 8 (extreme outlier),4827.0,,
1043205313,,providers_a,sum_srvcs,MAD z-score >= 8 (extreme outlier),36956.0,,
1003958976,,providers_a,sum_srvcs,MAD z-score >= 8 (extreme outlier),12414.0,,
1023043189,,providers_a,sum_srvcs,MAD z-score >= 8 (extreme outlier),6093.0,,
1053322792,,providers_a,sum_srvcs,MAD z-score >= 8 (extreme outlier),6949.6,,
1043438625,,providers_a,sum_srvcs,MAD z-score >= 8 (extreme outlier),6636.0,,
1033145701,,providers_a,sum_srvcs,MAD z-score >= 8 (extreme outlier),6499.0,,
1033115738,,providers_a,sum_srvcs,MAD z-score >= 8 (extreme outlier),4770.0,,
1003297706,,providers_a,sum_srvcs,MAD z-score >= 8 (extreme outlier),10630.0,,
1043302136,,providers_a,sum_srvcs,MAD z-score >= 8 (extreme outlier),5413.0,,
1043473036,,providers_a,sum_srvcs,MAD z-score >= 8 (extreme outlier),20718.0,,
1033227863,,providers_a,sum_srvcs,MAD z-score >= 8 (extreme outlier),8589.0,,
1023085891,,providers_a,sum_srvcs,MAD z-score >= 8 (extreme outlier),10929.0,,
1033754163,,providers_a,sum_srvcs,MAD z-score >= 8 (extreme outlier),14822.0,,
1023012010,,providers_a,sum_srvcs,MAD z-score >= 8 (extreme outlier),6594.0,,
1023137023,,providers_a,sum_srvcs,MAD z-score >= 8 (extreme outlier),20122.0,,
1023031598,,providers_a,sum_srvcs,MAD z-score >= 8 (extreme outlier),5049.0,,
1023097680,,providers_a,sum_srvcs,MAD z-score >= 8 (extreme outlier),5525.0,,
1043676109,,providers_a,sum_srvcs,MAD z-score >= 8 (extreme outlier),7676.0,,
1013946334,,providers_a,sum_srvcs,MAD z-score >= 8 (extreme outlier),5100.0,,
1003282393,,providers_a,sum_srvcs,MAD z-score >= 8 (extreme outlier),5017.0,,
1033114988,,providers_a,sum_srvcs,MAD z-score >= 8 (extreme outlier),17927.0,,
1053349092,,providers_a,sum_srvcs,MAD z-score >= 8 (extreme outlier),8129.0,,
1033566435,,providers_a,sum_srvcs,MAD z-score >= 8 (extreme outlier),8001.0,,
1033291844,,providers_a,sum_srvcs,MAD z-score >= 8 (extreme outlier),24082.0,,
1023050135,,providers_a,sum_srvcs,MAD z-score >= 8 (extreme outlier),7491.0,,
1023000338,,providers_a,sum_srvcs,MAD z-score >= 8 (extreme outlier),7623.0,,
1023114287,,providers_a,sum_srvcs,MAD z-score >= 8 (extreme outlier),8963.0,,
1043300551,,providers_a,sum_srvcs,MAD z-score >= 8 (extreme outlier),10401.0,,
1033220256,,providers_a,sum_srvcs,MAD z-score >= 8 (extreme outlier),4732.0,,
1013911049,,providers_a,sum_srvcs,MAD z-score >= 8 (extreme outlier),10286.0,,
1013028745,,providers_a,sum_srvcs,MAD z-score >= 8 (extreme outlier),10278.0,,
1033314026,,providers_a,sum_srvcs,MAD z-score >= 8 (extreme outlier),6546.0,,
1023240132,,providers_a,sum_srvcs,MAD z-score >= 8 (extreme outlier),9174.0,,
1023297017,,providers_a,sum_srvcs,MAD z-score >= 8 (extreme outlier),8030.0,,
1033346507,,providers_a,sum_srvcs,MAD z-score >= 8 (extreme outlier),4614.0,,
1043200611,,providers_a,sum_srvcs,MAD z-score >= 8 (extreme outlier),32262.0,,
1033274832,,providers_a,sum_srvcs,MAD z-score >= 8 (extreme outlier),15813.0,,
1033191424,,providers_a,sum_srvcs,MAD z-score >= 8 (extreme outlier),4760.0,,
1003090093,,providers_a,sum_srvcs,MAD z-score >= 8 (extreme outlier),57067.0,,
1033118229,,providers_a,sum_srvcs,MAD z-score >= 8 (extreme outlier),70086.0,,
1013091958,,providers_a,sum_srvcs,MAD z-score >= 8 (extreme outlier),5491.0,,
1003216730,,providers_a,sum_srvcs,MAD z-score >= 8 (extreme outlier),5712.0,,
1023278504,,providers_a,sum_srvcs,MAD z-score >= 8 (extreme outlier),60965.0,,
1013460708,,providers_a,sum_srvcs,MAD z-score >= 8 (extreme outlier),6127.0,,
1013970532,,providers_a,sum_srvcs,MAD z-score >= 8 (extreme outlier),5691.0,,
1043260342,,providers_a,sum_srvcs,MAD z-score >= 8 (extreme outlier),10257.0,,
1003819897,,providers_a,sum_srvcs,MAD z-score >= 8 (extreme outlier),12504.0,,
1003816281,,providers_a,sum_srvcs,MAD z-score >= 8 (extreme outlier),193314.0,,
1003835158,,providers_a,sum_srvcs,MAD z-score >= 8 (extreme outlier),14265.0,,
1013476266,,providers_a,sum_srvcs,MAD z-score >= 8 (extreme outlier),7806.0,,
1023195401,,providers_a,sum_srvcs,MAD z-score >= 8 (extreme outlier),16109.0,,
1013350636,,providers_a,sum_srvcs,MAD z-score >= 8 (extreme outlier),5287.0,,
1013957125,,providers_a,sum_srvcs,MAD z-score >= 8 (extreme outlier),10991.0,,
1043276728,,providers_a,sum_srvcs,MAD z-score >= 8 (extreme outlier),5520.0,,
1003800806,,providers_a,sum_srvcs,MAD z-score >= 8 (extreme outlier),11056.0,,
1003912940,,providers_a,sum_srvcs,MAD z-score >= 8 (extreme outlier),14760.2,,
1003559832,,providers_a,sum_srvcs,MAD z-score >= 8 (extreme outlier),46889.0,,
1033175328,,providers_a,sum_srvcs,MAD z-score >= 8 (extreme outlier),5486.0,,
1033375464,,providers_a,sum_srvcs,MAD z-score >= 8 (extreme outlier),4763.0,,
1013939297,,providers_a,sum_srvcs,MAD z-score >= 8 (extreme outlier),4579.0,,
1003914227,,providers_a,sum_srvcs,MAD z-score >= 8 (extreme outlier),9066.0,,
1053322198,,providers_a,sum_srvcs,MAD z-score >= 8 (extreme outlier),8535.0,,
1013347822,,providers_a,sum_srvcs,MAD z-score >= 8 (extreme outlier),6067.0,,
1013402148,,providers_a,sum_srvcs,MAD z-score >= 8 (extreme outlier),5961.0,,
1003848169,,providers_a,sum_srvcs,MAD z-score >= 8 (extreme outlier),5058.0,,
1013969583,,providers_a,sum_srvcs,MAD z-score >= 8 (extreme outlier),4805.0,,
1043218050,,providers_a,sum_srvcs,MAD z-score >= 8 (extreme outlier),5195.0,,
1003957788,,providers_a,sum_srvcs,MAD z-score >= 8 (extreme outlier),112464.0,,
1023300563,,providers_a,sum_srvcs,MAD z-score >= 8 (extreme outlier),4723.0,,
1013407709,,providers_a,sum_srvcs,MAD z-score >= 8 (extreme outlier),5056.0,,
1013153261,,providers_a,sum_srvcs,MAD z-score >= 8 (extreme outlier),6214.0,,
1003875360,,providers_a,sum_srvcs,MAD z-score >= 8 (extreme outlier),8264.0,,
1023672953,,providers_a,sum_srvcs,MAD z-score >= 8 (extreme outlier),6233.0,,
1023631884,,providers_a,sum_srvcs,MAD z-score >= 8 (extreme outlier),5590.0,,
1003001371,,providers_a,sum_srvcs,MAD z-score >= 8 (extreme outlier),9436.0,,
1003868894,,providers_a,sum_srvcs,MAD z-score >= 8 (extreme outlier),5767.0,,
1043370695,,providers_a,sum_srvcs,MAD z-score >= 8 (extreme outlier),12694.0,,
1023211703,,providers_a,sum_srvcs,MAD z-score >= 8 (extreme outlier),5336.0,,
1013900257,,providers_a,sum_srvcs,MAD z-score >= 8 (extreme outlier),8849.5,,
1023119039,,providers_a,sum_srvcs,MAD z-score >= 8 (extreme outlier),7617.0,,
1043213176,,providers_a,sum_srvcs,MAD z-score >= 8 (extreme outlier),13306.0,,
1003949249,,providers_a,sum_srvcs,MAD z-score >= 8 (extreme outlier),5814.0,,
1043262637,,providers_a,sum_srvcs,MAD z-score >= 8 (extreme outlier),14556.0,,
1023467438,,providers_a,sum_srvcs,MAD z-score >= 8 (extreme outlier),4854.0,,
1033191986,,providers_a,sum_srvcs,MAD z-score >= 8 (extreme outlier),5279.0,,
1013031673,,providers_a,sum_srvcs,MAD z-score >= 8 (extreme outlier),6270.1,,
1043509151,,providers_a,sum_srvcs,MAD z-score >= 8 (extreme outlier),32615.0,,
1013139583,,providers_a,sum_srvcs,MAD z-score >= 8 (extreme outlier),16825.8,,
1053327445,,providers_a,sum_srvcs,MAD z-score >= 8 (extreme outlier),22889.0,,
1053345629,,providers_a,sum_srvcs,MAD z-score >= 8 (extreme outlier),236816.0,,
1003287186,,providers_a,sum_srvcs,MAD z-score >= 8 (extreme outlier),20180.0,,
1003290677,,providers_a,sum_srvcs,MAD z-score >= 8 (extreme outlier),15698.0,,
1013078880,,providers_a,sum_srvcs,MAD z-score >= 8 (extreme outlier),13956.0,,
1043428949,,providers_a,sum_srvcs,MAD z-score >= 8 (extreme outlier),5318.4,,
1033255021,,providers_a,sum_srvcs,MAD z-score >= 8 (extreme outlier),4715.0,,
1033214689,,providers_a,sum_srvcs,MAD z-score >= 8 (extreme outlier),4736.0,,
1003833781,,providers_a,sum_srvcs,MAD z-score >= 8 (extreme outlier),6159.0,,
1043416498,,providers_a,sum_srvcs,MAD z-score >= 8 (extreme outlier),6031.0,,
1003025594,,providers_a,sum_srvcs,MAD z-score >= 8 (extreme outlier),7548.0,,
1023720976,,providers_a,sum_srvcs,MAD z-score >= 8 (extreme outlier),5058.0,,
1023013059,,providers_a,sum_srvcs,MAD z-score >= 8 (extreme outlier),8908.0,,
1043279730,,providers_a,sum_srvcs,MAD z-score >= 8 (extreme outlier),5102.0,,
1033114228,,providers_a,sum_srvcs,MAD z-score >= 8 (extreme outlier),13123.0,,
1003255761,,providers_a,sum_srvcs,MAD z-score >= 8 (extreme outlier),11267.0,,
1023070737,,providers_a,sum_srvcs,MAD z-score >= 8 (extreme outlier),10411.0,,
1043280381,,providers_a,sum_srvcs,MAD z-score >= 8 (extreme outlier),13204.0,,
1013912591,,providers_a,sum_srvcs,MAD z-score >= 8 (extreme outlier),11095.0,,
1003135823,,providers_a,sum_srvcs,MAD z-score >= 8 (extreme outlier),5741.0,,
1043296130,,providers_a,sum_srvcs,MAD z-score >= 8 (extreme outlier),14679.0,,
1033168588,,providers_a,sum_srvcs,MAD z-score >= 8 (extreme outlier),23903.0,,
1043205016,,providers_a,sum_srvcs,MAD z-score >= 8 (extreme outlier),6898.0,,
1043519333,,providers_a,sum_srvcs,MAD z-score >= 8 (extreme outlier),4627.0,,
1013996669,,providers_a,sum_srvcs,MAD z-score >= 8 (extreme outlier),4633.0,,
1003838012,,providers_a,sum_srvcs,MAD z-score >= 8 (extreme outlier),6622.0,,
1043271240,,providers_a,sum_srvcs,MAD z-score >= 8 (extreme outlier),8635.0,,
1043290778,,providers_a,sum_srvcs,MAD z-score >= 8 (extreme outlier),10573.0,,
1013162817,,providers_a,sum_srvcs,MAD z-score >= 8 (extreme outlier),5608.0,,
1033290093,,providers_a,sum_srvcs,MAD z-score >= 8 (extreme outlier),13493.0,,
1043591514,,providers_a,sum_srvcs,MAD z-score >= 8 (extreme outlier),21586.0,,
1033280128,,providers_a,sum_srvcs,MAD z-score >= 8 (extreme outlier),5910.0,,
1043274145,,providers_a,sum_srvcs,MAD z-score >= 8 (extreme outlier),45799.0,,
1003814328,,providers_a,sum_srvcs,MAD z-score >= 8 (extreme outlier),22313.9,,
1013139641,,providers_a,sum_srvcs,MAD z-score >= 8 (extreme outlier),7696.0,,
1043744196,,providers_a,sum_srvcs,MAD z-score >= 8 (extreme outlier),5415.0,,
1013042241,,providers_a,sum_srvcs,MAD z-score >= 8 (extreme outlier),11506.0,,
1003001363,,providers_a,sum_srvcs,MAD z-score >= 8 (extreme outlier),11538.0,,
1013909951,,providers_a,sum_srvcs,MAD z-score >= 8 (extreme outlier),185934.0,,
1043242670,,providers_a,sum_srvcs,MAD z-score >= 8 (extreme outlier),17476.0,,
1013958008,,providers_a,sum_srvcs,MAD z-score >= 8 (extreme outlier),6430.0,,
1003841875,,providers_a,sum_srvcs,MAD z-score >= 8 (extreme outlier),13312.0,,
1013047646,,providers_a,sum_srvcs,MAD z-score >= 8 (extreme outlier),4629.0,,
1023189214,,providers_a,sum_srvcs,MAD z-score >= 8 (extreme outlier),5561.0,,
1003235391,,providers_a,sum_srvcs,MAD z-score >= 8 (extreme outlier),8691.0,,
1023092160,,providers_a,sum_srvcs,MAD z-score >= 8 (extreme outlier),6265.0,,
1043793581,,providers_a,sum_srvcs,MAD z-score >= 8 (extreme outlier),20600.0,,
1023081601,,providers_a,sum_srvcs,MAD z-score >= 8 (extreme outlier),10377.0,,
1023544053,,providers_a,sum_srvcs,MAD z-score >= 8 (extreme outlier),5419.0,,
1003876053,,providers_a,sum_srvcs,MAD z-score >= 8 (extreme outlier),9711.0,,
1033378344,,providers_a,sum_srvcs,MAD z-score >= 8 (extreme outlier),7488.0,,
1033355987,,providers_a,sum_srvcs,MAD z-score >= 8 (extreme outlier),5955.0,,
1023438090,,providers_a,sum_srvcs,MAD z-score >= 8 (extreme outlier),4745.0,,
1043298656,,providers_a,sum_srvcs,MAD z-score >= 8 (extreme outlier),7017.0,,
1043250111,,providers_a,sum_srvcs,MAD z-score >= 8 (extreme outlier),10536.0,,
1043299787,,providers_a,sum_srvcs,MAD z-score >= 8 (extreme outlier),5836.0,,
1043389174,,providers_a,sum_srvcs,MAD z-score >= 8 (extreme outlier),63442.0,,
1013181833,,providers_a,sum_srvcs,MAD z-score >= 8 (extreme outlier),5530.0,,
1013250240,,providers_a,sum_srvcs,MAD z-score >= 8 (extreme outlier),34344.0,,
1033320338,,providers_a,sum_srvcs,MAD z-score >= 8 (extreme outlier),6654.0,,
1033440631,,providers_a,sum_srvcs,MAD z-score >= 8 (extreme outlier),13348.0,,
1023055472,,providers_a,sum_srvcs,MAD z-score >= 8 (extreme outlier),52277.0,,
1013905629,,providers_a,sum_srvcs,MAD z-score >= 8 (extreme outlier),9961.0,,
1013913490,,providers_a,sum_srvcs,MAD z-score >= 8 (extreme outlier),13321.0,,
1013956697,,providers_a,sum_srvcs,MAD z-score >= 8 (extreme outlier),19564.0,,
1043548217,,providers_a,sum_srvcs,MAD z-score >= 8 (extreme outlier),7947.0,,
1013457050,,providers_a,sum_srvcs,MAD z-score >= 8 (extreme outlier),11401.0,,
1033150636,,providers_a,sum_srvcs,MAD z-score >= 8 (extreme outlier),4749.0,,
1043605066,,providers_a,sum_srvcs,MAD z-score >= 8 (extreme outlier),6916.3,,
1033490644,,providers_a,sum_srvcs,MAD z-score >= 8 (extreme outlier),6506.0,,
1013904689,,providers_a,sum_srvcs,MAD z-score >= 8 (extreme outlier),4741.0,,
1043286065,,providers_a,sum_srvcs,MAD z-score >= 8 (extreme outlier),6074.0,,
1053325712,,providers_a,sum_srvcs,MAD z-score >= 8 (extreme outlier),6704.0,,
1033420260,,providers_a,sum_srvcs,MAD z-score >= 8 (extreme outlier),19628.0,,
1003851726,,providers_a,sum_srvcs,MAD z-score >= 8 (extreme outlier),108742.8,,
1043348097,,providers_a,sum_srvcs,MAD z-score >= 8 (extreme outlier),5123.0,,
1033144829,,providers_a,sum_srvcs,MAD z-score >= 8 (extreme outlier),8125.0,,
1043266281,,providers_a,sum_srvcs,MAD z-score >= 8 (extreme outlier),44670.0,,
1033312129,,providers_a,sum_srvcs,MAD z-score >= 8 (extreme outlier),4889.0,,
1003899501,,providers_a,sum_srvcs,MAD z-score >= 8 (extreme outlier),4995.7,,
1003900697,,providers_a,sum_srvcs,MAD z-score >= 8 (extreme outlier),5694.0,,
1013258730,,providers_a,sum_srvcs,MAD z-score >= 8 (extreme outlier),13767.0,,
1033226030,,providers_a,sum_srvcs,MAD z-score >= 8 (extreme outlier),177126.0,,
1043669690,,providers_a,sum_srvcs,MAD z-score >= 8 (extreme outlier),8358.0,,
1003820150,,providers_a,sum_srvcs,MAD z-score >= 8 (extreme outlier),11560.0,,
1003235185,,providers_a,sum_srvcs,MAD z-score >= 8 (extreme outlier),6429.0,,
1053326777,,providers_a,sum_srvcs,MAD z-score >= 8 (extreme outlier),7173.0,,
1003964560,,providers_a,sum_srvcs,MAD z-score >= 8 (extreme outlier),5713.0,,
1043328735,,providers_a,sum_srvcs,MAD z-score >= 8 (extreme outlier),5879.0,,
1003886946,,providers_a,sum_srvcs,MAD z-score >= 8 (extreme outlier),59507.0,,
1033210497,,providers_a,sum_srvcs,MAD z-score >= 8 (extreme outlier),7748.0,,
1023078441,,providers_a,sum_srvcs,MAD z-score >= 8 (extreme outlier),4826.0,,
1013138650,,providers_a,sum_srvcs,MAD z-score >= 8 (extreme outlier),12095.8,,
1003261298,,providers_a,sum_srvcs,MAD z-score >= 8 (extreme outlier),6794.0,,
1033657259,,providers_a,sum_srvcs,MAD z-score >= 8 (extreme outlier),6428.0,,
1043641970,,providers_a,sum_srvcs,MAD z-score >= 8 (extreme outlier),16203.0,,
1013371301,,providers_a,sum_srvcs,MAD z-score >= 8 (extreme outlier),7606.0,,
1043697337,,providers_a,sum_srvcs,MAD z-score >= 8 (extreme outlier),246656.0,,
1003560640,,providers_a,sum_srvcs,MAD z-score >= 8 (extreme outlier),121470.0,,
1033119599,,providers_a,sum_srvcs,MAD z-score >= 8 (extreme outlier),6425.0,,
1003457888,,providers_a,sum_srvcs,MAD z-score >= 8 (extreme outlier),5429.0,,
1003044876,,providers_a,sum_srvcs,MAD z-score >= 8 (extreme outlier),7910.0,,
1033231402,,providers_a,sum_srvcs,MAD z-score >= 8 (extreme outlier),5321.0,,
1003224072,,providers_a,sum_srvcs,MAD z-score >= 8 (extreme outlier),4639.0,,
1003805045,,providers_a,sum_srvcs,MAD z-score >= 8 (extreme outlier),9933.0,,
1053303958,,providers_a,sum_srvcs,MAD z-score >= 8 (extreme outlier),6405.0,,
1003053851,,providers_a,sum_srvcs,MAD z-score >= 8 (extreme outlier),49752.0,,
1043495997,,providers_a,sum_srvcs,MAD z-score >= 8 (extreme outlier),6630.0,,
1033109632,,providers_a,sum_srvcs,MAD z-score >= 8 (extreme outlier),4836.0,,
1033293576,,providers_a,sum_srvcs,MAD z-score >= 8 (extreme outlier),24911.0,,
1033537154,,providers_a,sum_srvcs,MAD z-score >= 8 (extreme outlier),52274.0,,
1023022522,,providers_a,sum_srvcs,MAD z-score >= 8 (extreme outlier),6724.0,,
1033308531,,providers_a,sum_srvcs,MAD z-score >= 8 (extreme outlier),85170.0,,
1033102868,,providers_a,sum_srvcs,MAD z-score >= 8 (extreme outlier),29071.0,,
1053083006,,providers_a,sum_srvcs,MAD z-score >= 8 (extreme outlier),259385.0,,
1033189501,,providers_a,sum_srvcs,MAD z-score >= 8 (extreme outlier),41884.0,,
1013986918,,providers_a,sum_srvcs,MAD z-score >= 8 (extreme outlier),6387.0,,
1013593177,,providers_a,sum_srvcs,MAD z-score >= 8 (extreme outlier),9643.0,,
1033523329,,providers_a,sum_srvcs,MAD z-score >= 8 (extreme outlier),10570.0,,
1013924455,,providers_a,sum_srvcs,MAD z-score >= 8 (extreme outlier),4691.0,,
1043279854,,providers_a,sum_srvcs,MAD z-score >= 8 (extreme outlier),7604.0,,
1043225162,,providers_a,sum_srvcs,MAD z-score >= 8 (extreme outlier),5079.0,,
1033205612,,providers_a,sum_srvcs,MAD z-score >= 8 (extreme outlier),7035.6,,
1043716079,,providers_a,sum_srvcs,MAD z-score >= 8 (extreme outlier),9120.0,,
1043289150,,providers_a,sum_srvcs,MAD z-score >= 8 (extreme outlier),10905.0,,
1043636921,,providers_a,sum_srvcs,MAD z-score >= 8 (extreme outlier),2266087.0,,
1013912708,,providers_a,sum_srvcs,MAD z-score >= 8 (extreme outlier),5902.0,,
1023078698,,providers_a,sum_srvcs,MAD z-score >= 8 (extreme outlier),5466.0,,
1013132653,,providers_a,sum_srvcs,MAD z-score >= 8 (extreme outlier),7352.0,,
1033653431,,providers_a,sum_srvcs,MAD z-score >= 8 (extreme outlier),6460.0,,
1013917996,,providers_a,sum_srvcs,MAD z-score >= 8 (extreme outlier),12367.0,,
1033109079,,providers_a,sum_srvcs,MAD z-score >= 8 (extreme outlier),6473.0,,
1023011244,,providers_a,sum_srvcs,MAD z-score >= 8 (extreme outlier),11616.0,,
1013270875,,providers_a,sum_srvcs,MAD z-score >= 8 (extreme outlier),12681.0,,
1023099322,,providers_a,sum_srvcs,MAD z-score >= 8 (extreme outlier),10894.0,,
1013631589,,providers_a,sum_srvcs,MAD z-score >= 8 (extreme outlier),5043.0,,
1003961236,,providers_a,sum_srvcs,MAD z-score >= 8 (extreme outlier),8956.0,,
1043286263,,providers_a,sum_srvcs,MAD z-score >= 8 (extreme outlier),11383.0,,
1013984830,,providers_a,sum_srvcs,MAD z-score >= 8 (extreme outlier),11513.0,,
1013316009,,providers_a,sum_srvcs,MAD z-score >= 8 (extreme outlier),33275.2,,
1003013673,,providers_a,sum_srvcs,MAD z-score >= 8 (extreme outlier),9896.0,,
1023213634,,providers_a,sum_srvcs,MAD z-score >= 8 (extreme outlier),7171.0,,
1023108925,,providers_a,sum_srvcs,MAD z-score >= 8 (extreme outlier),5861.0,,
1023143302,,providers_a,sum_srvcs,MAD z-score >= 8 (extreme outlier),24161.0,,
1003003161,,providers_a,sum_srvcs,MAD z-score >= 8 (extreme outlier),12850.0,,
1033820899,,providers_a,sum_srvcs,MAD z-score >= 8 (extreme outlier),27851.0,,
1023019429,,providers_a,sum_srvcs,MAD z-score >= 8 (extreme outlier),6017.0,,
1013932250,,providers_a,sum_srvcs,MAD z-score >= 8 (extreme outlier),20326.0,,
1053304733,,providers_a,sum_srvcs,MAD z-score >= 8 (extreme outlier),11731.6,,
1043396732,,providers_a,sum_srvcs,MAD z-score >= 8 (extreme outlier),17520.0,,
1023429941,,providers_a,sum_srvcs,MAD z-score >= 8 (extreme outlier),178262.0,,
1023081130,,providers_a,sum_srvcs,MAD z-score >= 8 (extreme outlier),6548.0,,
1053310623,,providers_a,sum_srvcs,MAD z-score >= 8 (extreme outlier),13250.9,,
1023077609,,providers_a,sum_srvcs,MAD z-score >= 8 (extreme outlier),4722.0,,
1003894270,,providers_a,sum_srvcs,MAD z-score >= 8 (extreme outlier),12690.0,,
1013979673,,providers_a,sum_srvcs,MAD z-score >= 8 (extreme outlier),58040.0,,
1023104007,,providers_a,sum_srvcs,MAD z-score >= 8 (extreme outlier),31719.0,,
1023065828,,providers_a,sum_srvcs,MAD z-score >= 8 (extreme outlier),4934.0,,
1033309240,,providers_a,sum_srvcs,MAD z-score >= 8 (extreme outlier),33981.0,,
1033192497,,providers_a,sum_srvcs,MAD z-score >= 8 (extreme outlier),8449.0,,
1033280458,,providers_a,sum_srvcs,MAD z-score >= 8 (extreme outlier),10132.5,,
1003075797,,providers_a,sum_srvcs,MAD z-score >= 8 (extreme outlier),7975.1,,
1033255138,,providers_a,sum_srvcs,MAD z-score >= 8 (extreme outlier),4739.0,,
1013133016,,providers_a,sum_srvcs,MAD z-score >= 8 (extreme outlier),8943.0,,
1023066487,,providers_a,sum_srvcs,MAD z-score >= 8 (extreme outlier),7425.0,,
1023590791,,providers_a,sum_srvcs,MAD z-score >= 8 (extreme outlier),6679.0,,
1043269699,,providers_a,sum_srvcs,MAD z-score >= 8 (extreme outlier),6420.0,,
1003989781,,providers_a,sum_srvcs,MAD z-score >= 8 (extreme outlier),13802.0,,
1033176516,,providers_a,sum_srvcs,MAD z-score >= 8 (extreme outlier),5871.0,,
1043288368,,providers_a,sum_srvcs,MAD z-score >= 8 (extreme outlier),4628.0,,
1033359484,,providers_a,sum_srvcs,MAD z-score >= 8 (extreme outlier),22785.2,,
1013923754,,providers_a,sum_srvcs,MAD z-score >= 8 (extreme outlier),5430.0,,
1003998816,,providers_a,sum_srvcs,MAD z-score >= 8 (extreme outlier),5021.0,,
1043204712,,providers_a,sum_srvcs,MAD z-score >= 8 (extreme outlier),7246.0,,
1033398532,,providers_a,sum_srvcs,MAD z-score >= 8 (extreme outlier),5287.0,,
1043279672,,providers_a,sum_srvcs,MAD z-score >= 8 (extreme outlier),5867.0,,
1043218928,,providers_a,sum_srvcs,MAD z-score >= 8 (extreme outlier),28591.0,,
1043231756,,providers_a,sum_srvcs,MAD z-score >= 8 (extreme outlier),4614.0,,
1043324429,,providers_a,sum_srvcs,MAD z-score >= 8 (extreme outlier),5351.0,,
1013907609,,providers_a,sum_srvcs,MAD z-score >= 8 (extreme outlier),5872.0,,
1003914318,,providers_a,sum_srvcs,MAD z-score >= 8 (extreme outlier),14353.0,,
1053306381,,providers_a,sum_srvcs,MAD z-score >= 8 (extreme outlier),34418.0,,
1023208543,,providers_a,sum_srvcs,MAD z-score >= 8 (extreme outlier),14439.0,,
1023076874,,providers_a,sum_srvcs,MAD z-score >= 8 (extreme outlier),7953.0,,
1013998715,,providers_a,sum_srvcs,MAD z-score >= 8 (extreme outlier),10928.0,,
1013005685,,providers_a,sum_srvcs,MAD z-score >= 8 (extreme outlier),172281.0,,
1003845363,,providers_a,sum_srvcs,MAD z-score >= 8 (extreme outlier),19749.0,,
1043253370,,providers_a,sum_srvcs,MAD z-score >= 8 (extreme outlier),22193.8,,
1013215888,,providers_a,sum_srvcs,MAD z-score >= 8 (extreme outlier),5873.0,,
1013951755,,providers_a,sum_srvcs,MAD z-score >= 8 (extreme outlier),6857.0,,
1003902735,,providers_a,sum_srvcs,MAD z-score >= 8 (extreme outlier),8582.0,,
1043624281,,providers_a,sum_srvcs,MAD z-score >= 8 (extreme outlier),13878.0,,
1033451711,,providers_a,sum_srvcs,MAD z-score >= 8 (extreme outlier),5714.0,,
1023089349,,providers_a,sum_srvcs,MAD z-score >= 8 (extreme outlier),6472.0,,
1033111554,,providers_a,sum_srvcs,MAD z-score >= 8 (extreme outlier),102881.3,,
1033159256,,providers_a,sum_srvcs,MAD z-score >= 8 (extreme outlier),7259.7,,
1013033778,,providers_a,sum_srvcs,MAD z-score >= 8 (extreme outlier),20955.0,,
1003904467,,providers_a,sum_srvcs,MAD z-score >= 8 (extreme outlier),5597.0,,
1033150602,,providers_a,sum_srvcs,MAD z-score >= 8 (extreme outlier),15083.0,,
1013193176,,providers_a,sum_srvcs,MAD z-score >= 8 (extreme outlier),7629.0,,
1033359096,,providers_a,sum_srvcs,MAD z-score >= 8 (extreme outlier),6982.0,,
1033133343,,providers_a,sum_srvcs,MAD z-score >= 8 (extreme outlier),5242.0,,
1023082088,,providers_a,sum_srvcs,MAD z-score >= 8 (extreme outlier),77962.0,,
1023022407,,providers_a,sum_srvcs,MAD z-score >= 8 (extreme outlier),6446.0,,
1013907559,,providers_a,sum_srvcs,MAD z-score >= 8 (extreme outlier),6783.0,,
1003853755,,providers_a,sum_srvcs,MAD z-score >= 8 (extreme outlier),20630.0,,
1023773512,,providers_a,sum_srvcs,MAD z-score >= 8 (extreme outlier),8350.0,,
1003010943,,providers_a,sum_srvcs,MAD z-score >= 8 (extreme outlier),5092.0,,
1013969039,,providers_a,sum_srvcs,MAD z-score >= 8 (extreme outlier),5447.0,,
1043446602,,providers_a,sum_srvcs,MAD z-score >= 8 (extreme outlier),5146.0,,
1023077401,,providers_a,sum_srvcs,MAD z-score >= 8 (extreme outlier),5328.0,,
1003059395,,providers_a,sum_srvcs,MAD z-score >= 8 (extreme outlier),12092.0,,
1033115209,,providers_a,sum_srvcs,MAD z-score >= 8 (extreme outlier),40825.0,,
1043801897,,providers_a,sum_srvcs,MAD z-score >= 8 (extreme outlier),7491.0,,
1043664279,,providers_a,sum_srvcs,MAD z-score >= 8 (extreme outlier),58222.0,,
1013176957,,providers_a,sum_srvcs,MAD z-score >= 8 (extreme outlier),5257.0,,
1013463157,,providers_a,sum_srvcs,MAD z-score >= 8 (extreme outlier),4722.0,,
1033250493,,providers_a,sum_srvcs,MAD z-score >= 8 (extreme outlier),5189.2,,
1013058213,,providers_a,sum_srvcs,MAD z-score >= 8 (extreme outlier),91321.0,,
1043427636,,providers_a,sum_srvcs,MAD z-score >= 8 (extreme outlier),4850.0,,
1003156472,,providers_a,sum_srvcs,MAD z-score >= 8 (extreme outlier),27809.1,,
1033185947,,providers_a,sum_srvcs,MAD z-score >= 8 (extreme outlier),13488.3,,
1013077395,,providers_a,sum_srvcs,MAD z-score >= 8 (extreme outlier),34367.0,,
1013578970,,providers_a,sum_srvcs,MAD z-score >= 8 (extreme outlier),6512.0,,
1043697709,,providers_a,sum_srvcs,MAD z-score >= 8 (extreme outlier),10807.0,,
1023034261,,providers_a,sum_srvcs,MAD z-score >= 8 (extreme outlier),31851.0,,
1023296670,,providers_a,sum_srvcs,MAD z-score >= 8 (extreme outlier),73878.0,,
1003832387,,providers_a,sum_srvcs,MAD z-score >= 8 (extreme outlier),5360.0,,
1013912989,,providers_a,sum_srvcs,MAD z-score >= 8 (extreme outlier),5886.0,,
1023083854,,providers_a,sum_srvcs,MAD z-score >= 8 (extreme outlier),27494.0,,
1003461120,,providers_a,sum_srvcs,MAD z-score >= 8 (extreme outlier),4655.0,,
1023254075,,providers_a,sum_srvcs,MAD z-score >= 8 (extreme outlier),7822.0,,
1013943950,,providers_a,sum_srvcs,MAD z-score >= 8 (extreme outlier),4816.0,,
1043681349,,providers_a,sum_srvcs,MAD z-score >= 8 (extreme outlier),5428.0,,
1023081809,,providers_a,sum_srvcs,MAD z-score >= 8 (extreme outlier),27373.0,,
1023405560,,providers_a,sum_srvcs,MAD z-score >= 8 (extreme outlier),39502.0,,
1033782560,,providers_a,sum_srvcs,MAD z-score >= 8 (extreme outlier),35168.3,,
1043241987,,providers_a,sum_srvcs,MAD z-score >= 8 (extreme outlier),9383.0,,
1033555297,,providers_a,sum_srvcs,MAD z-score >= 8 (extreme outlier),8303.0,,
1033102504,,providers_a,sum_srvcs,MAD z-score >= 8 (extreme outlier),5287.7,,
1033654892,,providers_a,sum_srvcs,MAD z-score >= 8 (extreme outlier),7200.3,,
1003868753,,providers_a,sum_srvcs,MAD z-score >= 8 (extreme outlier),12059.0,,
1023025434,,providers_a,sum_srvcs,MAD z-score >= 8 (extreme outlier),241633.0,,
1033159322,,providers_a,sum_srvcs,MAD z-score >= 8 (extreme outlier),59258.0,,
1003846676,,providers_a,sum_srvcs,MAD z-score >= 8 (extreme outlier),6169.0,,
1003902875,,providers_a,sum_srvcs,MAD z-score >= 8 (extreme outlier),6099.0,,
1013107697,,providers_a,sum_srvcs,MAD z-score >= 8 (extreme outlier),19198.0,,
1023055761,,providers_a,sum_srvcs,MAD z-score >= 8 (extreme outlier),5226.0,,
1043676836,,providers_a,sum_srvcs,MAD z-score >= 8 (extreme outlier),6321.0,,
1013036516,,providers_a,sum_srvcs,MAD z-score >= 8 (extreme outlier),120261.0,,
1013281609,,providers_a,sum_srvcs,MAD z-score >= 8 (extreme outlier),54163.0,,
1043252042,,providers_a,sum_srvcs,MAD z-score >= 8 (extreme outlier),12216.0,,
1043255292,,providers_a,sum_srvcs,MAD z-score >= 8 (extreme outlier),4731.0,,
1023233707,,providers_a,sum_srvcs,MAD z-score >= 8 (extreme outlier),39396.0,,
1003187881,,providers_a,sum_srvcs,MAD z-score >= 8 (extreme outlier),10097.0,,
1013965359,,providers_a,sum_srvcs,MAD z-score >= 8 (extreme outlier),25735.0,,
1033301940,,providers_a,sum_srvcs,MAD z-score >= 8 (extreme outlier),6788.0,,
1023057916,,providers_a,sum_srvcs,MAD z-score >= 8 (extreme outlier),9389.0,,
1013964998,,providers_a,sum_srvcs,MAD z-score >= 8 (extreme outlier),7007.0,,
1033376132,,providers_a,sum_srvcs,MAD z-score >= 8 (extreme outlier),26861.0,,
1043519838,,providers_a,sum_srvcs,MAD z-score >= 8 (extreme outlier),9189.0,,
1003128703,,providers_a,sum_srvcs,MAD z-score >= 8 (extreme outlier),176790.0,,
1013076827,,providers_a,sum_srvcs,MAD z-score >= 8 (extreme outlier),6014.0,,
1013151810,,providers_a,sum_srvcs,MAD z-score >= 8 (extreme outlier),5518.0,,
1033749940,,providers_a,sum_srvcs,MAD z-score >= 8 (extreme outlier),12980.0,,
1013970870,,providers_a,sum_srvcs,MAD z-score >= 8 (extreme outlier),11458.0,,
1033212915,,providers_a,sum_srvcs,MAD z-score >= 8 (extreme outlier),13929.0,,
1033190228,,providers_a,sum_srvcs,MAD z-score >= 8 (extreme outlier),15507.9,,
1033135314,,providers_a,sum_srvcs,MAD z-score >= 8 (extreme outlier),27677.0,,
1033373691,,providers_a,sum_srvcs,MAD z-score >= 8 (extreme outlier),8647.0,,
1003835703,,providers_a,sum_srvcs,MAD z-score >= 8 (extreme outlier),11655.0,,
1043252240,,providers_a,sum_srvcs,MAD z-score >= 8 (extreme outlier),10164.0,,
1043829229,,providers_a,sum_srvcs,MAD z-score >= 8 (extreme outlier),21443.0,,
1023021854,,providers_a,sum_srvcs,MAD z-score >= 8 (extreme outlier),5050.0,,
1003860560,,providers_a,sum_srvcs,MAD z-score >= 8 (extreme outlier),11960.0,,
1013002880,,providers_a,sum_srvcs,MAD z-score >= 8 (extreme outlier),420533.0,,
1023007333,,providers_a,sum_srvcs,MAD z-score >= 8 (extreme outlier),5979.0,,
1013066810,,providers_a,sum_srvcs,MAD z-score >= 8 (extreme outlier),9293.0,,
1023157278,,providers_a,sum_srvcs,MAD z-score >= 8 (extreme outlier),129917.0,,
1033560032,,providers_a,sum_srvcs,MAD z-score >= 8 (extreme outlier),5109.5,,
1043219298,,providers_a,sum_srvcs,MAD z-score >= 8 (extreme outlier),156815.0,,
1013967769,,providers_a,sum_srvcs,MAD z-score >= 8 (extreme outlier),31028.8,,
1033145164,,providers_a,sum_srvcs,MAD z-score >= 8 (extreme outlier),5933.0,,
1043255649,,providers_a,sum_srvcs,MAD z-score >= 8 (extreme outlier),8569.0,,
1003153800,,providers_a,sum_srvcs,MAD z-score >= 8 (extreme outlier),19328.0,,
1043278336,,providers_a,sum_srvcs,MAD z-score >= 8 (extreme outlier),6022.0,,
1023014008,,providers_a,sum_srvcs,MAD z-score >= 8 (extreme outlier),7168.0,,
1003928441,,providers_a,sum_srvcs,MAD z-score >= 8 (extreme outlier),12825.0,,
1023085743,,providers_a,sum_srvcs,MAD z-score >= 8 (extreme outlier),7736.0,,
1013912716,,providers_a,sum_srvcs,MAD z-score >= 8 (extreme outlier),5278.0,,
1003076886,,providers_a,sum_srvcs,MAD z-score >= 8 (extreme outlier),8236.0,,
1003015553,,providers_a,sum_srvcs,MAD z-score >= 8 (extreme outlier),6481.0,,
1013983741,,providers_a,sum_srvcs,MAD z-score >= 8 (extreme outlier),21043.0,,
1023013349,,providers_a,sum_srvcs,MAD z-score >= 8 (extreme outlier),5169.0,,
1033203591,,providers_a,sum_srvcs,MAD z-score >= 8 (extreme outlier),6162.0,,
1033230701,,providers_a,sum_srvcs,MAD z-score >= 8 (extreme outlier),49312.0,,
1053347559,,providers_a,sum_srvcs,MAD z-score >= 8 (extreme outlier),17975.4,,
1033218334,,providers_a,sum_srvcs,MAD z-score >= 8 (extreme outlier),7011.0,,
1043345762,,providers_a,sum_srvcs,MAD z-score >= 8 (extreme outlier),23039.0,,
1013583616,,providers_a,sum_srvcs,MAD z-score >= 8 (extreme outlier),5289.0,,
1033634522,,providers_a,sum_srvcs,MAD z-score >= 8 (extreme outlier),5015.0,,
1023686276,,providers_a,sum_srvcs,MAD z-score >= 8 (extreme outlier),6077.8,,
1043795016,,providers_a,sum_srvcs,MAD z-score >= 8 (extreme outlier),5049.0,,
1013944859,,providers_a,sum_srvcs,MAD z-score >= 8 (extreme outlier),6730.0,,
1043406242,,providers_a,sum_srvcs,MAD z-score >= 8 (extreme outlier),5087.0,,
1023336690,,providers_a,sum_srvcs,MAD z-score >= 8 (extreme outlier),5417.0,,
1023095411,,providers_a,sum_srvcs,MAD z-score >= 8 (extreme outlier),14903.0,,
1043366081,,providers_a,sum_srvcs,MAD z-score >= 8 (extreme outlier),6190.0,,
1023173812,,providers_a,sum_srvcs,MAD z-score >= 8 (extreme outlier),4702.0,,
1043269145,,providers_a,sum_srvcs,MAD z-score >= 8 (extreme outlier),6870.0,,
1043281025,,providers_a,sum_srvcs,MAD z-score >= 8 (extreme outlier),8069.0,,
1003078973,,providers_a,sum_srvcs,MAD z-score >= 8 (extreme outlier),16148.0,,
1043566649,,providers_a,sum_srvcs,MAD z-score >= 8 (extreme outlier),6333.0,,
1043489289,,providers_a,sum_srvcs,MAD z-score >= 8 (extreme outlier),8525.0,,
1003093832,,providers_a,sum_srvcs,MAD z-score >= 8 (extreme outlier),5148.0,,
1003837758,,providers_a,sum_srvcs,MAD z-score >= 8 (extreme outlier),4827.0,,
1023290533,,providers_a,sum_srvcs,MAD z-score >= 8 (extreme outlier),8388.0,,
1023224888,,providers_a,sum_srvcs,MAD z-score >= 8 (extreme outlier),10453.0,,
1033171335,,providers_a,sum_srvcs,MAD z-score >= 8 (extreme outlier),5101.0,,
1043293335,,providers_a,sum_srvcs,MAD z-score >= 8 (extreme outlier),18953.0,,
1033380936,,providers_a,sum_srvcs,MAD z-score >= 8 (extreme outlier),4696.0,,
1043223605,,providers_a,sum_srvcs,MAD z-score >= 8 (extreme outlier),14593.0,,
1043325483,,providers_a,sum_srvcs,MAD z-score >= 8 (extreme outlier),10067.0,,
1043224587,,providers_a,sum_srvcs,MAD z-score >= 8 (extreme outlier),21404.0,,
1003810904,,providers_a,sum_srvcs,MAD z-score >= 8 (extreme outlier),7562.0,,
1013952092,,providers_a,sum_srvcs,MAD z-score >= 8 (extreme outlier),9273.0,,
1003871294,,providers_a,sum_srvcs,MAD z-score >= 8 (extreme outlier),5534.0,,
1033145669,,providers_a,sum_srvcs,MAD z-score >= 8 (extreme outlier),5803.0,,
1043396872,,providers_a,sum_srvcs,MAD z-score >= 8 (extreme outlier),4716.0,,
1023197126,,providers_a,sum_srvcs,MAD z-score >= 8 (extreme outlier),5157.0,,
1013966886,,providers_a,sum_srvcs,MAD z-score >= 8 (extreme outlier),5164.0,,
1053332130,,providers_a,sum_srvcs,MAD z-score >= 8 (extreme outlier),5864.0,,
1043251010,,providers_a,sum_srvcs,MAD z-score >= 8 (extreme outlier),4865.0,,
1023017357,,providers_a,sum_srvcs,MAD z-score >= 8 (extreme outlier),17081.0,,
1033163530,,providers_a,sum_srvcs,MAD z-score >= 8 (extreme outlier),23983.0,,
1013990811,,providers_a,sum_srvcs,MAD z-score >= 8 (extreme outlier),13796.0,,
1013273606,,providers_a,sum_srvcs,MAD z-score >= 8 (extreme outlier),4879.0,,
1023095114,,providers_a,sum_srvcs,MAD z-score >= 8 (extreme outlier),178001.0,,
1033118278,,providers_a,sum_srvcs,MAD z-score >= 8 (extreme outlier),4719.0,,
1043226426,,providers_a,sum_srvcs,MAD z-score >= 8 (extreme outlier),5098.0,,
1033159926,,providers_a,sum_srvcs,MAD z-score >= 8 (extreme outlier),5492.0,,
1033431416,,providers_a,sum_srvcs,MAD z-score >= 8 (extreme outlier),5601.0,,
1013905389,,providers_a,sum_srvcs,MAD z-score >= 8 (extreme outlier),54239.0,,
1023298411,,providers_a,sum_srvcs,MAD z-score >= 8 (extreme outlier),7179.0,,
1033192570,,providers_a,sum_srvcs,MAD z-score >= 8 (extreme outlier),351579.0,,
1033110549,,providers_a,sum_srvcs,MAD z-score >= 8 (extreme outlier),6107.0,,
1023438785,,providers_a,sum_srvcs,MAD z-score >= 8 (extreme outlier),5683.0,,
1043593940,,providers_a,sum_srvcs,MAD z-score >= 8 (extreme outlier),18563.0,,
1003922923,,providers_a,sum_srvcs,MAD z-score >= 8 (extreme outlier),5607.0,,
1003811225,,providers_a,sum_srvcs,MAD z-score >= 8 (extreme outlier),5068.0,,
1003016122,,providers_a,sum_srvcs,MAD z-score >= 8 (extreme outlier),8410.0,,
1013029065,,providers_a,sum_srvcs,MAD z-score >= 8 (extreme outlier),7244.0,,
1023021151,,providers_a,sum_srvcs,MAD z-score >= 8 (extreme outlier),9547.0,,
1033340112,,providers_a,sum_srvcs,MAD z-score >= 8 (extreme outlier),7679.0,,
1023169380,,providers_a,sum_srvcs,MAD z-score >= 8 (extreme outlier),18976.0,,
1023145463,,providers_a,sum_srvcs,MAD z-score >= 8 (extreme outlier),4649.0,,
1033587480,,providers_a,sum_srvcs,MAD z-score >= 8 (extreme outlier),4600.0,,
1043645872,,providers_a,sum_srvcs,MAD z-score >= 8 (extreme outlier),5633.0,,
1013085703,,providers_a,sum_srvcs,MAD z-score >= 8 (extreme outlier),7149.0,,
1043250350,,providers_a,sum_srvcs,MAD z-score >= 8 (extreme outlier),37625.1,,
1023071412,,providers_a,sum_srvcs,MAD z-score >= 8 (extreme outlier),4842.0,,
1023632890,,providers_a,sum_srvcs,MAD z-score >= 8 (extreme outlier),105876.1,,
1003853375,,providers_a,sum_srvcs,MAD z-score >= 8 (extreme outlier),6346.5,,
1003838061,,providers_a,sum_srvcs,MAD z-score >= 8 (extreme outlier),8651.0,,
1003367780,,providers_a,sum_srvcs,MAD z-score >= 8 (extreme outlier),9677.0,,
1033786611,,providers_a,sum_srvcs,MAD z-score >= 8 (extreme outlier),5536.0,,
1003007048,,providers_a,sum_srvcs,MAD z-score >= 8 (extreme outlier),7304.0,,
1013031996,,providers_a,sum_srvcs,MAD z-score >= 8 (extreme outlier),6930.0,,
1013983873,,providers_a,sum_srvcs,MAD z-score >= 8 (extreme outlier),8657.0,,
1013238161,,providers_a,sum_srvcs,MAD z-score >= 8 (extreme outlier),30298.0,,
1003801291,,providers_a,sum_srvcs,MAD z-score >= 8 (extreme outlier),4908.0,,
1043573355,,providers_a,sum_srvcs,MAD z-score >= 8 (extreme outlier),5127.0,,
1043478878,,providers_a,sum_srvcs,MAD z-score >= 8 (extreme outlier),15988.0,,
1013933308,,providers_a,sum_srvcs,MAD z-score >= 8 (extreme outlier),5678.4,,
1013973304,,providers_a,sum_srvcs,MAD z-score >= 8 (extreme outlier),13371.0,,
1023231883,,providers_a,sum_srvcs,MAD z-score >= 8 (extreme outlier),10790.0,,
1013016195,,providers_a,sum_srvcs,MAD z-score >= 8 (extreme outlier),6075.0,,
1013202118,,providers_a,sum_srvcs,MAD z-score >= 8 (extreme outlier),24308.0,,
1013976075,,providers_a,sum_srvcs,MAD z-score >= 8 (extreme outlier),19309.0,,
1053315077,,providers_a,sum_srvcs,MAD z-score >= 8 (extreme outlier),5112.0,,
1043477136,,providers_a,sum_srvcs,MAD z-score >= 8 (extreme outlier),8056.0,,
1033371323,,providers_a,sum_srvcs,MAD z-score >= 8 (extreme outlier),17823.0,,
1013301647,,providers_a,sum_srvcs,MAD z-score >= 8 (extreme outlier),12914.3,,
1003814666,,providers_a,sum_srvcs,MAD z-score >= 8 (extreme outlier),9698.0,,
1013449917,,providers_a,sum_srvcs,MAD z-score >= 8 (extreme outlier),40281.0,,
1013259134,,providers_a,sum_srvcs,MAD z-score >= 8 (extreme outlier),5623.0,,
1033103445,,providers_a,sum_srvcs,MAD z-score >= 8 (extreme outlier),6460.0,,
1053318766,,providers_a,sum_srvcs,MAD z-score >= 8 (extreme outlier),31232.0,,
1053346999,,providers_a,sum_srvcs,MAD z-score >= 8 (extreme outlier),9768.0,,
1023234242,,providers_a,sum_srvcs,MAD z-score >= 8 (extreme outlier),4620.0,,
1003870072,,providers_a,sum_srvcs,MAD z-score >= 8 (extreme outlier),5355.6,,
1023324746,,providers_a,sum_srvcs,MAD z-score >= 8 (extreme outlier),6095.0,,
1023075165,,providers_a,sum_srvcs,MAD z-score >= 8 (extreme outlier),11074.0,,
1033206735,,providers_a,sum_srvcs,MAD z-score >= 8 (extreme outlier),7308.0,,
1003986613,,providers_a,sum_srvcs,MAD z-score >= 8 (extreme outlier),5005.2,,
1033341821,,providers_a,sum_srvcs,MAD z-score >= 8 (extreme outlier),5192.0,,
1013233261,,providers_a,sum_srvcs,MAD z-score >= 8 (extreme outlier),29537.0,,
1003299066,,providers_a,sum_srvcs,MAD z-score >= 8 (extreme outlier),14098.8,,
1023660065,,providers_a,sum_srvcs,MAD z-score >= 8 (extreme outlier),22829.0,,
1003204850,,providers_a,sum_srvcs,MAD z-score >= 8 (extreme outlier),6544.0,,
1003388083,,providers_a,sum_srvcs,MAD z-score >= 8 (extreme outlier),5542.0,,
1043250145,,providers_a,sum_srvcs,MAD z-score >= 8 (extreme outlier),11295.0,,
1003884925,,providers_a,sum_srvcs,MAD z-score >= 8 (extreme outlier),5507.0,,
1003849035,,providers_a,sum_srvcs,MAD z-score >= 8 (extreme outlier),25491.0,,
1043228158,,providers_a,sum_srvcs,MAD z-score >= 8 (extreme outlier),4670.0,,
1003136565,,providers_a,sum_srvcs,MAD z-score >= 8 (extreme outlier),7780.0,,
1013154038,,providers_a,sum_srvcs,MAD z-score >= 8 (extreme outlier),12246.0,,
1033117106,,providers_a,sum_srvcs,MAD z-score >= 8 (extreme outlier),5641.0,,
1043269194,,providers_a,sum_srvcs,MAD z-score >= 8 (extreme outlier),25133.0,,
1043605108,,providers_a,sum_srvcs,MAD z-score >= 8 (extreme outlier),7108.0,,
1003363847,,providers_a,sum_srvcs,MAD z-score >= 8 (extreme outlier),7855.0,,
1043542731,,providers_a,sum_srvcs,MAD z-score >= 8 (extreme outlier),5670.0,,
1013965276,,providers_a,sum_srvcs,MAD z-score >= 8 (extreme outlier),35865.0,,
1013926427,,providers_a,sum_srvcs,MAD z-score >= 8 (extreme outlier),11285.0,,
1003911587,,providers_a,sum_srvcs,MAD z-score >= 8 (extreme outlier),6805.0,,
1003821810,,providers_a,sum_srvcs,MAD z-score >= 8 (extreme outlier),4603.0,,
1043407646,,providers_a,sum_srvcs,MAD z-score >= 8 (extreme outlier),23976.0,,
1003560624,,providers_a,sum_srvcs,MAD z-score >= 8 (extreme outlier),202475.0,,
1043264336,,providers_a,sum_srvcs,MAD z-score >= 8 (extreme outlier),12677.0,,
1033216148,,providers_a,sum_srvcs,MAD z-score >= 8 (extreme outlier),8184.0,,
1023112877,,providers_a,sum_srvcs,MAD z-score >= 8 (extreme outlier),6191.0,,
1033169339,,providers_a,sum_srvcs,MAD z-score >= 8 (extreme outlier),29662.0,,
1043244437,,providers_a,sum_srvcs,MAD z-score >= 8 (extreme outlier),26737.0,,
1003915463,,providers_a,sum_srvcs,MAD z-score >= 8 (extreme outlier),5923.0,,
1053349597,,providers_a,sum_srvcs,MAD z-score >= 8 (extreme outlier),35472.0,,
1033492483,,providers_a,sum_srvcs,MAD z-score >= 8 (extreme outlier),100146.0,,
1023221801,,providers_a,sum_srvcs,MAD z-score >= 8 (extreme outlier),10369.0,,
1033205182,,providers_a,sum_srvcs,MAD z-score >= 8 (extreme outlier),24384.5,,
1023056280,,providers_a,sum_srvcs,MAD z-score >= 8 (extreme outlier),88761.0,,
1043311517,,providers_a,sum_srvcs,MAD z-score >= 8 (extreme outlier),10421.0,,
1003020645,,providers_a,sum_srvcs,MAD z-score >= 8 (extreme outlier),6239.0,,
1023057783,,providers_a,sum_srvcs,MAD z-score >= 8 (extreme outlier),22769.0,,
1043241599,,providers_a,sum_srvcs,MAD z-score >= 8 (extreme outlier),9378.6,,
1053321539,,providers_a,sum_srvcs,MAD z-score >= 8 (extreme outlier),81634.0,,
1033106109,,providers_a,sum_srvcs,MAD z-score >= 8 (extreme outlier),8972.0,,
1043314198,,providers_a,sum_srvcs,MAD z-score >= 8 (extreme outlier),24180.0,,
1003870718,,providers_a,sum_srvcs,MAD z-score >= 8 (extreme outlier),12547.0,,
1003422270,,providers_a,sum_srvcs,MAD z-score >= 8 (extreme outlier),7690.0,,
1033524533,,providers_a,sum_srvcs,MAD z-score >= 8 (extreme outlier),6302.0,,
1013979780,,providers_a,sum_srvcs,MAD z-score >= 8 (extreme outlier),5258.0,,
1023017019,,providers_a,sum_srvcs,MAD z-score >= 8 (extreme outlier),8365.0,,
1013941012,,providers_a,sum_srvcs,MAD z-score >= 8 (extreme outlier),6304.0,,
1043207251,,providers_a,sum_srvcs,MAD z-score >= 8 (extreme outlier),104968.0,,
1003136987,,providers_a,sum_srvcs,MAD z-score >= 8 (extreme outlier),13091.0,,
1043383300,,providers_a,sum_srvcs,MAD z-score >= 8 (extreme outlier),5302.0,,
1023200888,,providers_a,sum_srvcs,MAD z-score >= 8 (extreme outlier),52985.0,,
1053301697,,providers_a,sum_srvcs,MAD z-score >= 8 (extreme outlier),6749.0,,
1003182106,,providers_a,sum_srvcs,MAD z-score >= 8 (extreme outlier),125008.0,,
1023683810,,providers_a,sum_srvcs,MAD z-score >= 8 (extreme outlier),6930.0,,
1043533748,,providers_a,sum_srvcs,MAD z-score >= 8 (extreme outlier),4975.0,,
1043213440,,providers_a,sum_srvcs,MAD z-score >= 8 (extreme outlier),7611.0,,
1003906751,,providers_a,sum_srvcs,MAD z-score >= 8 (extreme outlier),17406.0,,
1003940966,,providers_a,sum_srvcs,MAD z-score >= 8 (extreme outlier),4771.0,,
1033340419,,providers_a,sum_srvcs,MAD z-score >= 8 (extreme outlier),4775.0,,
1023557576,,providers_a,sum_srvcs,MAD z-score >= 8 (extreme outlier),6427.0,,
1023336732,,providers_a,sum_srvcs,MAD z-score >= 8 (extreme outlier),42442.0,,
1053302141,,providers_a,sum_srvcs,MAD z-score >= 8 (extreme outlier),7313.0,,
1043264252,,providers_a,sum_srvcs,MAD z-score >= 8 (extreme outlier),5796.0,,
1043322738,,providers_a,sum_srvcs,MAD z-score >= 8 (extreme outlier),14470.0,,
1023439627,,providers_a,sum_srvcs,MAD z-score >= 8 (extreme outlier),40245.0,,
1033387931,,providers_a,sum_srvcs,MAD z-score >= 8 (extreme outlier),5060.0,,
1013341742,,providers_a,sum_srvcs,MAD z-score >= 8 (extreme outlier),7234.0,,
1033116074,,providers_a,sum_srvcs,MAD z-score >= 8 (extreme outlier),240899.0,,
1003995648,,providers_a,sum_srvcs,MAD z-score >= 8 (extreme outlier),5113.0,,
1013931526,,providers_a,sum_srvcs,MAD z-score >= 8 (extreme outlier),96200.0,,
1053082123,,providers_a,sum_srvcs,MAD z-score >= 8 (extreme outlier),4853.0,,
1043541642,,providers_a,sum_srvcs,MAD z-score >= 8 (extreme outlier),4957.0,,
1003854365,,providers_a,sum_srvcs,MAD z-score >= 8 (extreme outlier),4977.0,,
1053303362,,providers_a,sum_srvcs,MAD z-score >= 8 (extreme outlier),6296.0,,
1053312116,,providers_a,sum_srvcs,MAD z-score >= 8 (extreme outlier),6706.0,,
1023338373,,providers_a,sum_srvcs,MAD z-score >= 8 (extreme outlier),5719.0,,
1023014305,,providers_a,sum_srvcs,MAD z-score >= 8 (extreme outlier),91928.0,,
1043282395,,providers_a,sum_srvcs,MAD z-score >= 8 (extreme outlier),6406.0,,
1033193255,,providers_a,sum_srvcs,MAD z-score >= 8 (extreme outlier),5225.0,,
1043695463,,providers_a,sum_srvcs,MAD z-score >= 8 (extreme outlier),5161.0,,
1003200304,,providers_a,sum_srvcs,MAD z-score >= 8 (extreme outlier),56801.0,,
1023454386,,providers_a,sum_srvcs,MAD z-score >= 8 (extreme outlier),10761.0,,
1033217054,,providers_a,sum_srvcs,MAD z-score >= 8 (extreme outlier),11536.0,,
1033137088,,providers_a,sum_srvcs,MAD z-score >= 8 (extreme outlier),16760.0,,
1023169661,,providers_a,sum_srvcs,MAD z-score >= 8 (extreme outlier),8006.0,,
1003864497,,providers_a,sum_srvcs,MAD z-score >= 8 (extreme outlier),7661.0,,
1033247259,,providers_a,sum_srvcs,MAD z-score >= 8 (extreme outlier),5373.0,,
1033217252,,providers_a,sum_srvcs,MAD z-score >= 8 (extreme outlier),9877.0,,
1033713466,,providers_a,sum_srvcs,MAD z-score >= 8 (extreme outlier),5636.0,,
1023072949,,providers_a,sum_srvcs,MAD z-score >= 8 (extreme outlier),4841.0,,
1033220744,,providers_a,sum_srvcs,MAD z-score >= 8 (extreme outlier),170086.0,,
1033469598,,providers_a,sum_srvcs,MAD z-score >= 8 (extreme outlier),4919.6,,
1003203910,,providers_a,sum_srvcs,MAD z-score >= 8 (extreme outlier),47561.0,,
1033214077,,providers_a,sum_srvcs,MAD z-score >= 8 (extreme outlier),12222.0,,
1003139361,,providers_a,sum_srvcs,MAD z-score >= 8 (extreme outlier),8122.3,,
1033318654,,providers_a,sum_srvcs,MAD z-score >= 8 (extreme outlier),6484.0,,
1043238413,,providers_a,sum_srvcs,MAD z-score >= 8 (extreme outlier),7771.0,,
1003864331,,providers_a,sum_srvcs,MAD z-score >= 8 (extreme outlier),9388.0,,
1033166418,,providers_a,sum_srvcs,MAD z-score >= 8 (extreme outlier),35113.0,,
1043268089,,providers_a,sum_srvcs,MAD z-score >= 8 (extreme outlier),5417.0,,
1003881442,,providers_a,sum_srvcs,MAD z-score >= 8 (extreme outlier),16217.0,,
1013184241,,providers_a,sum_srvcs,MAD z-score >= 8 (extreme outlier),5076.0,,
1033781836,,providers_a,sum_srvcs,MAD z-score >= 8 (extreme outlier),5921.0,,
1013983311,,providers_a,sum_srvcs,MAD z-score >= 8 (extreme outlier),6857.0,,
1043245665,,providers_a,sum_srvcs,MAD z-score >= 8 (extreme outlier),20708.0,,
1023001369,,providers_a,sum_srvcs,MAD z-score >= 8 (extreme outlier),10293.1,,
1043723026,,providers_a,sum_srvcs,MAD z-score >= 8 (extreme outlier),6620.0,,
1023037660,,providers_a,sum_srvcs,MAD z-score >= 8 (extreme outlier),5903.0,,
1023251949,,providers_a,sum_srvcs,MAD z-score >= 8 (extreme outlier),6273.0,,
1033198148,,providers_a,sum_srvcs,MAD z-score >= 8 (extreme outlier),10716.0,,
1013918408,,providers_a,sum_srvcs,MAD z-score >= 8 (extreme outlier),11912.5,,
1013498708,,providers_a,sum_srvcs,MAD z-score >= 8 (extreme outlier),5263.0,,
1043251465,,providers_a,sum_srvcs,MAD z-score >= 8 (extreme outlier),5885.0,,
1023093853,,providers_a,sum_srvcs,MAD z-score >= 8 (extreme outlier),5279.0,,
1013927425,,providers_a,sum_srvcs,MAD z-score >= 8 (extreme outlier),5245.0,,
1033147285,,providers_a,sum_srvcs,MAD z-score >= 8 (extreme outlier),4715.0,,
1013911940,,providers_a,sum_srvcs,MAD z-score >= 8 (extreme outlier),11094.8,,
1023066255,,providers_a,sum_srvcs,MAD z-score >= 8 (extreme outlier),5108.0,,
1023086717,,providers_a,sum_srvcs,MAD z-score >= 8 (extreme outlier),6465.0,,
1033439492,,providers_a,sum_srvcs,MAD z-score >= 8 (extreme outlier),6658.0,,
1033325022,,providers_a,sum_srvcs,MAD z-score >= 8 (extreme outlier),13238.0,,
1043387624,,providers_a,sum_srvcs,MAD z-score >= 8 (extreme outlier),12726.0,,
1033457304,,providers_a,sum_srvcs,MAD z-score >= 8 (extreme outlier),6952.0,,
1043232879,,providers_a,sum_srvcs,MAD z-score >= 8 (extreme outlier),10138.0,,
1043410871,,providers_a,sum_srvcs,MAD z-score >= 8 (extreme outlier),47398.0,,
1043302383,,providers_a,sum_srvcs,MAD z-score >= 8 (extreme outlier),9322.0,,
1013406453,,providers_a,sum_srvcs,MAD z-score >= 8 (extreme outlier),8813.0,,
1033602768,,providers_a,sum_srvcs,MAD z-score >= 8 (extreme outlier),8474.0,,
1033259114,,providers_a,sum_srvcs,MAD z-score >= 8 (extreme outlier),4863.0,,
1023031994,,providers_a,sum_srvcs,MAD z-score >= 8 (extreme outlier),5440.0,,
1013108463,,providers_a,sum_srvcs,MAD z-score >= 8 (extreme outlier),7360.0,,
1013275676,,providers_a,sum_srvcs,MAD z-score >= 8 (extreme outlier),15823.0,,
1033674767,,providers_a,sum_srvcs,MAD z-score >= 8 (extreme outlier),6161.0,,
1043578396,,providers_a,sum_srvcs,MAD z-score >= 8 (extreme outlier),6650.0,,
1023082203,,providers_a,sum_srvcs,MAD z-score >= 8 (extreme outlier),4658.0,,
1033321815,,providers_a,sum_srvcs,MAD z-score >= 8 (extreme outlier),53356.0,,
1013961275,,providers_a,sum_srvcs,MAD z-score >= 8 (extreme outlier),5457.0,,
1023015369,,providers_a,sum_srvcs,MAD z-score >= 8 (extreme outlier),4734.0,,
1003000134,,providers_a,sum_srvcs,MAD z-score >= 8 (extreme outlier),4774.0,,
1013181791,,providers_a,sum_srvcs,MAD z-score >= 8 (extreme outlier),4844.0,,
1013111509,,providers_a,sum_srvcs,MAD z-score >= 8 (extreme outlier),4902.0,,
1013000769,,providers_a,sum_srvcs,MAD z-score >= 8 (extreme outlier),17471.0,,
1023335726,,providers_a,sum_srvcs,MAD z-score >= 8 (extreme outlier),5435.0,,
1043824147,,providers_a,sum_srvcs,MAD z-score >= 8 (extreme outlier),5212.0,,
1013215854,,providers_a,sum_srvcs,MAD z-score >= 8 (extreme outlier),18767.0,,
1043216971,,providers_a,sum_srvcs,MAD z-score >= 8 (extreme outlier),9471.0,,
1023177961,,providers_a,sum_srvcs,MAD z-score >= 8 (extreme outlier),40612.1,,
1023126158,,providers_a,sum_srvcs,MAD z-score >= 8 (extreme outlier),11727.0,,
1003041757,,providers_a,sum_srvcs,MAD z-score >= 8 (extreme outlier),18187.0,,
1003836263,,providers_a,sum_srvcs,MAD z-score >= 8 (extreme outlier),12269.0,,
1013913540,,providers_a,sum_srvcs,MAD z-score >= 8 (extreme outlier),12243.0,,
1003810037,,providers_a,sum_srvcs,MAD z-score >= 8 (extreme outlier),12076.0,,
1043364466,,providers_a,sum_srvcs,MAD z-score >= 8 (extreme outlier),4868.0,,
1013008135,,providers_a,sum_srvcs,MAD z-score >= 8 (extreme outlier),11462.0,,
1003415613,,providers_a,sum_srvcs,MAD z-score >= 8 (extreme outlier),24859.0,,
1013303353,,providers_a,sum_srvcs,MAD z-score >= 8 (extreme outlier),5325.0,,
1023253200,,providers_a,sum_srvcs,MAD z-score >= 8 (extreme outlier),103272.0,,
1013913946,,providers_a,sum_srvcs,MAD z-score >= 8 (extreme outlier),5763.1,,
1003882432,,providers_a,sum_srvcs,MAD z-score >= 8 (extreme outlier),62645.0,,
1053310789,,providers_a,sum_srvcs,MAD z-score >= 8 (extreme outlier),9248.0,,
1043213606,,providers_a,sum_srvcs,MAD z-score >= 8 (extreme outlier),24607.0,,
1023394905,,providers_a,sum_srvcs,MAD z-score >= 8 (extreme outlier),6374.0,,
1013035492,,providers_a,sum_srvcs,MAD z-score >= 8 (extreme outlier),74681.0,,
1013921667,,providers_a,sum_srvcs,MAD z-score >= 8 (extreme outlier),35069.0,,
1033284179,,providers_a,sum_srvcs,MAD z-score >= 8 (extreme outlier),6968.0,,
1023130242,,providers_a,sum_srvcs,MAD z-score >= 8 (extreme outlier),5464.0,,
1023129244,,providers_a,sum_srvcs,MAD z-score >= 8 (extreme outlier),18637.0,,
1023080561,,providers_a,sum_srvcs,MAD z-score >= 8 (extreme outlier),7837.0,,
1053311936,,providers_a,sum_srvcs,MAD z-score >= 8 (extreme outlier),7536.0,,
1043376692,,providers_a,sum_srvcs,MAD z-score >= 8 (extreme outlier),11835.0,,
1033268925,,providers_a,sum_srvcs,MAD z-score >= 8 (extreme outlier),5402.0,,
1013999895,,providers_a,sum_srvcs,MAD z-score >= 8 (extreme outlier),61492.0,,
1013356559,,providers_a,sum_srvcs,MAD z-score >= 8 (extreme outlier),5608.0,,
1023282423,,providers_a,sum_srvcs,MAD z-score >= 8 (extreme outlier),5921.0,,
1023086899,,providers_a,sum_srvcs,MAD z-score >= 8 (extreme outlier),12699.0,,
1013301563,,providers_a,sum_srvcs,MAD z-score >= 8 (extreme outlier),105009.0,,
1013304179,,providers_a,sum_srvcs,MAD z-score >= 8 (extreme outlier),4815.0,,
1013910546,,providers_a,sum_srvcs,MAD z-score >= 8 (extreme outlier),7184.0,,
1033190103,,providers_a,sum_srvcs,MAD z-score >= 8 (extreme outlier),6639.0,,
1003902073,,providers_a,sum_srvcs,MAD z-score >= 8 (extreme outlier),5351.0,,
1033109228,,providers_a,sum_srvcs,MAD z-score >= 8 (extreme outlier),35483.0,,
1003896036,,providers_a,sum_srvcs,MAD z-score >= 8 (extreme outlier),7795.0,,
1003833633,,providers_a,sum_srvcs,MAD z-score >= 8 (extreme outlier),153682.0,,
1053305680,,providers_a,sum_srvcs,MAD z-score >= 8 (extreme outlier),7034.0,,
1053315416,,providers_a,sum_srvcs,MAD z-score >= 8 (extreme outlier),4782.0,,
1023776648,,providers_a,sum_srvcs,MAD z-score >= 8 (extreme outlier),7515.0,,
1043215148,,providers_a,sum_srvcs,MAD z-score >= 8 (extreme outlier),11759.0,,
1023158482,,providers_a,sum_srvcs,MAD z-score >= 8 (extreme outlier),9400.0,,
1013195452,,providers_a,sum_srvcs,MAD z-score >= 8 (extreme outlier),16546.0,,
1043469729,,providers_a,sum_srvcs,MAD z-score >= 8 (extreme outlier),4801.0,,
1023403318,,providers_a,sum_srvcs,MAD z-score >= 8 (extreme outlier),10410.0,,
1003072885,,providers_a,sum_srvcs,MAD z-score >= 8 (extreme outlier),5006.0,,
1043342447,,providers_a,sum_srvcs,MAD z-score >= 8 (extreme outlier),31665.0,,
1043630510,,providers_a,sum_srvcs,MAD z-score >= 8 (extreme outlier),15955.0,,
1013960715,,providers_a,sum_srvcs,MAD z-score >= 8 (extreme outlier),13065.9,,
1003847500,,providers_a,sum_srvcs,MAD z-score >= 8 (extreme outlier),15726.0,,
1043211360,,providers_a,sum_srvcs,MAD z-score >= 8 (extreme outlier),13816.0,,
1033641519,,providers_a,sum_srvcs,MAD z-score >= 8 (extreme outlier),7338.0,,
1013678333,,providers_a,sum_srvcs,MAD z-score >= 8 (extreme outlier),5018.0,,
1043211774,,providers_a,sum_srvcs,MAD z-score >= 8 (extreme outlier),5273.0,,
1033186531,,providers_a,sum_srvcs,MAD z-score >= 8 (extreme outlier),5530.0,,
1043200637,,providers_a,sum_srvcs,MAD z-score >= 8 (extreme outlier),6591.0,,
1003115536,,providers_a,sum_srvcs,MAD z-score >= 8 (extreme outlier),26724.0,,
1003369109,,providers_a,sum_srvcs,MAD z-score >= 8 (extreme outlier),19459.0,,
1023129269,,providers_a,sum_srvcs,MAD z-score >= 8 (extreme outlier),43364.0,,
1013246354,,providers_a,sum_srvcs,MAD z-score >= 8 (extreme outlier),9796.3,,
1013015528,,providers_a,sum_srvcs,MAD z-score >= 8 (extreme outlier),7077.0,,
1033161385,,providers_a,sum_srvcs,MAD z-score >= 8 (extreme outlier),4856.0,,
1023014347,,providers_a,sum_srvcs,MAD z-score >= 8 (extreme outlier),23873.0,,
1023507506,,providers_a,sum_srvcs,MAD z-score >= 8 (extreme outlier),6405.0,,
1013074632,,providers_a,sum_srvcs,MAD z-score >= 8 (extreme outlier),36088.0,,
1003851965,,providers_a,sum_srvcs,MAD z-score >= 8 (extreme outlier),9503.0,,
1023067329,,providers_a,sum_srvcs,MAD z-score >= 8 (extreme outlier),119895.0,,
1033186937,,providers_a,sum_srvcs,MAD z-score >= 8 (extreme outlier),6037.0,,
1003960212,,providers_a,sum_srvcs,MAD z-score >= 8 (extreme outlier),12417.8,,
1003161993,,providers_a,sum_srvcs,MAD z-score >= 8 (extreme outlier),7057.0,,
1003992074,,providers_a,sum_srvcs,MAD z-score >= 8 (extreme outlier),4776.0,,
1033228069,,providers_a,sum_srvcs,MAD z-score >= 8 (extreme outlier),7584.0,,
1043556491,,providers_a,sum_srvcs,MAD z-score >= 8 (extreme outlier),4813.0,,
1023066032,,providers_a,sum_srvcs,MAD z-score >= 8 (extreme outlier),6847.0,,
1023764974,,providers_a,sum_srvcs,MAD z-score >= 8 (extreme outlier),9212.0,,
1033365663,,providers_a,sum_srvcs,MAD z-score >= 8 (extreme outlier),17539.0,,
1023251659,,providers_a,sum_srvcs,MAD z-score >= 8 (extreme outlier),6702.0,,
1003868993,,providers_a,sum_srvcs,MAD z-score >= 8 (extreme outlier),629428.0,,
1013931716,,providers_a,sum_srvcs,MAD z-score >= 8 (extreme outlier),21637.0,,
1043260102,,providers_a,sum_srvcs,MAD z-score >= 8 (extreme outlier),9518.9,,
1033431846,,providers_a,sum_srvcs,MAD z-score >= 8 (extreme outlier),12049.0,,
1003868522,,providers_a,sum_srvcs,MAD z-score >= 8 (extreme outlier),19084.0,,
1003899766,,providers_a,sum_srvcs,MAD z-score >= 8 (extreme outlier),7793.0,,
1043441983,,providers_a,sum_srvcs,MAD z-score >= 8 (extreme outlier),329608.0,,
1003093147,,providers_a,sum_srvcs,MAD z-score >= 8 (extreme outlier),6483.0,,
1023204518,,providers_a,sum_srvcs,MAD z-score >= 8 (extreme outlier),6439.0,,
1033383351,,providers_a,sum_srvcs,MAD z-score >= 8 (extreme outlier),747498.0,,
1003058157,,providers_a,sum_srvcs,MAD z-score >= 8 (extreme outlier),58257.0,,
1043300510,,providers_a,sum_srvcs,MAD z-score >= 8 (extreme outlier),72214.0,,
1033170410,,providers_a,sum_srvcs,MAD z-score >= 8 (extreme outlier),17660.0,,
1003842535,,providers_a,sum_srvcs,MAD z-score >= 8 (extreme outlier),15836.0,,
1013425842,,providers_a,sum_srvcs,MAD z-score >= 8 (extreme outlier),5344.0,,
1003952318,,providers_a,sum_srvcs,MAD z-score >= 8 (extreme outlier),57586.0,,
1003569658,,providers_a,sum_srvcs,MAD z-score >= 8 (extreme outlier),66756.0,,
1003321662,,providers_a,sum_srvcs,MAD z-score >= 8 (extreme outlier),19461.2,,
1043531643,,providers_a,sum_srvcs,MAD z-score >= 8 (extreme outlier),17864.0,,
1033645486,,providers_a,sum_srvcs,MAD z-score >= 8 (extreme outlier),7288.0,,
1043255938,,providers_a,sum_srvcs,MAD z-score >= 8 (extreme outlier),4736.0,,
1003927989,,providers_a,sum_srvcs,MAD z-score >= 8 (extreme outlier),4771.0,,
1023042496,,providers_a,sum_srvcs,MAD z-score >= 8 (extreme outlier),67308.0,,
1003882879,,providers_a,sum_srvcs,MAD z-score >= 8 (extreme outlier),7227.0,,
1023099835,,providers_a,sum_srvcs,MAD z-score >= 8 (extreme outlier),8081.0,,
1033103122,,providers_a,sum_srvcs,MAD z-score >= 8 (extreme outlier),6828.0,,
1053318824,,providers_a,sum_srvcs,MAD z-score >= 8 (extreme outlier),11019.0,,
1043605975,,providers_a,sum_srvcs,MAD z-score >= 8 (extreme outlier),96628.0,,
1033189865,,providers_a,sum_srvcs,MAD z-score >= 8 (extreme outlier),7859.0,,
1023037850,,providers_a,sum_srvcs,MAD z-score >= 8 (extreme outlier),7576.0,,
1003827858,,providers_a,sum_srvcs,MAD z-score >= 8 (extreme outlier),4588.0,,
1023125655,,providers_a,sum_srvcs,MAD z-score >= 8 (extreme outlier),9479.0,,
1013687672,,providers_a,sum_srvcs,MAD z-score >= 8 (extreme outlier),4751.0,,
1013593417,,providers_a,sum_srvcs,MAD z-score >= 8 (extreme outlier),4732.8,,
1013015270,,providers_a,sum_srvcs,MAD z-score >= 8 (extreme outlier),9065.0,,
1013901164,,providers_a,sum_srvcs,MAD z-score >= 8 (extreme outlier),10441.0,,
1033183553,,providers_a,sum_srvcs,MAD z-score >= 8 (extreme outlier),9902.0,,
1003851213,,providers_a,sum_srvcs,MAD z-score >= 8 (extreme outlier),9702.0,,
1013988286,,providers_a,sum_srvcs,MAD z-score >= 8 (extreme outlier),6332.0,,
1033452321,,providers_a,sum_srvcs,MAD z-score >= 8 (extreme outlier),13809.0,,
1013466432,,providers_a,sum_srvcs,MAD z-score >= 8 (extreme outlier),7170.0,,
1043238587,,providers_a,sum_srvcs,MAD z-score >= 8 (extreme outlier),4802.0,,
1003826132,,providers_a,sum_srvcs,MAD z-score >= 8 (extreme outlier),5406.0,,
1043504681,,providers_a,sum_srvcs,MAD z-score >= 8 (extreme outlier),23616.0,,
1003098542,,providers_a,sum_srvcs,MAD z-score >= 8 (extreme outlier),6410.0,,
1023007242,,providers_a,sum_srvcs,MAD z-score >= 8 (extreme outlier),7193.0,,
1043571458,,providers_a,sum_srvcs,MAD z-score >= 8 (extreme outlier),6688.0,,
1013909217,,providers_a,sum_srvcs,MAD z-score >= 8 (extreme outlier),5097.0,,
1033349337,,providers_a,sum_srvcs,MAD z-score >= 8 (extreme outlier),17881.0,,
1013254903,,providers_a,sum_srvcs,MAD z-score >= 8 (extreme outlier),4789.0,,
1053341784,,providers_a,sum_srvcs,MAD z-score >= 8 (extreme outlier),162151.0,,
1033558143,,providers_a,sum_srvcs,MAD z-score >= 8 (extreme outlier),7703.0,,
1003870734,,providers_a,sum_srvcs,MAD z-score >= 8 (extreme outlier),13879.0,,
1013280890,,providers_a,sum_srvcs,MAD z-score >= 8 (extreme outlier),11710.0,,
1003810383,,providers_a,sum_srvcs,MAD z-score >= 8 (extreme outlier),32101.0,,
1003807645,,providers_a,sum_srvcs,MAD z-score >= 8 (extreme outlier),263459.0,,
1043392186,,providers_a,sum_srvcs,MAD z-score >= 8 (extreme outlier),12167.0,,
1033188800,,providers_a,sum_srvcs,MAD z-score >= 8 (extreme outlier),7927.0,,
1013974625,,providers_a,sum_srvcs,MAD z-score >= 8 (extreme outlier),5612.0,,
1003137944,,providers_a,sum_srvcs,MAD z-score >= 8 (extreme outlier),4854.0,,
1043642812,,providers_a,sum_srvcs,MAD z-score >= 8 (extreme outlier),6550.0,,
1023362787,,providers_a,sum_srvcs,MAD z-score >= 8 (extreme outlier),5384.0,,
1013923408,,providers_a,sum_srvcs,MAD z-score >= 8 (extreme outlier),4600.0,,
1033127014,,providers_a,sum_srvcs,MAD z-score >= 8 (extreme outlier),8126.8,,
1013997360,,providers_a,sum_srvcs,MAD z-score >= 8 (extreme outlier),5024.0,,
1023086501,,providers_a,sum_srvcs,MAD z-score >= 8 (extreme outlier),7885.0,,
1003885310,,providers_a,sum_srvcs,MAD z-score >= 8 (extreme outlier),7522.0,,
1023011657,,providers_a,sum_srvcs,MAD z-score >= 8 (extreme outlier),7798.5,,
1023221199,,providers_a,sum_srvcs,MAD z-score >= 8 (extreme outlier),21032.0,,
1033184007,,providers_a,sum_srvcs,MAD z-score >= 8 (extreme outlier),28510.0,,
1013038900,,providers_a,sum_srvcs,MAD z-score >= 8 (extreme outlier),5695.0,,
1043299985,,providers_a,sum_srvcs,MAD z-score >= 8 (extreme outlier),5513.0,,
1003826272,,providers_a,sum_srvcs,MAD z-score >= 8 (extreme outlier),66148.0,,
1043232564,,providers_a,sum_srvcs,MAD z-score >= 8 (extreme outlier),6819.0,,
1003517533,,providers_a,sum_srvcs,MAD z-score >= 8 (extreme outlier),32531.0,,
1033366877,,providers_a,sum_srvcs,MAD z-score >= 8 (extreme outlier),8726.0,,
1023652856,,providers_a,sum_srvcs,MAD z-score >= 8 (extreme outlier),5440.0,,
1013911874,,providers_a,sum_srvcs,MAD z-score >= 8 (extreme outlier),96206.0,,
1043523137,,providers_a,sum_srvcs,MAD z-score >= 8 (extreme outlier),6404.0,,
1003819103,,providers_a,sum_srvcs,MAD z-score >= 8 (extreme outlier),47338.3,,
1023260205,,providers_a,sum_srvcs,MAD z-score >= 8 (extreme outlier),9899.0,,
1023009289,,providers_a,sum_srvcs,MAD z-score >= 8 (extreme outlier),5125.0,,
1043650864,,providers_a,sum_srvcs,MAD z-score >= 8 (extreme outlier),9728.0,,
1013928688,,providers_a,sum_srvcs,MAD z-score >= 8 (extreme outlier),5244.0,,
1053343442,,providers_a,sum_srvcs,MAD z-score >= 8 (extreme outlier),39801.0,,
1023073376,,providers_a,sum_srvcs,MAD z-score >= 8 (extreme outlier),11527.0,,
1013997428,,providers_a,sum_srvcs,MAD z-score >= 8 (extreme outlier),24211.0,,
1043267958,,providers_a,sum_srvcs,MAD z-score >= 8 (extreme outlier),4690.0,,
1043259252,,providers_a,sum_srvcs,MAD z-score >= 8 (extreme outlier),30753.0,,
1003876673,,providers_a,sum_srvcs,MAD z-score >= 8 (extreme outlier),7380.0,,
1023072477,,providers_a,sum_srvcs,MAD z-score >= 8 (extreme outlier),8770.0,,
1033145487,,providers_a,sum_srvcs,MAD z-score >= 8 (extreme outlier),15760.0,,
1043264765,,providers_a,sum_srvcs,MAD z-score >= 8 (extreme outlier),5066.0,,
1043731540,,providers_a,sum_srvcs,MAD z-score >= 8 (extreme outlier),4653.0,,
1053350215,,providers_a,sum_srvcs,MAD z-score >= 8 (extreme outlier),26513.0,,
1003886011,,providers_a,sum_srvcs,MAD z-score >= 8 (extreme outlier),6766.0,,
1033218482,,providers_a,sum_srvcs,MAD z-score >= 8 (extreme outlier),9444.0,,
1043208184,,providers_a,sum_srvcs,MAD z-score >= 8 (extreme outlier),5610.0,,
1033260492,,providers_a,sum_srvcs,MAD z-score >= 8 (extreme outlier),7899.0,,
1033206370,,providers_a,sum_srvcs,MAD z-score >= 8 (extreme outlier),5254.0,,
1033178330,,providers_a,sum_srvcs,MAD z-score >= 8 (extreme outlier),5678.0,,
1033103296,,providers_a,sum_srvcs,MAD z-score >= 8 (extreme outlier),7608.0,,
1023440005,,providers_a,sum_srvcs,MAD z-score >= 8 (extreme outlier),5159.0,,
1033521513,,providers_a,sum_srvcs,MAD z-score >= 8 (extreme outlier),10300.0,,
1033501671,,providers_a,sum_srvcs,MAD z-score >= 8 (extreme outlier),5376.0,,
1023212214,,providers_a,sum_srvcs,MAD z-score >= 8 (extreme outlier),4897.0,,
1013295922,,providers_a,sum_srvcs,MAD z-score >= 8 (extreme outlier),119307.0,,
1003018342,,providers_a,sum_srvcs,MAD z-score >= 8 (extreme outlier),4679.0,,
1023157500,,providers_a,sum_srvcs,MAD z-score >= 8 (extreme outlier),13289.0,,
1003829375,,providers_a,sum_srvcs,MAD z-score >= 8 (extreme outlier),223136.8,,
1003055401,,providers_a,sum_srvcs,MAD z-score >= 8 (extreme outlier),26442.0,,
1003873019,,providers_a,sum_srvcs,MAD z-score >= 8 (extreme outlier),164130.0,,
1043432669,,providers_a,sum_srvcs,MAD z-score >= 8 (extreme outlier),4716.0,,
1003915778,,providers_a,sum_srvcs,MAD z-score >= 8 (extreme outlier),19078.0,,
1013245885,,providers_a,sum_srvcs,MAD z-score >= 8 (extreme outlier),29045.0,,
1043577794,,providers_a,sum_srvcs,MAD z-score >= 8 (extreme outlier),22505.0,,
1043279102,,providers_a,sum_srvcs,MAD z-score >= 8 (extreme outlier),5528.0,,
1033402151,,providers_a,sum_srvcs,MAD z-score >= 8 (extreme outlier),4928.0,,
1003921891,,providers_a,sum_srvcs,MAD z-score >= 8 (extreme outlier),5270.0,,
1003066325,,providers_a,sum_srvcs,MAD z-score >= 8 (extreme outlier),4997.0,,
1013085810,,providers_a,sum_srvcs,MAD z-score >= 8 (extreme outlier),7752.0,,
1043323199,,providers_a,sum_srvcs,MAD z-score >= 8 (extreme outlier),8760.5,,
1013005990,,providers_a,sum_srvcs,MAD z-score >= 8 (extreme outlier),9542.0,,
1033378880,,providers_a,sum_srvcs,MAD z-score >= 8 (extreme outlier),5379.0,,
1033372792,,providers_a,sum_srvcs,MAD z-score >= 8 (extreme outlier),9028.0,,
1003895020,,providers_a,sum_srvcs,MAD z-score >= 8 (extreme outlier),290070.0,,
1023055720,,providers_a,sum_srvcs,MAD z-score >= 8 (extreme outlier),5047.0,,
1043316300,,providers_a,sum_srvcs,MAD z-score >= 8 (extreme outlier),14070.0,,
1053306498,,providers_a,sum_srvcs,MAD z-score >= 8 (extreme outlier),7529.0,,
1043206014,,providers_a,sum_srvcs,MAD z-score >= 8 (extreme outlier),4923.4,,
1013006972,,providers_a,sum_srvcs,MAD z-score >= 8 (extreme outlier),8140.0,,
1013170695,,providers_a,sum_srvcs,MAD z-score >= 8 (extreme outlier),6632.0,,
1013117449,,providers_a,sum_srvcs,MAD z-score >= 8 (extreme outlier),12370.0,,
1023088002,,providers_a,sum_srvcs,MAD z-score >= 8 (extreme outlier),7848.0,,
1013182898,,providers_a,sum_srvcs,MAD z-score >= 8 (extreme outlier),6465.0,,
1043222755,,providers_a,sum_srvcs,MAD z-score >= 8 (extreme outlier),7729.0,,
1023012911,,providers_a,sum_srvcs,MAD z-score >= 8 (extreme outlier),4791.0,,
1033113386,,providers_a,sum_srvcs,MAD z-score >= 8 (extreme outlier),4589.0,,
1033213392,,providers_a,sum_srvcs,MAD z-score >= 8 (extreme outlier),5447.0,,
1023405164,,providers_a,sum_srvcs,MAD z-score >= 8 (extreme outlier),7506.0,,
1043221351,,providers_a,sum_srvcs,MAD z-score >= 8 (extreme outlier),6233.0,,
1043501828,,providers_a,sum_srvcs,MAD z-score >= 8 (extreme outlier),5798.0,,
1023187614,,providers_a,sum_srvcs,MAD z-score >= 8 (extreme outlier),5080.0,,
1053350298,,providers_a,sum_srvcs,MAD z-score >= 8 (extreme outlier),5049.0,,
1013096700,,providers_a,sum_srvcs,MAD z-score >= 8 (extreme outlier),6747.0,,
1033104435,,providers_a,sum_srvcs,MAD z-score >= 8 (extreme outlier),17808.0,,
1043281710,,providers_a,sum_srvcs,MAD z-score >= 8 (extreme outlier),6413.0,,
1033176524,,providers_a,sum_srvcs,MAD z-score >= 8 (extreme outlier),5194.0,,
1043296783,,providers_a,sum_srvcs,MAD z-score >= 8 (extreme outlier),11644.0,,
1003397464,,providers_a,sum_srvcs,MAD z-score >= 8 (extreme outlier),8725.0,,
1003875212,,providers_a,sum_srvcs,MAD z-score >= 8 (extreme outlier),15410.0,,
1043258890,,providers_a,sum_srvcs,MAD z-score >= 8 (extreme outlier),6530.0,,
1043282841,,providers_a,sum_srvcs,MAD z-score >= 8 (extreme outlier),98448.0,,
1043246606,,providers_a,sum_srvcs,MAD z-score >= 8 (extreme outlier),5784.0,,
1003816331,,providers_a,sum_srvcs,MAD z-score >= 8 (extreme outlier),23844.0,,
1003843202,,providers_a,sum_srvcs,MAD z-score >= 8 (extreme outlier),7547.0,,
1033435474,,providers_a,sum_srvcs,MAD z-score >= 8 (extreme outlier),4704.0,,
1023391166,,providers_a,sum_srvcs,MAD z-score >= 8 (extreme outlier),7882.0,,
1023535127,,providers_a,sum_srvcs,MAD z-score >= 8 (extreme outlier),5976.0,,
1043279433,,providers_a,sum_srvcs,MAD z-score >= 8 (extreme outlier),15661.0,,
1023018157,,providers_a,sum_srvcs,MAD z-score >= 8 (extreme outlier),8991.0,,
1023666062,,providers_a,sum_srvcs,MAD z-score >= 8 (extreme outlier),5754.0,,
1023621224,,providers_a,sum_srvcs,MAD z-score >= 8 (extreme outlier),5216.0,,
1003851627,,providers_a,sum_srvcs,MAD z-score >= 8 (extreme outlier),5654.0,,
1013234830,,providers_a,sum_srvcs,MAD z-score >= 8 (extreme outlier),10237.0,,
1033458526,,providers_a,sum_srvcs,MAD z-score >= 8 (extreme outlier),4670.0,,
1023057148,,providers_a,sum_srvcs,MAD z-score >= 8 (extreme outlier),29111.0,,
1023576048,,providers_a,sum_srvcs,MAD z-score >= 8 (extreme outlier),5639.0,,
1013162452,,providers_a,sum_srvcs,MAD z-score >= 8 (extreme outlier),7097.0,,
1013177641,,providers_a,sum_srvcs,MAD z-score >= 8 (extreme outlier),10570.0,,
1013008754,,providers_a,sum_srvcs,MAD z-score >= 8 (extreme outlier),5919.0,,
1003290867,,providers_a,sum_srvcs,MAD z-score >= 8 (extreme outlier),5942.0,,
1023678240,,providers_a,sum_srvcs,MAD z-score >= 8 (extreme outlier),790695.0,,
1023040318,,providers_a,sum_srvcs,MAD z-score >= 8 (extreme outlier),4856.0,,
1033189246,,providers_a,sum_srvcs,MAD z-score >= 8 (extreme outlier),117632.0,,
1033706569,,providers_a,sum_srvcs,MAD z-score >= 8 (extreme outlier),4818.0,,
1013125764,,providers_a,sum_srvcs,MAD z-score >= 8 (extreme outlier),45762.0,,
1033598776,,providers_a,sum_srvcs,MAD z-score >= 8 (extreme outlier),19730.0,,
1033101761,,providers_a,sum_srvcs,MAD z-score >= 8 (extreme outlier),6278.0,,
1043660970,,providers_a,sum_srvcs,MAD z-score >= 8 (extreme outlier),5627.0,,
1013024728,,providers_a,sum_srvcs,MAD z-score >= 8 (extreme outlier),15213.0,,
1023464054,,providers_a,sum_srvcs,MAD z-score >= 8 (extreme outlier),31583.0,,
1023001781,,providers_a,sum_srvcs,MAD z-score >= 8 (extreme outlier),6854.0,,
1033571930,,providers_a,sum_srvcs,MAD z-score >= 8 (extreme outlier),5473.0,,
1033475827,,providers_a,sum_srvcs,MAD z-score >= 8 (extreme outlier),25346.0,,
1003843913,,providers_a,sum_srvcs,MAD z-score >= 8 (extreme outlier),6594.0,,
1043206451,,providers_a,sum_srvcs,MAD z-score >= 8 (extreme outlier),5887.0,,
1003525551,,providers_a,sum_srvcs,MAD z-score >= 8 (extreme outlier),5879.0,,
1003895103,,providers_a,sum_srvcs,MAD z-score >= 8 (extreme outlier),15113.0,,
1033341581,,providers_a,sum_srvcs,MAD z-score >= 8 (extreme outlier),5423.0,,
1043648058,,providers_a,sum_srvcs,MAD z-score >= 8 (extreme outlier),6229.0,,
1043228083,,providers_a,sum_srvcs,MAD z-score >= 8 (extreme outlier),13406.0,,
1033296504,,providers_a,sum_srvcs,MAD z-score >= 8 (extreme outlier),5662.0,,
1003884073,,providers_a,sum_srvcs,MAD z-score >= 8 (extreme outlier),8872.0,,
1003924093,,providers_a,sum_srvcs,MAD z-score >= 8 (extreme outlier),10085.0,,
1023319746,,providers_a,sum_srvcs,MAD z-score >= 8 (extreme outlier),5784.0,,
1003819996,,providers_a,sum_srvcs,MAD z-score >= 8 (extreme outlier),5748.0,,
1013956176,,providers_a,sum_srvcs,MAD z-score >= 8 (extreme outlier),7892.0,,
1013213917,,providers_a,sum_srvcs,MAD z-score >= 8 (extreme outlier),5649.0,,
1003171778,,providers_a,sum_srvcs,MAD z-score >= 8 (extreme outlier),76846.0,,
1013294941,,providers_a,sum_srvcs,MAD z-score >= 8 (extreme outlier),10849.0,,
1003073958,,providers_a,sum_srvcs,MAD z-score >= 8 (extreme outlier),18435.0,,
1033351820,,providers_a,sum_srvcs,MAD z-score >= 8 (extreme outlier),6837.5,,
1003889759,,providers_a,sum_srvcs,MAD z-score >= 8 (extreme outlier),15396.0,,
1003813460,,providers_a,sum_srvcs,MAD z-score >= 8 (extreme outlier),17735.0,,
1043208366,,providers_a,sum_srvcs,MAD z-score >= 8 (extreme outlier),5292.0,,
1013367325,,providers_a,sum_srvcs,MAD z-score >= 8 (extreme outlier),17542.0,,
1043748957,,providers_a,sum_srvcs,MAD z-score >= 8 (extreme outlier),5899.0,,
1053340737,,providers_a,sum_srvcs,MAD z-score >= 8 (extreme outlier),5885.4,,
1023064177,,providers_a,sum_srvcs,MAD z-score >= 8 (extreme outlier),50634.0,,
1033345657,,providers_a,sum_srvcs,MAD z-score >= 8 (extreme outlier),6019.0,,
1003939497,,providers_a,sum_srvcs,MAD z-score >= 8 (extreme outlier),8356.0,,
1033300215,,providers_a,sum_srvcs,MAD z-score >= 8 (extreme outlier),17700.0,,
1013962547,,providers_a,sum_srvcs,MAD z-score >= 8 (extreme outlier),6075.0,,
1043459951,,providers_a,sum_srvcs,MAD z-score >= 8 (extreme outlier),9980.0,,
1013960905,,providers_a,sum_srvcs,MAD z-score >= 8 (extreme outlier),14882.0,,
1043255219,,providers_a,sum_srvcs,MAD z-score >= 8 (extreme outlier),13665.0,,
1003831553,,providers_a,sum_srvcs,MAD z-score >= 8 (extreme outlier),9515.0,,
1033155148,,providers_a,sum_srvcs,MAD z-score >= 8 (extreme outlier),16794.3,,
1043507965,,providers_a,sum_srvcs,MAD z-score >= 8 (extreme outlier),10121.0,,
1013395961,,providers_a,sum_srvcs,MAD z-score >= 8 (extreme outlier),6402.0,,
1033508817,,providers_a,sum_srvcs,MAD z-score >= 8 (extreme outlier),5029.0,,
1023077732,,providers_a,sum_srvcs,MAD z-score >= 8 (extreme outlier),6663.0,,
1053326579,,providers_a,sum_srvcs,MAD z-score >= 8 (extreme outlier),6201.0,,
1023319704,,providers_a,sum_srvcs,MAD z-score >= 8 (extreme outlier),10233.0,,
1043404940,,providers_a,sum_srvcs,MAD z-score >= 8 (extreme outlier),5696.0,,
1013910231,,providers_a,sum_srvcs,MAD z-score >= 8 (extreme outlier),4928.0,,
1053314146,,providers_a,sum_srvcs,MAD z-score >= 8 (extreme outlier),539363.0,,
1023054533,,providers_a,sum_srvcs,MAD z-score >= 8 (extreme outlier),4681.0,,
1013516269,,providers_a,sum_srvcs,MAD z-score >= 8 (extreme outlier),19284.0,,
1003828823,,providers_a,sum_srvcs,MAD z-score >= 8 (extreme outlier),64917.0,,
1053343632,,providers_a,sum_srvcs,MAD z-score >= 8 (extreme outlier),8746.0,,
1003113010,,providers_a,sum_srvcs,MAD z-score >= 8 (extreme outlier),26940.0,,
1033458930,,providers_a,sum_srvcs,MAD z-score >= 8 (extreme outlier),8851.0,,
1023128626,,providers_a,sum_srvcs,MAD z-score >= 8 (extreme outlier),5100.0,,
1033348495,,providers_a,sum_srvcs,MAD z-score >= 8 (extreme outlier),22810.0,,
1043206303,,providers_a,sum_srvcs,MAD z-score >= 8 (extreme outlier),121945.0,,
1023104247,,providers_a,sum_srvcs,MAD z-score >= 8 (extreme outlier),5309.0,,
1013201938,,providers_a,sum_srvcs,MAD z-score >= 8 (extreme outlier),7094.0,,
1003887019,,providers_a,sum_srvcs,MAD z-score >= 8 (extreme outlier),7471.0,,
1043200470,,providers_a,sum_srvcs,MAD z-score >= 8 (extreme outlier),22391.0,,
1013015593,,providers_a,sum_srvcs,MAD z-score >= 8 (extreme outlier),5956.0,,
1053350678,,providers_a,sum_srvcs,MAD z-score >= 8 (extreme outlier),9462.0,,
1043253347,,providers_a,sum_srvcs,MAD z-score >= 8 (extreme outlier),5412.0,,
1013079649,,providers_a,sum_srvcs,MAD z-score >= 8 (extreme outlier),5289.0,,
1013989037,,providers_a,sum_srvcs,MAD z-score >= 8 (extreme outlier),45979.0,,
1023490018,,providers_a,sum_srvcs,MAD z-score >= 8 (extreme outlier),5457.0,,
1053306183,,providers_a,sum_srvcs,MAD z-score >= 8 (extreme outlier),5339.0,,
1013910595,,providers_a,sum_srvcs,MAD z-score >= 8 (extreme outlier),4979.0,,
1033100920,,providers_a,sum_srvcs,MAD z-score >= 8 (extreme outlier),4636.0,,
1043553431,,providers_a,sum_srvcs,MAD z-score >= 8 (extreme outlier),9596.0,,
1003986845,,providers_a,sum_srvcs,MAD z-score >= 8 (extreme outlier),40556.0,,
1043461064,,providers_a,sum_srvcs,MAD z-score >= 8 (extreme outlier),5493.0,,
1043602931,,providers_a,sum_srvcs,MAD z-score >= 8 (extreme outlier),6827.0,,
1023257383,,providers_a,sum_srvcs,MAD z-score >= 8 (extreme outlier),8704.0,,
1043488661,,providers_a,sum_srvcs,MAD z-score >= 8 (extreme outlier),15212.0,,
1033538996,,providers_a,sum_srvcs,MAD z-score >= 8 (extreme outlier),13613.0,,
1023138401,,providers_a,sum_srvcs,MAD z-score >= 8 (extreme outlier),4937.0,,
1043261969,,providers_a,sum_srvcs,MAD z-score >= 8 (extreme outlier),6504.0,,
1003036237,,providers_a,sum_srvcs,MAD z-score >= 8 (extreme outlier),12406.0,,
1043335482,,providers_a,sum_srvcs,MAD z-score >= 8 (extreme outlier),27322.0,,
1033165865,,providers_a,sum_srvcs,MAD z-score >= 8 (extreme outlier),8072.0,,
1033197181,,providers_a,sum_srvcs,MAD z-score >= 8 (extreme outlier),6882.0,,
1003888462,,providers_a,sum_srvcs,MAD z-score >= 8 (extreme outlier),8377.0,,
1003868977,,providers_a,sum_srvcs,MAD z-score >= 8 (extreme outlier),7808.0,,
1043203771,,providers_a,sum_srvcs,MAD z-score >= 8 (extreme outlier),4727.0,,
1043297260,,providers_a,sum_srvcs,MAD z-score >= 8 (extreme outlier),7667.0,,
1043507205,,providers_a,sum_srvcs,MAD z-score >= 8 (extreme outlier),6192.0,,
1023252350,,providers_a,sum_srvcs,MAD z-score >= 8 (extreme outlier),6690.0,,
1013083062,,providers_a,sum_srvcs,MAD z-score >= 8 (extreme outlier),5470.0,,
1033184205,,providers_a,sum_srvcs,MAD z-score >= 8 (extreme outlier),4671.0,,
1013952589,,providers_a,sum_srvcs,MAD z-score >= 8 (extreme outlier),35021.3,,
1003236688,,providers_a,sum_srvcs,MAD z-score >= 8 (extreme outlier),4577.0,,
1023006855,,providers_a,sum_srvcs,MAD z-score >= 8 (extreme outlier),17687.0,,
1023113792,,providers_a,sum_srvcs,MAD z-score >= 8 (extreme outlier),125313.0,,
1013911668,,providers_a,sum_srvcs,MAD z-score >= 8 (extreme outlier),334377.0,,
1043858160,,providers_a,sum_srvcs,MAD z-score >= 8 (extreme outlier),7354.0,,
1013107648,,providers_a,sum_srvcs,MAD z-score >= 8 (extreme outlier),5338.0,,
1023167905,,providers_a,sum_srvcs,MAD z-score >= 8 (extreme outlier),34896.0,,
1003064833,,providers_a,sum_srvcs,MAD z-score >= 8 (extreme outlier),7059.0,,
1003089871,,providers_a,sum_srvcs,MAD z-score >= 8 (extreme outlier),4647.0,,
1043314065,,providers_a,sum_srvcs,MAD z-score >= 8 (extreme outlier),37330.0,,
1033351689,,providers_a,sum_srvcs,MAD z-score >= 8 (extreme outlier),19467.0,,
1053318998,,providers_a,sum_srvcs,MAD z-score >= 8 (extreme outlier),8946.3,,
1023091444,,providers_a,sum_srvcs,MAD z-score >= 8 (extreme outlier),5463.0,,
1003805805,,providers_a,sum_srvcs,MAD z-score >= 8 (extreme outlier),9042.0,,
1053321950,,providers_a,sum_srvcs,MAD z-score >= 8 (extreme outlier),6944.0,,
1013900190,,providers_a,sum_srvcs,MAD z-score >= 8 (extreme outlier),8326.0,,
1033264528,,providers_a,sum_srvcs,MAD z-score >= 8 (extreme outlier),5048.0,,
1023115979,,providers_a,sum_srvcs,MAD z-score >= 8 (extreme outlier),4590.0,,
1053346783,,providers_a,sum_srvcs,MAD z-score >= 8 (extreme outlier),6756.0,,
1023538956,,providers_a,sum_srvcs,MAD z-score >= 8 (extreme outlier),7087.0,,
1043440944,,providers_a,sum_srvcs,MAD z-score >= 8 (extreme outlier),216209.0,,
1003139395,,providers_a,sum_srvcs,MAD z-score >= 8 (extreme outlier),12393.0,,
1013950542,,providers_a,sum_srvcs,MAD z-score >= 8 (extreme outlier),9175.0,,
1013995646,,providers_a,sum_srvcs,MAD z-score >= 8 (extreme outlier),64125.0,,
1003919531,,providers_a,sum_srvcs,MAD z-score >= 8 (extreme outlier),32636.0,,
1033741863,,providers_a,sum_srvcs,MAD z-score >= 8 (extreme outlier),4760.0,,
1013128016,,providers_a,sum_srvcs,MAD z-score >= 8 (extreme outlier),9889.0,,
1033479282,,providers_a,sum_srvcs,MAD z-score >= 8 (extreme outlier),9428.0,,
1013910942,,providers_a,sum_srvcs,MAD z-score >= 8 (extreme outlier),24947.0,,
1013361229,,providers_a,sum_srvcs,MAD z-score >= 8 (extreme outlier),5484.1,,
1043509680,,providers_a,sum_srvcs,MAD z-score >= 8 (extreme outlier),8337.0,,
1043664899,,providers_a,sum_srvcs,MAD z-score >= 8 (extreme outlier),19813.0,,
1003349242,,providers_a,sum_srvcs,MAD z-score >= 8 (extreme outlier),5695.0,,
1043577091,,providers_a,sum_srvcs,MAD z-score >= 8 (extreme outlier),6360.0,,
1003133612,,providers_a,sum_srvcs,MAD z-score >= 8 (extreme outlier),12665.0,,
1043985393,,providers_a,sum_srvcs,MAD z-score >= 8 (extreme outlier),7421.0,,
1013367929,,providers_a,sum_srvcs,MAD z-score >= 8 (extreme outlier),5313.0,,
1023050895,,providers_a,sum_srvcs,MAD z-score >= 8 (extreme outlier),8503.0,,
1003891052,,providers_a,sum_srvcs,MAD z-score >= 8 (extreme outlier),4585.0,,
1023001377,,providers_a,sum_srvcs,MAD z-score >= 8 (extreme outlier),11281.0,,
1003865726,,providers_a,sum_srvcs,MAD z-score >= 8 (extreme outlier),16502.0,,
1033289913,,providers_a,sum_srvcs,MAD z-score >= 8 (extreme outlier),7379.3,,
1013910033,,providers_a,sum_srvcs,MAD z-score >= 8 (extreme outlier),9421.0,,
1023063062,,providers_a,sum_srvcs,MAD z-score >= 8 (extreme outlier),5099.0,,
1053304469,,providers_a,sum_srvcs,MAD z-score >= 8 (extreme outlier),12704.0,,
1023031234,,providers_a,sum_srvcs,MAD z-score >= 8 (extreme outlier),8031.0,,
1003965096,,providers_a,sum_srvcs,MAD z-score >= 8 (extreme outlier),5003.0,,
1023074036,,providers_a,sum_srvcs,MAD z-score >= 8 (extreme outlier),6779.0,,
1003804204,,providers_a,sum_srvcs,MAD z-score >= 8 (extreme outlier),47062.0,,
1023306867,,providers_a,sum_srvcs,MAD z-score >= 8 (extreme outlier),6783.0,,
1033406525,,providers_a,sum_srvcs,MAD z-score >= 8 (extreme outlier),50074.0,,
1043316755,,providers_a,sum_srvcs,MAD z-score >= 8 (extreme outlier),11717.0,,
1033680681,,providers_a,sum_srvcs,MAD z-score >= 8 (extreme outlier),11312.0,,
1003986399,,providers_a,sum_srvcs,MAD z-score >= 8 (extreme outlier),8463.0,,
1033395165,,providers_a,sum_srvcs,MAD z-score >= 8 (extreme outlier),9306.0,,
1023278306,,providers_a,sum_srvcs,MAD z-score >= 8 (extreme outlier),49926.0,,
1043232432,,providers_a,sum_srvcs,MAD z-score >= 8 (extreme outlier),10914.0,,
1013086420,,providers_a,sum_srvcs,MAD z-score >= 8 (extreme outlier),86974.0,,
1013113224,,providers_a,sum_srvcs,MAD z-score >= 8 (extreme outlier),8833.0,,
1003866898,,providers_a,sum_srvcs,MAD z-score >= 8 (extreme outlier),5174.0,,
1013098300,,providers_a,sum_srvcs,MAD z-score >= 8 (extreme outlier),53240.9,,
1033250428,,providers_a,sum_srvcs,MAD z-score >= 8 (extreme outlier),13492.0,,
1013329648,,providers_a,sum_srvcs,MAD z-score >= 8 (extreme outlier),7549.0,,
1033759709,,providers_a,sum_srvcs,MAD z-score >= 8 (extreme outlier),5685.0,,
1003259086,,providers_a,sum_srvcs,MAD z-score >= 8 (extreme outlier),5084.0,,
1023549748,,providers_a,sum_srvcs,MAD z-score >= 8 (extreme outlier),5041.0,,
1013336833,,providers_a,sum_srvcs,MAD z-score >= 8 (extreme outlier),4996.0,,
1043422819,,providers_a,sum_srvcs,MAD z-score >= 8 (extreme outlier),14403.0,,
1043755754,,providers_a,sum_srvcs,MAD z-score >= 8 (extreme outlier),7795.0,,
1023341740,,providers_a,sum_srvcs,MAD z-score >= 8 (extreme outlier),8243.0,,
1023003563,,providers_a,sum_srvcs,MAD z-score >= 8 (extreme outlier),6124.0,,
1003899857,,providers_a,sum_srvcs,MAD z-score >= 8 (extreme outlier),5921.0,,
1003901554,,providers_a,sum_srvcs,MAD z-score >= 8 (extreme outlier),18717.0,,
1013960210,,providers_a,sum_srvcs,MAD z-score >= 8 (extreme outlier),6474.0,,
1033221031,,providers_a,sum_srvcs,MAD z-score >= 8 (extreme outlier),13151.0,,
1043452659,,providers_a,sum_srvcs,MAD z-score >= 8 (extreme outlier),17469.0,,
1003896077,,providers_a,sum_srvcs,MAD z-score >= 8 (extreme outlier),5171.6,,
1053076893,,providers_a,sum_srvcs,MAD z-score >= 8 (extreme outlier),6390.0,,
1053324079,,providers_a,sum_srvcs,MAD z-score >= 8 (extreme outlier),5155.0,,
1013041615,,providers_a,sum_srvcs,MAD z-score >= 8 (extreme outlier),10752.8,,
1013969245,,providers_a,sum_srvcs,MAD z-score >= 8 (extreme outlier),8861.0,,
1043202930,,providers_a,sum_srvcs,MAD z-score >= 8 (extreme outlier),7446.0,,
1013909332,,providers_a,sum_srvcs,MAD z-score >= 8 (extreme outlier),208837.0,,
1023151644,,providers_a,sum_srvcs,MAD z-score >= 8 (extreme outlier),12142.0,,
1023469186,,providers_a,sum_srvcs,MAD z-score >= 8 (extreme outlier),5680.0,,
1003279142,,providers_a,sum_srvcs,MAD z-score >= 8 (extreme outlier),6384.0,,
1013922988,,providers_a,sum_srvcs,MAD z-score >= 8 (extreme outlier),4577.0,,
1003369968,,providers_a,sum_srvcs,MAD z-score >= 8 (extreme outlier),291994.0,,
1043325715,,providers_a,sum_srvcs,MAD z-score >= 8 (extreme outlier),15627.0,,
1023125796,,providers_a,sum_srvcs,MAD z-score >= 8 (extreme outlier),5566.0,,
1033316823,,providers_a,sum_srvcs,MAD z-score >= 8 (extreme outlier),5104.0,,
1043264690,,providers_a,sum_srvcs,MAD z-score >= 8 (extreme outlier),4968.0,,
1043393580,,providers_a,sum_srvcs,MAD z-score >= 8 (extreme outlier),9388.0,,
1013902352,,providers_a,sum_srvcs,MAD z-score >= 8 (extreme outlier),19692.0,,
1023320306,,providers_a,sum_srvcs,MAD z-score >= 8 (extreme outlier),18266.0,,
1003122268,,providers_a,sum_srvcs,MAD z-score >= 8 (extreme outlier),5877.0,,
1013919760,,providers_a,sum_srvcs,MAD z-score >= 8 (extreme outlier),33481.0,,
1043299746,,providers_a,sum_srvcs,MAD z-score >= 8 (extreme outlier),13155.0,,
1013517788,,providers_a,sum_srvcs,MAD z-score >= 8 (extreme outlier),5161.0,,
1023030459,,providers_a,sum_srvcs,MAD z-score >= 8 (extreme outlier),9351.0,,
1003800095,,providers_a,sum_srvcs,MAD z-score >= 8 (extreme outlier),5904.0,,
1003870973,,providers_a,sum_srvcs,MAD z-score >= 8 (extreme outlier),22824.0,,
1033171467,,providers_a,sum_srvcs,MAD z-score >= 8 (extreme outlier),11659.0,,
1013944032,,providers_a,sum_srvcs,MAD z-score >= 8 (extreme outlier),5534.0,,
1033297536,,providers_a,sum_srvcs,MAD z-score >= 8 (extreme outlier),4984.0,,
1023375649,,providers_a,sum_srvcs,MAD z-score >= 8 (extreme outlier),96523.0,,
1003819673,,providers_a,sum_srvcs,MAD z-score >= 8 (extreme outlier),7317.0,,
1003400664,,providers_a,sum_srvcs,MAD z-score >= 8 (extreme outlier),13117.0,,
1043517683,,providers_a,sum_srvcs,MAD z-score >= 8 (extreme outlier),79130.0,,
1003864380,,providers_a,sum_srvcs,MAD z-score >= 8 (extreme outlier),30068.0,,
1013091453,,providers_a,sum_srvcs,MAD z-score >= 8 (extreme outlier),5294.0,,
1003259532,,providers_a,sum_srvcs,MAD z-score >= 8 (extreme outlier),6895.0,,
1013987924,,providers_a,sum_srvcs,MAD z-score >= 8 (extreme outlier),126692.0,,
1013017656,,providers_a,sum_srvcs,MAD z-score >= 8 (extreme outlier),7694.0,,
1033403852,,providers_a,sum_srvcs,MAD z-score >= 8 (extreme outlier),4841.0,,
1023473436,,providers_a,sum_srvcs,MAD z-score >= 8 (extreme outlier),6241.0,,
1043421282,,providers_a,sum_srvcs,MAD z-score >= 8 (extreme outlier),9140.0,,
1043415144,,providers_a,sum_srvcs,MAD z-score >= 8 (extreme outlier),15371.0,,
1003834409,,providers_a,sum_srvcs,MAD z-score >= 8 (extreme outlier),29433.0,,
1013974450,,providers_a,sum_srvcs,MAD z-score >= 8 (extreme outlier),5982.0,,
1043219124,,providers_a,sum_srvcs,MAD z-score >= 8 (extreme outlier),6005.0,,
1013940501,,providers_a,sum_srvcs,MAD z-score >= 8 (extreme outlier),7179.0,,
1013122753,,providers_a,sum_srvcs,MAD z-score >= 8 (extreme outlier),8433.0,,
1003016916,,providers_a,sum_srvcs,MAD z-score >= 8 (extreme outlier),30165.0,,
1023119195,,providers_a,sum_srvcs,MAD z-score >= 8 (extreme outlier),88432.0,,
1013054386,,providers_a,sum_srvcs,MAD z-score >= 8 (extreme outlier),10065.0,,
1013920362,,providers_a,sum_srvcs,MAD z-score >= 8 (extreme outlier),5105.0,,
1043650302,,providers_a,sum_srvcs,MAD z-score >= 8 (extreme outlier),5490.0,,
1033302625,,providers_a,sum_srvcs,MAD z-score >= 8 (extreme outlier),14728.0,,
1003893868,,providers_a,sum_srvcs,MAD z-score >= 8 (extreme outlier),6304.0,,
1043326937,,providers_a,sum_srvcs,MAD z-score >= 8 (extreme outlier),5325.0,,
1023205697,,providers_a,sum_srvcs,MAD z-score >= 8 (extreme outlier),76084.0,,
1013681600,,providers_a,sum_srvcs,MAD z-score >= 8 (extreme outlier),5047.0,,
1003874850,,providers_a,sum_srvcs,MAD z-score >= 8 (extreme outlier),4862.0,,
1033110788,,providers_a,sum_srvcs,MAD z-score >= 8 (extreme outlier),6234.0,,
1033557418,,providers_a,sum_srvcs,MAD z-score >= 8 (extreme outlier),17139.5,,
1033191226,,providers_a,sum_srvcs,MAD z-score >= 8 (extreme outlier),6939.0,,
1013060284,,providers_a,sum_srvcs,MAD z-score >= 8 (extreme outlier),5249.0,,
1023217890,,providers_a,sum_srvcs,MAD z-score >= 8 (extreme outlier),7814.0,,
1023453008,,providers_a,sum_srvcs,MAD z-score >= 8 (extreme outlier),30163.0,,
1023018074,,providers_a,sum_srvcs,MAD z-score >= 8 (extreme outlier),6122.0,,
1053336974,,providers_a,sum_srvcs,MAD z-score >= 8 (extreme outlier),22035.0,,
1023467495,,providers_a,sum_srvcs,MAD z-score >= 8 (extreme outlier),11002.0,,
1023579505,,providers_a,sum_srvcs,MAD z-score >= 8 (extreme outlier),4740.0,,
1003845504,,providers_a,sum_srvcs,MAD z-score >= 8 (extreme outlier),5835.0,,
1033255708,,providers_a,sum_srvcs,MAD z-score >= 8 (extreme outlier),17828.0,,
1043831241,,providers_a,sum_srvcs,MAD z-score >= 8 (extreme outlier),13919.3,,
1003077256,,providers_a,sum_srvcs,MAD z-score >= 8 (extreme outlier),11140.0,,
1013152594,,providers_a,sum_srvcs,MAD z-score >= 8 (extreme outlier),67405.0,,
1013203462,,providers_a,sum_srvcs,MAD z-score >= 8 (extreme outlier),9360.0,,
1023565538,,providers_a,sum_srvcs,MAD z-score >= 8 (extreme outlier),5486.0,,
1053336263,,providers_a,sum_srvcs,MAD z-score >= 8 (extreme outlier),15268.0,,
1043247232,,providers_a,sum_srvcs,MAD z-score >= 8 (extreme outlier),6689.0,,
1043344435,,providers_a,sum_srvcs,MAD z-score >= 8 (extreme outlier),10241.0,,
1043257728,,providers_a,sum_srvcs,MAD z-score >= 8 (extreme outlier),31675.0,,
1043274293,,providers_a,sum_srvcs,MAD z-score >= 8 (extreme outlier),12370.0,,
1003997560,,providers_a,sum_srvcs,MAD z-score >= 8 (extreme outlier),6133.0,,
1003478181,,providers_a,sum_srvcs,MAD z-score >= 8 (extreme outlier),10018.0,,
1023112927,,providers_a,sum_srvcs,MAD z-score >= 8 (extreme outlier),5632.0,,
1013927235,,providers_a,sum_srvcs,MAD z-score >= 8 (extreme outlier),14644.0,,
1033291562,,providers_a,sum_srvcs,MAD z-score >= 8 (extreme outlier),144868.0,,
1053346858,,providers_a,sum_srvcs,MAD z-score >= 8 (extreme outlier),5054.0,,
1003866823,,providers_a,sum_srvcs,MAD z-score >= 8 (extreme outlier),7672.0,,
1013649961,,providers_a,sum_srvcs,MAD z-score >= 8 (extreme outlier),33240.0,,
1023038908,,providers_a,sum_srvcs,MAD z-score >= 8 (extreme outlier),4989.0,,
1043810971,,providers_a,sum_srvcs,MAD z-score >= 8 (extreme outlier),4866.0,,
1023770831,,providers_a,sum_srvcs,MAD z-score >= 8 (extreme outlier),22281.0,,
1023053279,,providers_a,sum_srvcs,MAD z-score >= 8 (extreme outlier),9723.0,,
1023001500,,providers_a,sum_srvcs,MAD z-score >= 8 (extreme outlier),7570.0,,
1023109139,,providers_a,sum_srvcs,MAD z-score >= 8 (extreme outlier),9638.0,,
1003303462,,providers_a,sum_srvcs,MAD z-score >= 8 (extreme outlier),5110.0,,
1043515034,,providers_a,sum_srvcs,MAD z-score >= 8 (extreme outlier),7661.0,,
1013177419,,providers_a,sum_srvcs,MAD z-score >= 8 (extreme outlier),12677.0,,
1013276187,,providers_a,sum_srvcs,MAD z-score >= 8 (extreme outlier),6362.0,,
1033372586,,providers_a,sum_srvcs,MAD z-score >= 8 (extreme outlier),6948.0,,
1023096781,,providers_a,sum_srvcs,MAD z-score >= 8 (extreme outlier),6075.0,,
1043290372,,providers_a,sum_srvcs,MAD z-score >= 8 (extreme outlier),5265.0,,
1033192034,,providers_a,sum_srvcs,MAD z-score >= 8 (extreme outlier),5302.0,,
1003918558,,providers_a,sum_srvcs,MAD z-score >= 8 (extreme outlier),8257.0,,
1003952151,,providers_a,sum_srvcs,MAD z-score >= 8 (extreme outlier),24847.0,,
1043276140,,providers_a,sum_srvcs,MAD z-score >= 8 (extreme outlier),14299.0,,
1023276730,,providers_a,sum_srvcs,MAD z-score >= 8 (extreme outlier),4757.0,,
1003288838,,providers_a,sum_srvcs,MAD z-score >= 8 (extreme outlier),6417.0,,
1053307355,,providers_a,sum_srvcs,MAD z-score >= 8 (extreme outlier),5979.0,,
1003816018,,providers_a,sum_srvcs,MAD z-score >= 8 (extreme outlier),57206.0,,
1013981364,,providers_a,sum_srvcs,MAD z-score >= 8 (extreme outlier),9990.0,,
1033400718,,providers_a,sum_srvcs,MAD z-score >= 8 (extreme outlier),4606.0,,
1043316656,,providers_a,sum_srvcs,MAD z-score >= 8 (extreme outlier),6664.0,,
1013994649,,providers_a,sum_srvcs,MAD z-score >= 8 (extreme outlier),10965.0,,
1043982002,,providers_a,sum_srvcs,MAD z-score >= 8 (extreme outlier),8702.0,,
1043276439,,providers_a,sum_srvcs,MAD z-score >= 8 (extreme outlier),10516.0,,
1013919976,,providers_a,sum_srvcs,MAD z-score >= 8 (extreme outlier),6174.0,,
1033230560,,providers_a,sum_srvcs,MAD z-score >= 8 (extreme outlier),5873.0,,
1033280904,,providers_a,sum_srvcs,MAD z-score >= 8 (extreme outlier),8161.1,,
1013040450,,providers_a,sum_srvcs,MAD z-score >= 8 (extreme outlier),66566.0,,
1003875980,,providers_a,sum_srvcs,MAD z-score >= 8 (extreme outlier),15563.0,,
1003300708,,providers_a,sum_srvcs,MAD z-score >= 8 (extreme outlier),6285.0,,
1003879974,,providers_a,sum_srvcs,MAD z-score >= 8 (extreme outlier),9143.0,,
1003058546,,providers_a,sum_srvcs,MAD z-score >= 8 (extreme outlier),59542.0,,
1033170725,,providers_a,sum_srvcs,MAD z-score >= 8 (extreme outlier),4885.0,,
1003909565,,providers_a,sum_srvcs,MAD z-score >= 8 (extreme outlier),42911.0,,
1043267354,,providers_a,sum_srvcs,MAD z-score >= 8 (extreme outlier),176147.0,,
1043274152,,providers_a,sum_srvcs,MAD z-score >= 8 (extreme outlier),83681.0,,
1043258247,,providers_a,sum_srvcs,MAD z-score >= 8 (extreme outlier),63232.0,,
1003064999,,providers_a,sum_srvcs,MAD z-score >= 8 (extreme outlier),9291.0,,
1023123353,,providers_a,sum_srvcs,MAD z-score >= 8 (extreme outlier),91361.0,,
1003031212,,providers_a,sum_srvcs,MAD z-score >= 8 (extreme outlier),259482.0,,
1023636008,,providers_a,sum_srvcs,MAD z-score >= 8 (extreme outlier),12342.0,,
1013924091,,providers_a,sum_srvcs,MAD z-score >= 8 (extreme outlier),6117.0,,
1013154186,,providers_a,sum_srvcs,MAD z-score >= 8 (extreme outlier),5136.0,,
1033357876,,providers_a,sum_srvcs,MAD z-score >= 8 (extreme outlier),7944.0,,
1033174560,,providers_a,sum_srvcs,MAD z-score >= 8 (extreme outlier),39436.0,,
1023332079,,providers_a,sum_srvcs,MAD z-score >= 8 (extreme outlier),5820.0,,
1033373980,,providers_a,sum_srvcs,MAD z-score >= 8 (extreme outlier),11210.0,,
1043257611,,providers_a,sum_srvcs,MAD z-score >= 8 (extreme outlier),9432.0,,
1033273628,,providers_a,sum_srvcs,MAD z-score >= 8 (extreme outlier),7784.0,,
1013145820,,providers_a,sum_srvcs,MAD z-score >= 8 (extreme outlier),4977.0,,
1013450808,,providers_a,sum_srvcs,MAD z-score >= 8 (extreme outlier),5923.0,,
1003529777,,providers_a,sum_srvcs,MAD z-score >= 8 (extreme outlier),7143.0,,
1003093600,,providers_a,sum_srvcs,MAD z-score >= 8 (extreme outlier),4893.0,,
1023055118,,providers_a,sum_srvcs,MAD z-score >= 8 (extreme outlier),18785.1,,
1003098047,,providers_a,sum_srvcs,MAD z-score >= 8 (extreme outlier),21460.3,,
1003900457,,providers_a,sum_srvcs,MAD z-score >= 8 (extreme outlier),7446.0,,
1023452893,,providers_a,sum_srvcs,MAD z-score >= 8 (extreme outlier),24833.0,,
1013965649,,providers_a,sum_srvcs,MAD z-score >= 8 (extreme outlier),5956.0,,
1023002664,,providers_a,sum_srvcs,MAD z-score >= 8 (extreme outlier),5324.0,,
1023227691,,providers_a,sum_srvcs,MAD z-score >= 8 (extreme outlier),10628.0,,
1033879697,,providers_a,sum_srvcs,MAD z-score >= 8 (extreme outlier),5486.0,,
1023134566,,providers_a,sum_srvcs,MAD z-score >= 8 (extreme outlier),12929.0,,
1013179266,,providers_a,sum_srvcs,MAD z-score >= 8 (extreme outlier),4754.0,,
1043507544,,providers_a,sum_srvcs,MAD z-score >= 8 (extreme outlier),5215.0,,
1043285117,,providers_a,sum_srvcs,MAD z-score >= 8 (extreme outlier),5303.0,,
1023271459,,providers_a,sum_srvcs,MAD z-score >= 8 (extreme outlier),8110.0,,
1033180112,,providers_a,sum_srvcs,MAD z-score >= 8 (extreme outlier),9198.0,,
1023158128,,providers_a,sum_srvcs,MAD z-score >= 8 (extreme outlier),26351.0,,
1023009701,,providers_a,sum_srvcs,MAD z-score >= 8 (extreme outlier),10031.0,,
1043297989,,providers_a,sum_srvcs,MAD z-score >= 8 (extreme outlier),5057.0,,
1043706310,,providers_a,sum_srvcs,MAD z-score >= 8 (extreme outlier),5728.0,,
1033472022,,providers_a,sum_srvcs,MAD z-score >= 8 (extreme outlier),10419.0,,
1013322858,,providers_a,sum_srvcs,MAD z-score >= 8 (extreme outlier),5368.0,,
1043429152,,providers_a,sum_srvcs,MAD z-score >= 8 (extreme outlier),20573.0,,
1023033107,,providers_a,sum_srvcs,MAD z-score >= 8 (extreme outlier),10205.0,,
1023442795,,providers_a,sum_srvcs,MAD z-score >= 8 (extreme outlier),8786.0,,
1033139977,,providers_a,sum_srvcs,MAD z-score >= 8 (extreme outlier),8009.4,,
1023303096,,providers_a,sum_srvcs,MAD z-score >= 8 (extreme outlier),52827.0,,
1023257672,,providers_a,sum_srvcs,MAD z-score >= 8 (extreme outlier),7653.0,,
1033281126,,providers_a,sum_srvcs,MAD z-score >= 8 (extreme outlier),80342.0,,
1013331404,,providers_a,sum_srvcs,MAD z-score >= 8 (extreme outlier),4908.0,,
1043593841,,providers_a,sum_srvcs,MAD z-score >= 8 (extreme outlier),7712.0,,
1023122249,,providers_a,sum_srvcs,MAD z-score >= 8 (extreme outlier),7653.0,,
1043491970,,providers_a,sum_srvcs,MAD z-score >= 8 (extreme outlier),9837.0,,
1033107685,,providers_a,sum_srvcs,MAD z-score >= 8 (extreme outlier),5295.0,,
1013010800,,providers_a,sum_srvcs,MAD z-score >= 8 (extreme outlier),5307.3,,
1013961259,,providers_a,sum_srvcs,MAD z-score >= 8 (extreme outlier),11458.6,,
1033101647,,providers_a,sum_srvcs,MAD z-score >= 8 (extreme outlier),7875.0,,
1003876756,,providers_a,sum_srvcs,MAD z-score >= 8 (extreme outlier),5161.0,,
1043656432,,providers_a,sum_srvcs,MAD z-score >= 8 (extreme outlier),10200.0,,
1013978329,,providers_a,sum_srvcs,MAD z-score >= 8 (extreme outlier),23176.0,,
1003800632,,providers_a,sum_srvcs,MAD z-score >= 8 (extreme outlier),12549.0,,
1023683307,,providers_a,sum_srvcs,MAD z-score >= 8 (extreme outlier),9272.0,,
1023242195,,providers_a,sum_srvcs,MAD z-score >= 8 (extreme outlier),7378.0,,
1003855883,,providers_a,sum_srvcs,MAD z-score >= 8 (extreme outlier),50375.0,,
1023218278,,providers_a,sum_srvcs,MAD z-score >= 8 (extreme outlier),6676.0,,
1033114459,,providers_a,sum_srvcs,MAD z-score >= 8 (extreme outlier),36262.0,,
1043299548,,providers_a,sum_srvcs,MAD z-score >= 8 (extreme outlier),7304.5,,
1013097831,,providers_a,sum_srvcs,MAD z-score >= 8 (extreme outlier),18910.0,,
1003996844,,providers_a,sum_srvcs,MAD z-score >= 8 (extreme outlier),46692.0,,
1003921404,,providers_a,sum_srvcs,MAD z-score >= 8 (extreme outlier),64236.0,,
1023017571,,providers_a,sum_srvcs,MAD z-score >= 8 (extreme outlier),7742.0,,
1023016169,,providers_a,sum_srvcs,MAD z-score >= 8 (extreme outlier),9595.0,,
1043279631,,providers_a,sum_srvcs,MAD z-score >= 8 (extreme outlier),5434.0,,
1023269537,,providers_a,sum_srvcs,MAD z-score >= 8 (extreme outlier),6762.0,,
1043977564,,providers_a,sum_srvcs,MAD z-score >= 8 (extreme outlier),7668.0,,
1043274590,,providers_a,sum_srvcs,MAD z-score >= 8 (extreme outlier),5877.0,,
1033138144,,providers_a,sum_srvcs,MAD z-score >= 8 (extreme outlier),11543.0,,
1043374028,,providers_a,sum_srvcs,MAD z-score >= 8 (extreme outlier),8155.0,,
1033436670,,providers_a,sum_srvcs,MAD z-score >= 8 (extreme outlier),4705.0,,
1023438397,,providers_a,sum_srvcs,MAD z-score >= 8 (extreme outlier),136152.0,,
1013150481,,providers_a,sum_srvcs,MAD z-score >= 8 (extreme outlier),39973.0,,
1003811787,,providers_a,sum_srvcs,MAD z-score >= 8 (extreme outlier),6574.0,,
1043409873,,providers_a,sum_srvcs,MAD z-score >= 8 (extreme outlier),17293.0,,
1043219876,,providers_a,sum_srvcs,MAD z-score >= 8 (extreme outlier),7313.0,,
1033253430,,providers_a,sum_srvcs,MAD z-score >= 8 (extreme outlier),5944.0,,
1003079773,,providers_a,sum_srvcs,MAD z-score >= 8 (extreme outlier),6498.0,,
1043674161,,providers_a,sum_srvcs,MAD z-score >= 8 (extreme outlier),37035.0,,
1023282142,,providers_a,sum_srvcs,MAD z-score >= 8 (extreme outlier),15255.0,,
1023094786,,providers_a,sum_srvcs,MAD z-score >= 8 (extreme outlier),5693.0,,
1043964588,,providers_a,sum_srvcs,MAD z-score >= 8 (extreme outlier),158557.0,,
1003923814,,providers_a,sum_srvcs,MAD z-score >= 8 (extreme outlier),41764.0,,
1003973165,,providers_a,sum_srvcs,MAD z-score >= 8 (extreme outlier),8042.0,,
1023035466,,providers_a,sum_srvcs,MAD z-score >= 8 (extreme outlier),22037.0,,
1023432127,,providers_a,sum_srvcs,MAD z-score >= 8 (extreme outlier),6386.0,,
1023067121,,providers_a,sum_srvcs,MAD z-score >= 8 (extreme outlier),5200.0,,
1023467214,,providers_a,sum_srvcs,MAD z-score >= 8 (extreme outlier),5013.0,,
1033635206,,providers_a,sum_srvcs,MAD z-score >= 8 (extreme outlier),6292.0,,
1043780158,,providers_a,sum_srvcs,MAD z-score >= 8 (extreme outlier),6032.3,,
1003256819,,providers_a,sum_srvcs,MAD z-score >= 8 (extreme outlier),9730.0,,
1043200207,,providers_a,sum_srvcs,MAD z-score >= 8 (extreme outlier),9550.0,,
1043370604,,providers_a,sum_srvcs,MAD z-score >= 8 (extreme outlier),5465.0,,
1053320317,,providers_a,sum_srvcs,MAD z-score >= 8 (extreme outlier),5984.5,,
1003817651,,providers_a,sum_srvcs,MAD z-score >= 8 (extreme outlier),7947.0,,
1003067513,,providers_a,sum_srvcs,MAD z-score >= 8 (extreme outlier),23595.0,,
1013659929,,providers_a,sum_srvcs,MAD z-score >= 8 (extreme outlier),5538.4,,
1023060902,,providers_a,sum_srvcs,MAD z-score >= 8 (extreme outlier),14021.0,,
1033572870,,providers_a,sum_srvcs,MAD z-score >= 8 (extreme outlier),23597.0,,
1033309307,,providers_a,sum_srvcs,MAD z-score >= 8 (extreme outlier),5820.0,,
1033524640,,providers_a,sum_srvcs,MAD z-score >= 8 (extreme outlier),8528.0,,
1003109075,,providers_a,sum_srvcs,MAD z-score >= 8 (extreme outlier),20627.0,,
1043449788,,providers_a,sum_srvcs,MAD z-score >= 8 (extreme outlier),15199.0,,
1043653942,,providers_a,sum_srvcs,MAD z-score >= 8 (extreme outlier),7131.0,,
1023096443,,providers_a,sum_srvcs,MAD z-score >= 8 (extreme outlier),106614.0,,
1033787312,,providers_a,sum_srvcs,MAD z-score >= 8 (extreme outlier),24110.0,,
1003315201,,providers_a,sum_srvcs,MAD z-score >= 8 (extreme outlier),5649.0,,
1033821251,,providers_a,sum_srvcs,MAD z-score >= 8 (extreme outlier),8879.0,,
1013427533,,providers_a,sum_srvcs,MAD z-score >= 8 (extreme outlier),4854.0,,
1023087368,,providers_a,sum_srvcs,MAD z-score >= 8 (extreme outlier),7560.0,,
1043388481,,providers_a,sum_srvcs,MAD z-score >= 8 (extreme outlier),4798.0,,
1003805060,,providers_a,sum_srvcs,MAD z-score >= 8 (extreme outlier),13314.0,,
1053348482,,providers_a,sum_srvcs,MAD z-score >= 8 (extreme outlier),4717.0,,
1033259320,,providers_a,sum_srvcs,MAD z-score >= 8 (extreme outlier),5742.0,,
1023097136,,providers_a,sum_srvcs,MAD z-score >= 8 (extreme outlier),5236.0,,
1003900622,,providers_a,sum_srvcs,MAD z-score >= 8 (extreme outlier),7318.0,,
1013177344,,providers_a,sum_srvcs,MAD z-score >= 8 (extreme outlier),17354.0,,
1003249319,,providers_a,sum_srvcs,MAD z-score >= 8 (extreme outlier),6534.0,,
1043326176,,providers_a,sum_srvcs,MAD z-score >= 8 (extreme outlier),5571.0,,
1013024488,,providers_a,sum_srvcs,MAD z-score >= 8 (extreme outlier),25275.0,,
1003252297,,providers_a,sum_srvcs,MAD z-score >= 8 (extreme outlier),15843.0,,
1033266838,,providers_a,sum_srvcs,MAD z-score >= 8 (extreme outlier),6077.0,,
1043799810,,providers_a,sum_srvcs,MAD z-score >= 8 (extreme outlier),5416.0,,
1013008333,,providers_a,sum_srvcs,MAD z-score >= 8 (extreme outlier),34046.0,,
1003848540,,providers_a,sum_srvcs,MAD z-score >= 8 (extreme outlier),180912.0,,
1013985977,,providers_a,sum_srvcs,MAD z-score >= 8 (extreme outlier),4655.0,,
1043484355,,providers_a,sum_srvcs,MAD z-score >= 8 (extreme outlier),5677.0,,
1053323626,,providers_a,sum_srvcs,MAD z-score >= 8 (extreme outlier),5361.0,,
1033158886,,providers_a,sum_srvcs,MAD z-score >= 8 (extreme outlier),8848.0,,
1023105921,,providers_a,sum_srvcs,MAD z-score >= 8 (extreme outlier),4574.0,,
1033376595,,providers_a,sum_srvcs,MAD z-score >= 8 (extreme outlier),4955.0,,
1053311068,,providers_a,sum_srvcs,MAD z-score >= 8 (extreme outlier),28376.0,,
1003806043,,providers_a,sum_srvcs,MAD z-score >= 8 (extreme outlier),8852.0,,
1013394691,,providers_a,sum_srvcs,MAD z-score >= 8 (extreme outlier),35824.0,,
1043294291,,providers_a,sum_srvcs,MAD z-score >= 8 (extreme outlier),5575.0,,
1043382302,,providers_a,sum_srvcs,MAD z-score >= 8 (extreme outlier),3428505.0,,
1013969898,,providers_a,sum_srvcs,MAD z-score >= 8 (extreme outlier),16496.0,,
1003846817,,providers_a,sum_srvcs,MAD z-score >= 8 (extreme outlier),12992.0,,
1013554922,,providers_a,sum_srvcs,MAD z-score >= 8 (extreme outlier),19395.0,,
1033293196,,providers_a,sum_srvcs,MAD z-score >= 8 (extreme outlier),27796.0,,
1013910736,,providers_a,sum_srvcs,MAD z-score >= 8 (extreme outlier),6958.0,,
1033168976,,providers_a,sum_srvcs,MAD z-score >= 8 (extreme outlier),100976.6,,
1023054624,,providers_a,sum_srvcs,MAD z-score >= 8 (extreme outlier),5267.0,,
1003975897,,providers_a,sum_srvcs,MAD z-score >= 8 (extreme outlier),15128.0,,
1013957133,,providers_a,sum_srvcs,MAD z-score >= 8 (extreme outlier),11889.0,,
1033189105,,providers_a,sum_srvcs,MAD z-score >= 8 (extreme outlier),5481.0,,
1003863036,,providers_a,sum_srvcs,MAD z-score >= 8 (extreme outlier),7803.0,,
1033280862,,providers_a,sum_srvcs,MAD z-score >= 8 (extreme outlier),22507.0,,
1023124328,,providers_a,sum_srvcs,MAD z-score >= 8 (extreme outlier),10886.0,,
1013079516,,providers_a,sum_srvcs,MAD z-score >= 8 (extreme outlier),4920.0,,
1023001559,,providers_a,sum_srvcs,MAD z-score >= 8 (extreme outlier),5096.0,,
1003064577,,providers_a,sum_srvcs,MAD z-score >= 8 (extreme outlier),5051.0,,
1043271737,,providers_a,sum_srvcs,MAD z-score >= 8 (extreme outlier),12006.0,,
1003265620,,providers_a,sum_srvcs,MAD z-score >= 8 (extreme outlier),10173.0,,
1033298138,,providers_a,sum_srvcs,MAD z-score >= 8 (extreme outlier),5320.0,,
1043304165,,providers_a,sum_srvcs,MAD z-score >= 8 (extreme outlier),4600.0,,
1003853250,,providers_a,sum_srvcs,MAD z-score >= 8 (extreme outlier),250090.0,,
1043964638,,providers_a,sum_srvcs,MAD z-score >= 8 (extreme outlier),5665.0,,
1043362551,,providers_a,sum_srvcs,MAD z-score >= 8 (extreme outlier),6246.0,,
1033554589,,providers_a,sum_srvcs,MAD z-score >= 8 (extreme outlier),6000.0,,
1003093774,,providers_a,sum_srvcs,MAD z-score >= 8 (extreme outlier),4651.0,,
1003808122,,providers_a,sum_srvcs,MAD z-score >= 8 (extreme outlier),5614.0,,
1003816836,,providers_a,sum_srvcs,MAD z-score >= 8 (extreme outlier),10330.0,,
1033118336,,providers_a,sum_srvcs,MAD z-score >= 8 (extreme outlier),12640.0,,
1033167465,,providers_a,sum_srvcs,MAD z-score >= 8 (extreme outlier),90567.0,,
1043236664,,providers_a,sum_srvcs,MAD z-score >= 8 (extreme outlier),38957.0,,
1023338720,,providers_a,sum_srvcs,MAD z-score >= 8 (extreme outlier),8578.0,,
1013233097,,providers_a,sum_srvcs,MAD z-score >= 8 (extreme outlier),5292.0,,
1043442650,,providers_a,sum_srvcs,MAD z-score >= 8 (extreme outlier),8758.0,,
1043218936,,providers_a,sum_srvcs,MAD z-score >= 8 (extreme outlier),4648.0,,
1003108549,,providers_a,sum_srvcs,MAD z-score >= 8 (extreme outlier),8979.0,,
1013676998,,providers_a,sum_srvcs,MAD z-score >= 8 (extreme outlier),4652.9,,
1043778806,,providers_a,sum_srvcs,MAD z-score >= 8 (extreme outlier),5126.0,,
1013942713,,providers_a,sum_srvcs,MAD z-score >= 8 (extreme outlier),10205.0,,
1003258120,,providers_a,sum_srvcs,MAD z-score >= 8 (extreme outlier),9814.0,,
1003560442,,providers_a,sum_srvcs,MAD z-score >= 8 (extreme outlier),5269.0,,
1023013497,,providers_a,sum_srvcs,MAD z-score >= 8 (extreme outlier),77221.0,,
1003861576,,providers_a,sum_srvcs,MAD z-score >= 8 (extreme outlier),38232.0,,
1023437696,,providers_a,sum_srvcs,MAD z-score >= 8 (extreme outlier),21605.0,,
1043239965,,providers_a,sum_srvcs,MAD z-score >= 8 (extreme outlier),6302.0,,
1003006115,,providers_a,sum_srvcs,MAD z-score >= 8 (extreme outlier),4766.0,,
1043261548,,providers_a,sum_srvcs,MAD z-score >= 8 (extreme outlier),11657.0,,
1013181916,,providers_a,sum_srvcs,MAD z-score >= 8 (extreme outlier),7199.0,,
1003896879,,providers_a,sum_srvcs,MAD z-score >= 8 (extreme outlier),4701.0,,
1023047446,,providers_a,sum_srvcs,MAD z-score >= 8 (extreme outlier),7126.0,,
1003865585,,providers_a,sum_srvcs,MAD z-score >= 8 (extreme outlier),7613.0,,
1023059508,,providers_a,sum_srvcs,MAD z-score >= 8 (extreme outlier),202505.0,,
1003079997,,providers_a,sum_srvcs,MAD z-score >= 8 (extreme outlier),56877.0,,
1013170125,,providers_a,sum_srvcs,MAD z-score >= 8 (extreme outlier),5050.0,,
1033112081,,providers_a,sum_srvcs,MAD z-score >= 8 (extreme outlier),9245.0,,
1003871815,,providers_a,sum_srvcs,MAD z-score >= 8 (extreme outlier),29513.8,,
1033369806,,providers_a,sum_srvcs,MAD z-score >= 8 (extreme outlier),6842.0,,
1043430572,,providers_a,sum_srvcs,MAD z-score >= 8 (extreme outlier),6148.0,,
1023065471,,providers_a,sum_srvcs,MAD z-score >= 8 (extreme outlier),5451.0,,
1053306704,,providers_a,sum_srvcs,MAD z-score >= 8 (extreme outlier),4710.0,,
1033164785,,providers_a,sum_srvcs,MAD z-score >= 8 (extreme outlier),6135.0,,
1023032646,,providers_a,sum_srvcs,MAD z-score >= 8 (extreme outlier),5405.0,,
1043213465,,providers_a,sum_srvcs,MAD z-score >= 8 (extreme outlier),8989.0,,
1043425036,,providers_a,sum_srvcs,MAD z-score >= 8 (extreme outlier),6234.0,,
1053303461,,providers_a,sum_srvcs,MAD z-score >= 8 (extreme outlier),4843.0,,
1013053123,,providers_a,sum_srvcs,MAD z-score >= 8 (extreme outlier),4784.0,,
1033693551,,providers_a,sum_srvcs,MAD z-score >= 8 (extreme outlier),5334.0,,
1043694789,,providers_a,sum_srvcs,MAD z-score >= 8 (extreme outlier),11985.0,,
1043486137,,providers_a,sum_srvcs,MAD z-score >= 8 (extreme outlier),9406.0,,
1003105529,,providers_a,sum_srvcs,MAD z-score >= 8 (extreme outlier),6834.0,,
1013010685,,providers_a,sum_srvcs,MAD z-score >= 8 (extreme outlier),9677.0,,
1013147263,,providers_a,sum_srvcs,MAD z-score >= 8 (extreme outlier),34814.0,,
1013917665,,providers_a,sum_srvcs,MAD z-score >= 8 (extreme outlier),128136.0,,
1013932854,,providers_a,sum_srvcs,MAD z-score >= 8 (extreme outlier),9434.0,,
1013034800,,providers_a,sum_srvcs,MAD z-score >= 8 (extreme outlier),6246.0,,
1053300558,,providers_a,sum_srvcs,MAD z-score >= 8 (extreme outlier),9277.0,,
1043766066,,providers_a,sum_srvcs,MAD z-score >= 8 (extreme outlier),5117.0,,
1013984756,,providers_a,sum_srvcs,MAD z-score >= 8 (extreme outlier),5024.6,,
1023235207,,providers_a,sum_srvcs,MAD z-score >= 8 (extreme outlier),4871.0,,
1003066432,,providers_a,sum_srvcs,MAD z-score >= 8 (extreme outlier),8166.0,,
1043303886,,providers_a,sum_srvcs,MAD z-score >= 8 (extreme outlier),8877.0,,
1053344325,,providers_a,sum_srvcs,MAD z-score >= 8 (extreme outlier),22904.0,,
1003187642,,providers_a,sum_srvcs,MAD z-score >= 8 (extreme outlier),7834.0,,
1013475508,,providers_a,sum_srvcs,MAD z-score >= 8 (extreme outlier),5999.0,,
1023622305,,providers_a,sum_srvcs,MAD z-score >= 8 (extreme outlier),127099.3,,
1043822935,,providers_a,sum_srvcs,MAD z-score >= 8 (extreme outlier),5555.0,,
1013019868,,providers_a,sum_srvcs,MAD z-score >= 8 (extreme outlier),31010.0,,
1023265840,,providers_a,sum_srvcs,MAD z-score >= 8 (extreme outlier),58070.0,,
1023336476,,providers_a,sum_srvcs,MAD z-score >= 8 (extreme outlier),31734.0,,
1043250343,,providers_a,sum_srvcs,MAD z-score >= 8 (extreme outlier),16854.0,,
1003077652,,providers_a,sum_srvcs,MAD z-score >= 8 (extreme outlier),8159.0,,
1023097623,,providers_a,sum_srvcs,MAD z-score >= 8 (extreme outlier),6994.0,,
1003007469,,providers_a,sum_srvcs,MAD z-score >= 8 (extreme outlier),6846.0,,
1033437405,,providers_a,sum_srvcs,MAD z-score >= 8 (extreme outlier),50664.3,,
1003129859,,providers_a,sum_srvcs,MAD z-score >= 8 (extreme outlier),6461.0,,
1043648215,,providers_a,sum_srvcs,MAD z-score >= 8 (extreme outlier),4693.0,,
1003052788,,providers_a,sum_srvcs,MAD z-score >= 8 (extreme outlier),7937.0,,
1043384654,,providers_a,sum_srvcs,MAD z-score >= 8 (extreme outlier),5625.0,,
1013911387,,providers_a,sum_srvcs,MAD z-score >= 8 (extreme outlier),4606.0,,
1033406855,,providers_a,sum_srvcs,MAD z-score >= 8 (extreme outlier),20497.0,,
1003200957,,providers_a,sum_srvcs,MAD z-score >= 8 (extreme outlier),6843.0,,
1043221013,,providers_a,sum_srvcs,MAD z-score >= 8 (extreme outlier),186292.0,,
1033197231,,providers_a,sum_srvcs,MAD z-score >= 8 (extreme outlier),5326.0,,
1023001583,,providers_a,sum_srvcs,MAD z-score >= 8 (extreme outlier),6872.0,,
1053320564,,providers_a,sum_srvcs,MAD z-score >= 8 (extreme outlier),11345.0,,
1013438902,,providers_a,sum_srvcs,MAD z-score >= 8 (extreme outlier),14684.0,,
1023371499,,providers_a,sum_srvcs,MAD z-score >= 8 (extreme outlier),6799.0,,
1003839846,,providers_a,sum_srvcs,MAD z-score >= 8 (extreme outlier),9669.0,,
1043302748,,providers_a,sum_srvcs,MAD z-score >= 8 (extreme outlier),31131.0,,
1053304840,,providers_a,sum_srvcs,MAD z-score >= 8 (extreme outlier),4943.0,,
1013977040,,providers_a,sum_srvcs,MAD z-score >= 8 (extreme outlier),7535.0,,
1023631595,,providers_a,sum_srvcs,MAD z-score >= 8 (extreme outlier),4897.0,,
1033298047,,providers_a,sum_srvcs,MAD z-score >= 8 (extreme outlier),4818.0,,
1053049981,,providers_a,sum_srvcs,MAD z-score >= 8 (extreme outlier),4823.0,,
1013569417,,providers_a,sum_srvcs,MAD z-score >= 8 (extreme outlier),5741.0,,
1043673734,,providers_a,sum_srvcs,MAD z-score >= 8 (extreme outlier),46653.0,,
1003808908,,providers_a,sum_srvcs,MAD z-score >= 8 (extreme outlier),9015.0,,
1043350275,,providers_a,sum_srvcs,MAD z-score >= 8 (extreme outlier),5536.0,,
1003845694,,providers_a,sum_srvcs,MAD z-score >= 8 (extreme outlier),98332.0,,
1003347584,,providers_a,sum_srvcs,MAD z-score >= 8 (extreme outlier),9126.0,,
1013991389,,providers_a,sum_srvcs,MAD z-score >= 8 (extreme outlier),21316.1,,
1033285754,,providers_a,sum_srvcs,MAD z-score >= 8 (extreme outlier),8818.0,,
1013276021,,providers_a,sum_srvcs,MAD z-score >= 8 (extreme outlier),13719.0,,
1033534896,,providers_a,sum_srvcs,MAD z-score >= 8 (extreme outlier),5298.0,,
1043289101,,providers_a,sum_srvcs,MAD z-score >= 8 (extreme outlier),5735.0,,
1003011107,,providers_a,sum_srvcs,MAD z-score >= 8 (extreme outlier),12688.0,,
1043426521,,providers_a,sum_srvcs,MAD z-score >= 8 (extreme outlier),195008.0,,
1033203815,,providers_a,sum_srvcs,MAD z-score >= 8 (extreme outlier),13084.0,,
1033655303,,providers_a,sum_srvcs,MAD z-score >= 8 (extreme outlier),23704.0,,
1013936079,,providers_a,sum_srvcs,MAD z-score >= 8 (extreme outlier),55052.0,,
1023592136,,providers_a,sum_srvcs,MAD z-score >= 8 (extreme outlier),7079.0,,
1023074341,,providers_a,sum_srvcs,MAD z-score >= 8 (extreme outlier),5484.0,,
1013977420,,providers_a,sum_srvcs,MAD z-score >= 8 (extreme outlier),13233.0,,
1043471808,,providers_a,sum_srvcs,MAD z-score >= 8 (extreme outlier),14041.0,,
1023284536,,providers_a,sum_srvcs,MAD z-score >= 8 (extreme outlier),6623.0,,
1003105750,,providers_a,sum_srvcs,MAD z-score >= 8 (extreme outlier),8246.0,,
1053311050,,providers_a,sum_srvcs,MAD z-score >= 8 (extreme outlier),19127.0,,
1033478565,,providers_a,sum_srvcs,MAD z-score >= 8 (extreme outlier),7035.0,,
1033646971,,providers_a,sum_srvcs,MAD z-score >= 8 (extreme outlier),4827.0,,
1013458538,,providers_a,sum_srvcs,MAD z-score >= 8 (extreme outlier),4677.0,,
1013943687,,providers_a,sum_srvcs,MAD z-score >= 8 (extreme outlier),19557.3,,
1023776309,,providers_a,sum_srvcs,MAD z-score >= 8 (extreme outlier),6673.0,,
1013301092,,providers_a,sum_srvcs,MAD z-score >= 8 (extreme outlier),9764.0,,
1003178674,,providers_a,sum_srvcs,MAD z-score >= 8 (extreme outlier),45143.0,,
1043964257,,providers_a,sum_srvcs,MAD z-score >= 8 (extreme outlier),153400.0,,
1053322883,,providers_a,sum_srvcs,MAD z-score >= 8 (extreme outlier),6822.0,,
1003222183,,providers_a,sum_srvcs,MAD z-score >= 8 (extreme outlier),5374.0,,
1003014762,,providers_a,sum_srvcs,MAD z-score >= 8 (extreme outlier),18535.0,,
1003085192,,providers_a,sum_srvcs,MAD z-score >= 8 (extreme outlier),5025.0,,
1033189295,,providers_a,sum_srvcs,MAD z-score >= 8 (extreme outlier),11086.0,,
1003013848,,providers_a,sum_srvcs,MAD z-score >= 8 (extreme outlier),48365.0,,
1003542077,,providers_a,sum_srvcs,MAD z-score >= 8 (extreme outlier),5520.0,,
1033422951,,providers_a,sum_srvcs,MAD z-score >= 8 (extreme outlier),5639.0,,
1003115684,,providers_a,sum_srvcs,MAD z-score >= 8 (extreme outlier),7356.0,,
1033114715,,providers_a,sum_srvcs,MAD z-score >= 8 (extreme outlier),7189.0,,
1043702830,,providers_a,sum_srvcs,MAD z-score >= 8 (extreme outlier),948138.0,,
1043780042,,providers_a,sum_srvcs,MAD z-score >= 8 (extreme outlier),27021.0,,
1053300863,,providers_a,sum_srvcs,MAD z-score >= 8 (extreme outlier),22836.0,,
1023046695,,providers_a,sum_srvcs,MAD z-score >= 8 (extreme outlier),12193.1,,
1013274158,,providers_a,sum_srvcs,MAD z-score >= 8 (extreme outlier),4830.0,,
1003106824,,providers_a,sum_srvcs,MAD z-score >= 8 (extreme outlier),10559.0,,
1013111608,,providers_a,sum_srvcs,MAD z-score >= 8 (extreme outlier),25388.0,,
1013917400,,providers_a,sum_srvcs,MAD z-score >= 8 (extreme outlier),60360.0,,
1033420112,,providers_a,sum_srvcs,MAD z-score >= 8 (extreme outlier),16137.0,,
1003274655,,providers_a,sum_srvcs,MAD z-score >= 8 (extreme outlier),15228.0,,
1003137084,,providers_a,sum_srvcs,MAD z-score >= 8 (extreme outlier),5767.0,,
1023006293,,providers_a,sum_srvcs,MAD z-score >= 8 (extreme outlier),8567.0,,
1023230802,,providers_a,sum_srvcs,MAD z-score >= 8 (extreme outlier),5626.0,,
1053320424,,providers_a,sum_srvcs,MAD z-score >= 8 (extreme outlier),12899.0,,
1033293451,,providers_a,sum_srvcs,MAD z-score >= 8 (extreme outlier),5374.0,,
1053314450,,providers_a,sum_srvcs,MAD z-score >= 8 (extreme outlier),10576.0,,
1023740487,,providers_a,sum_srvcs,MAD z-score >= 8 (extreme outlier),37852.0,,
1043205081,,providers_a,sum_srvcs,MAD z-score >= 8 (extreme outlier),8994.0,,
1023560612,,providers_a,sum_srvcs,MAD z-score >= 8 (extreme outlier),4706.0,,
1003873894,,providers_a,sum_srvcs,MAD z-score >= 8 (extreme outlier),5223.0,,
1023439767,,providers_a,sum_srvcs,MAD z-score >= 8 (extreme outlier),103845.0,,
1033629068,,providers_a,sum_srvcs,MAD z-score >= 8 (extreme outlier),8794.0,,
1003042805,,providers_a,sum_srvcs,MAD z-score >= 8 (extreme outlier),6728.0,,
1033180229,,providers_a,sum_srvcs,MAD z-score >= 8 (extreme outlier),226994.0,,
1023006988,,providers_a,sum_srvcs,MAD z-score >= 8 (extreme outlier),11308.0,,
1023057049,,providers_a,sum_srvcs,MAD z-score >= 8 (extreme outlier),10885.0,,
1013971290,,providers_a,sum_srvcs,MAD z-score >= 8 (extreme outlier),15131.0,,
1043241763,,providers_a,sum_srvcs,MAD z-score >= 8 (extreme outlier),5201.0,,
1033344643,,providers_a,sum_srvcs,MAD z-score >= 8 (extreme outlier),9997.0,,
1013242098,,providers_a,sum_srvcs,MAD z-score >= 8 (extreme outlier),7295.0,,
1013060847,,providers_a,sum_srvcs,MAD z-score >= 8 (extreme outlier),5411.0,,
1003868365,,providers_a,sum_srvcs,MAD z-score >= 8 (extreme outlier),4985.0,,
1013917277,,providers_a,sum_srvcs,MAD z-score >= 8 (extreme outlier),288710.0,,
1003546003,,providers_a,sum_srvcs,MAD z-score >= 8 (extreme outlier),7589.0,,
1003816224,,providers_a,sum_srvcs,MAD z-score >= 8 (extreme outlier),23814.5,,
1033184338,,providers_a,sum_srvcs,MAD z-score >= 8 (extreme outlier),134922.0,,
1033196050,,providers_a,sum_srvcs,MAD z-score >= 8 (extreme outlier),6318.0,,
1013100098,,providers_a,sum_srvcs,MAD z-score >= 8 (extreme outlier),76644.0,,
1013200203,,providers_a,sum_srvcs,MAD z-score >= 8 (extreme outlier),19394.0,,
1013980150,,providers_a,sum_srvcs,MAD z-score >= 8 (extreme outlier),5906.0,,
1013160563,,providers_a,sum_srvcs,MAD z-score >= 8 (extreme outlier),7767.0,,
1043240336,,providers_a,sum_srvcs,MAD z-score >= 8 (extreme outlier),141354.2,,
1003227117,,providers_a,sum_srvcs,MAD z-score >= 8 (extreme outlier),11456.0,,
1013061456,,providers_a,sum_srvcs,MAD z-score >= 8 (extreme outlier),4829.0,,
1013206085,,providers_a,sum_srvcs,MAD z-score >= 8 (extreme outlier),5757.0,,
1023561040,,providers_a,sum_srvcs,MAD z-score >= 8 (extreme outlier),4739.0,,
1003010687,,providers_a,sum_srvcs,MAD z-score >= 8 (extreme outlier),16024.0,,
1033107677,,providers_a,sum_srvcs,MAD z-score >= 8 (extreme outlier),6006.0,,
1043339575,,providers_a,sum_srvcs,MAD z-score >= 8 (extreme outlier),15852.0,,
1013952084,,providers_a,sum_srvcs,MAD z-score >= 8 (extreme outlier),10044.0,,
1033138649,,providers_a,sum_srvcs,MAD z-score >= 8 (extreme outlier),5369.0,,
1023374519,,providers_a,sum_srvcs,MAD z-score >= 8 (extreme outlier),5246.0,,
1033557269,,providers_a,sum_srvcs,MAD z-score >= 8 (extreme outlier),40917.0,,
1023031762,,providers_a,sum_srvcs,MAD z-score >= 8 (extreme outlier),8575.0,,
1043967037,,providers_a,sum_srvcs,MAD z-score >= 8 (extreme outlier),6175.0,,
1033483755,,providers_a,sum_srvcs,MAD z-score >= 8 (extreme outlier),121699.0,,
1043208085,,providers_a,sum_srvcs,MAD z-score >= 8 (extreme outlier),7937.0,,
1023751633,,providers_a,sum_srvcs,MAD z-score >= 8 (extreme outlier),5786.0,,
1043339310,,providers_a,sum_srvcs,MAD z-score >= 8 (extreme outlier),7370.0,,
1013951409,,providers_a,sum_srvcs,MAD z-score >= 8 (extreme outlier),15884.0,,
1043223977,,providers_a,sum_srvcs,MAD z-score >= 8 (extreme outlier),10931.0,,
1023499076,,providers_a,sum_srvcs,MAD z-score >= 8 (extreme outlier),125725.0,,
1023273919,,providers_a,sum_srvcs,MAD z-score >= 8 (extreme outlier),4715.0,,
1023554300,,providers_a,sum_srvcs,MAD z-score >= 8 (extreme outlier),4792.0,,
1043746936,,providers_a,sum_srvcs,MAD z-score >= 8 (extreme outlier),7115.0,,
1003076795,,providers_a,sum_srvcs,MAD z-score >= 8 (extreme outlier),13890.0,,
1053307272,,providers_a,sum_srvcs,MAD z-score >= 8 (extreme outlier),9800.0,,
1013929389,,providers_a,sum_srvcs,MAD z-score >= 8 (extreme outlier),5003.0,,
1023499860,,providers_a,sum_srvcs,MAD z-score >= 8 (extreme outlier),6720.0,,
1023136983,,providers_a,sum_srvcs,MAD z-score >= 8 (extreme outlier),13087.0,,
1003172313,,providers_a,sum_srvcs,MAD z-score >= 8 (extreme outlier),5179.0,,
1033315098,,providers_a,sum_srvcs,MAD z-score >= 8 (extreme outlier),5500.0,,
1023002946,,providers_a,sum_srvcs,MAD z-score >= 8 (extreme outlier),8204.0,,
1033110119,,providers_a,sum_srvcs,MAD z-score >= 8 (extreme outlier),34521.0,,
1003895764,,providers_a,sum_srvcs,MAD z-score >= 8 (extreme outlier),11668.0,,
1043292188,,providers_a,sum_srvcs,MAD z-score >= 8 (extreme outlier),7283.0,,
1023403672,,providers_a,sum_srvcs,MAD z-score >= 8 (extreme outlier),22329.0,,
1033137377,,providers_a,sum_srvcs,MAD z-score >= 8 (extreme outlier),5159.0,,
1013934926,,providers_a,sum_srvcs,MAD z-score >= 8 (extreme outlier),7946.0,,
1023091014,,providers_a,sum_srvcs,MAD z-score >= 8 (extreme outlier),4626.0,,
1013011857,,providers_a,sum_srvcs,MAD z-score >= 8 (extreme outlier),7789.0,,
1003919820,,providers_a,sum_srvcs,MAD z-score >= 8 (extreme outlier),5202.0,,
1033588041,,providers_a,sum_srvcs,MAD z-score >= 8 (extreme outlier),13790.0,,
1003033689,,providers_a,sum_srvcs,MAD z-score >= 8 (extreme outlier),7052.0,,
1003133117,,providers_a,sum_srvcs,MAD z-score >= 8 (extreme outlier),4983.0,,
1043274798,,providers_a,sum_srvcs,MAD z-score >= 8 (extreme outlier),9249.0,,
1043574031,,providers_a,sum_srvcs,MAD z-score >= 8 (extreme outlier),15612.0,,
1023003241,,providers_a,sum_srvcs,MAD z-score >= 8 (extreme outlier),17585.9,,
1033420286,,providers_a,sum_srvcs,MAD z-score >= 8 (extreme outlier),6673.0,,
1043432719,,providers_a,sum_srvcs,MAD z-score >= 8 (extreme outlier),18512.0,,
1003886557,,providers_a,sum_srvcs,MAD z-score >= 8 (extreme outlier),5538.0,,
1023076593,,providers_a,sum_srvcs,MAD z-score >= 8 (extreme outlier),13766.0,,
1033101571,,providers_a,sum_srvcs,MAD z-score >= 8 (extreme outlier),6403.0,,
1003202953,,providers_a,sum_srvcs,MAD z-score >= 8 (extreme outlier),6631.0,,
1023480290,,providers_a,sum_srvcs,MAD z-score >= 8 (extreme outlier),8512.0,,
1043966906,,providers_a,sum_srvcs,MAD z-score >= 8 (extreme outlier),12341.0,,
1043382427,,providers_a,sum_srvcs,MAD z-score >= 8 (extreme outlier),6640.5,,
1013949601,,providers_a,sum_srvcs,MAD z-score >= 8 (extreme outlier),5612.0,,
1043943541,,providers_a,sum_srvcs,MAD z-score >= 8 (extreme outlier),7501.0,,
1013054865,,providers_a,sum_srvcs,MAD z-score >= 8 (extreme outlier),529157.0,,
1033506761,,providers_a,sum_srvcs,MAD z-score >= 8 (extreme outlier),6354.0,,
1033120290,,providers_a,sum_srvcs,MAD z-score >= 8 (extreme outlier),12341.0,,
1023243813,,providers_a,sum_srvcs,MAD z-score >= 8 (extreme outlier),7601.0,,
1013994748,,providers_a,sum_srvcs,MAD z-score >= 8 (extreme outlier),10742.0,,
1033150164,,providers_a,sum_srvcs,MAD z-score >= 8 (extreme outlier),6293.0,,
1023043346,,providers_a,sum_srvcs,MAD z-score >= 8 (extreme outlier),5420.0,,
1013980713,,providers_a,sum_srvcs,MAD z-score >= 8 (extreme outlier),6240.0,,
1003822115,,providers_a,sum_srvcs,MAD z-score >= 8 (extreme outlier),33744.0,,
1033177829,,providers_a,sum_srvcs,MAD z-score >= 8 (extreme outlier),5514.0,,
1023106275,,providers_a,sum_srvcs,MAD z-score >= 8 (extreme outlier),7094.0,,
1053318170,,providers_a,sum_srvcs,MAD z-score >= 8 (extreme outlier),5403.0,,
1023280765,,providers_a,sum_srvcs,MAD z-score >= 8 (extreme outlier),7510.0,,
1013904416,,providers_a,sum_srvcs,MAD z-score >= 8 (extreme outlier),6171.0,,
1033444385,,providers_a,sum_srvcs,MAD z-score >= 8 (extreme outlier),5336.0,,
1033213699,,providers_a,sum_srvcs,MAD z-score >= 8 (extreme outlier),4821.0,,
1023015476,,providers_a,sum_srvcs,MAD z-score >= 8 (extreme outlier),10665.0,,
1033249081,,providers_a,sum_srvcs,MAD z-score >= 8 (extreme outlier),5023.0,,
1033163563,,providers_a,sum_srvcs,MAD z-score >= 8 (extreme outlier),6096.0,,
1043218233,,providers_a,sum_srvcs,MAD z-score >= 8 (extreme outlier),27440.0,,
1013962638,,providers_a,sum_srvcs,MAD z-score >= 8 (extreme outlier),16515.0,,
1003894999,,providers_a,sum_srvcs,MAD z-score >= 8 (extreme outlier),36974.0,,
1033226006,,providers_a,sum_srvcs,MAD z-score >= 8 (extreme outlier),22102.0,,
1043271539,,providers_a,sum_srvcs,MAD z-score >= 8 (extreme outlier),609440.0,,
1003835505,,providers_a,sum_srvcs,MAD z-score >= 8 (extreme outlier),5132.0,,
1023016557,,providers_a,sum_srvcs,MAD z-score >= 8 (extreme outlier),19236.0,,
1033459524,,providers_a,sum_srvcs,MAD z-score >= 8 (extreme outlier),21997.1,,
1043213051,,providers_a,sum_srvcs,MAD z-score >= 8 (extreme outlier),11836.0,,
1013350339,,providers_a,sum_srvcs,MAD z-score >= 8 (extreme outlier),5969.9,,
1003099813,,providers_a,sum_srvcs,MAD z-score >= 8 (extreme outlier),46507.0,,
1013129147,,providers_a,sum_srvcs,MAD z-score >= 8 (extreme outlier),6166.9,,
1023088770,,providers_a,sum_srvcs,MAD z-score >= 8 (extreme outlier),17707.0,,
1033685995,,providers_a,sum_srvcs,MAD z-score >= 8 (extreme outlier),24512.0,,
1023182110,,providers_a,sum_srvcs,MAD z-score >= 8 (extreme outlier),4676.0,,
1043835143,,providers_a,sum_srvcs,MAD z-score >= 8 (extreme outlier),176665.1,,
1033421730,,providers_a,sum_srvcs,MAD z-score >= 8 (extreme outlier),4744.0,,
1003913500,,providers_a,sum_srvcs,MAD z-score >= 8 (extreme outlier),4968.0,,
1043641616,,providers_a,sum_srvcs,MAD z-score >= 8 (extreme outlier),7364.0,,
1013914001,,providers_a,sum_srvcs,MAD z-score >= 8 (extreme outlier),6107.0,,
1003260662,,providers_a,sum_srvcs,MAD z-score >= 8 (extreme outlier),103306.0,,
1003142365,,providers_a,sum_srvcs,MAD z-score >= 8 (extreme outlier),5378.0,,
1003910852,,providers_a,sum_srvcs,MAD z-score >= 8 (extreme outlier),5230.0,,
1043203441,,providers_a,sum_srvcs,MAD z-score >= 8 (extreme outlier),14297.0,,
1013016468,,providers_a,sum_srvcs,MAD z-score >= 8 (extreme outlier),4715.0,,
1003008533,,providers_a,sum_srvcs,MAD z-score >= 8 (extreme outlier),31584.0,,
1043310634,,providers_a,sum_srvcs,MAD z-score >= 8 (extreme outlier),7297.0,,
1013431741,,providers_a,sum_srvcs,MAD z-score >= 8 (extreme outlier),206766.0,,
1043587124,,providers_a,sum_srvcs,MAD z-score >= 8 (extreme outlier),6135.0,,
1003898883,,providers_a,sum_srvcs,MAD z-score >= 8 (extreme outlier),21659.0,,
1003812595,,providers_a,sum_srvcs,MAD z-score >= 8 (extreme outlier),10286.0,,
1023097383,,providers_a,sum_srvcs,MAD z-score >= 8 (extreme outlier),6876.0,,
1023147931,,providers_a,sum_srvcs,MAD z-score >= 8 (extreme outlier),5270.2,,
1003179128,,providers_a,sum_srvcs,MAD z-score >= 8 (extreme outlier),6611.0,,
1033313465,,providers_a,sum_srvcs,MAD z-score >= 8 (extreme outlier),82365.0,,
1033200902,,providers_a,sum_srvcs,MAD z-score >= 8 (extreme outlier),7376.0,,
1013900364,,providers_a,sum_srvcs,MAD z-score >= 8 (extreme outlier),70682.1,,
1003937715,,providers_a,sum_srvcs,MAD z-score >= 8 (extreme outlier),19315.0,,
1023317781,,providers_a,sum_srvcs,MAD z-score >= 8 (extreme outlier),13531.0,,
1043691702,,providers_a,sum_srvcs,MAD z-score >= 8 (extreme outlier),11647.0,,
1053305714,,providers_a,sum_srvcs,MAD z-score >= 8 (extreme outlier),4581.0,,
1043214323,,providers_a,sum_srvcs,MAD z-score >= 8 (extreme outlier),5232.0,,
1043281496,,providers_a,sum_srvcs,MAD z-score >= 8 (extreme outlier),8278.0,,
1003913815,,providers_a,sum_srvcs,MAD z-score >= 8 (extreme outlier),10841.0,,
1003995689,,providers_a,sum_srvcs,MAD z-score >= 8 (extreme outlier),5217.0,,
1023607603,,providers_a,sum_srvcs,MAD z-score >= 8 (extreme outlier),4952.0,,
1043247539,,providers_a,sum_srvcs,MAD z-score >= 8 (extreme outlier),25600.0,,
1003077389,,providers_a,sum_srvcs,MAD z-score >= 8 (extreme outlier),17681.0,,
1003837634,,providers_a,sum_srvcs,MAD z-score >= 8 (extreme outlier),9605.0,,
1033434477,,providers_a,sum_srvcs,MAD z-score >= 8 (extreme outlier),19781.0,,
1043402357,,providers_a,sum_srvcs,MAD z-score >= 8 (extreme outlier),7443.0,,
1043722390,,providers_a,sum_srvcs,MAD z-score >= 8 (extreme outlier),4785.0,,
1013327659,,providers_a,sum_srvcs,MAD z-score >= 8 (extreme outlier),10047.0,,
1033199492,,providers_a,sum_srvcs,MAD z-score >= 8 (extreme outlier),5117.0,,
1033504170,,providers_a,sum_srvcs,MAD z-score >= 8 (extreme outlier),5132.0,,
1043419351,,providers_a,sum_srvcs,MAD z-score >= 8 (extreme outlier),6677.0,,
1033292032,,providers_a,sum_srvcs,MAD z-score >= 8 (extreme outlier),6804.5,,
1043872641,,providers_a,sum_srvcs,MAD z-score >= 8 (extreme outlier),10778.0,,
1053328781,,providers_a,sum_srvcs,MAD z-score >= 8 (extreme outlier),95085.0,,
1043271018,,providers_a,sum_srvcs,MAD z-score >= 8 (extreme outlier),16679.0,,
1023213378,,providers_a,sum_srvcs,MAD z-score >= 8 (extreme outlier),6338.0,,
1013354521,,providers_a,sum_srvcs,MAD z-score >= 8 (extreme outlier),5677.0,,
1043313133,,providers_a,sum_srvcs,MAD z-score >= 8 (extreme outlier),40137.0,,
1013183607,,providers_a,sum_srvcs,MAD z-score >= 8 (extreme outlier),10029.0,,
1003356767,,providers_a,sum_srvcs,MAD z-score >= 8 (extreme outlier),5197.0,,
1043299712,,providers_a,sum_srvcs,MAD z-score >= 8 (extreme outlier),5610.0,,
1003078031,,providers_a,sum_srvcs,MAD z-score >= 8 (extreme outlier),13983.0,,
1023615002,,providers_a,sum_srvcs,MAD z-score >= 8 (extreme outlier),10246.0,,
1053348037,,providers_a,sum_srvcs,MAD z-score >= 8 (extreme outlier),70575.0,,
1003870759,,providers_a,sum_srvcs,MAD z-score >= 8 (extreme outlier),61174.0,,
1023373834,,providers_a,sum_srvcs,MAD z-score >= 8 (extreme outlier),72984.0,,
1033764360,,providers_a,sum_srvcs,MAD z-score >= 8 (extreme outlier),8604.0,,
1043565765,,providers_a,sum_srvcs,MAD z-score >= 8 (extreme outlier),31345.0,,
1003806431,,providers_a,sum_srvcs,MAD z-score >= 8 (extreme outlier),4643.0,,
1003961764,,providers_a,sum_srvcs,MAD z-score >= 8 (extreme outlier),10666.0,,
1033343389,,providers_a,sum_srvcs,MAD z-score >= 8 (extreme outlier),50740.3,,
1013949403,,providers_a,sum_srvcs,MAD z-score >= 8 (extreme outlier),37207.2,,
1003345067,,providers_a,sum_srvcs,MAD z-score >= 8 (extreme outlier),5461.0,,
1013231570,,providers_a,sum_srvcs,MAD z-score >= 8 (extreme outlier),17973.0,,
1043232275,,providers_a,sum_srvcs,MAD z-score >= 8 (extreme outlier),7985.0,,
1033104005,,providers_a,sum_srvcs,MAD z-score >= 8 (extreme outlier),4799.0,,
1043256118,,providers_a,sum_srvcs,MAD z-score >= 8 (extreme outlier),9037.0,,
1013070200,,providers_a,sum_srvcs,MAD z-score >= 8 (extreme outlier),6124.0,,
1033301858,,providers_a,sum_srvcs,MAD z-score >= 8 (extreme outlier),97264.0,,
1013072131,,providers_a,sum_srvcs,MAD z-score >= 8 (extreme outlier),9458.0,,
1043302615,,providers_a,sum_srvcs,MAD z-score >= 8 (extreme outlier),6996.0,,
1023086592,,providers_a,sum_srvcs,MAD z-score >= 8 (extreme outlier),4844.0,,
1003999251,,providers_a,sum_srvcs,MAD z-score >= 8 (extreme outlier),53848.0,,
1003845751,,providers_a,sum_srvcs,MAD z-score >= 8 (extreme outlier),6412.0,,
1003993965,,providers_a,sum_srvcs,MAD z-score >= 8 (extreme outlier),37452.0,,
1033169891,,providers_a,sum_srvcs,MAD z-score >= 8 (extreme outlier),16916.0,,
1013970078,,providers_a,sum_srvcs,MAD z-score >= 8 (extreme outlier),7605.0,,
1043203656,,providers_a,sum_srvcs,MAD z-score >= 8 (extreme outlier),52894.0,,
1033179486,,providers_a,sum_srvcs,MAD z-score >= 8 (extreme outlier),35541.0,,
1003845371,,providers_a,sum_srvcs,MAD z-score >= 8 (extreme outlier),4868.0,,
1043392582,,providers_a,sum_srvcs,MAD z-score >= 8 (extreme outlier),5384.0,,
1013142314,,providers_a,sum_srvcs,MAD z-score >= 8 (extreme outlier),8096.0,,
1033843693,,providers_a,sum_srvcs,MAD z-score >= 8 (extreme outlier),4809.0,,
1033117437,,providers_a,sum_srvcs,MAD z-score >= 8 (extreme outlier),24967.0,,
1043211576,,providers_a,sum_srvcs,MAD z-score >= 8 (extreme outlier),21459.0,,
1023070364,,providers_a,sum_srvcs,MAD z-score >= 8 (extreme outlier),6389.0,,
1033137591,,providers_a,sum_srvcs,MAD z-score >= 8 (extreme outlier),6035.0,,
1023047347,,providers_a,sum_srvcs,MAD z-score >= 8 (extreme outlier),5161.0,,
1003030685,,providers_a,sum_srvcs,MAD z-score >= 8 (extreme outlier),5809.0,,
1043302466,,providers_a,sum_srvcs,MAD z-score >= 8 (extreme outlier),10126.0,,
1033130984,,providers_a,sum_srvcs,MAD z-score >= 8 (extreme outlier),7022.0,,
1053081422,,providers_a,sum_srvcs,MAD z-score >= 8 (extreme outlier),8822.0,,
1013915479,,providers_a,sum_srvcs,MAD z-score >= 8 (extreme outlier),6590.0,,
1003827130,,providers_a,sum_srvcs,MAD z-score >= 8 (extreme outlier),6073.2,,
1023514361,,providers_a,sum_srvcs,MAD z-score >= 8 (extreme outlier),5346.0,,
1013174523,,providers_a,sum_srvcs,MAD z-score >= 8 (extreme outlier),5046.0,,
1003166612,,providers_a,sum_srvcs,MAD z-score >= 8 (extreme outlier),5815.0,,
1043263205,,providers_a,sum_srvcs,MAD z-score >= 8 (extreme outlier),7650.0,,
1023647864,,providers_a,sum_srvcs,MAD z-score >= 8 (extreme outlier),5874.0,,
1043260607,,providers_a,sum_srvcs,MAD z-score >= 8 (extreme outlier),150260.0,,
1043218316,,providers_a,sum_srvcs,MAD z-score >= 8 (extreme outlier),5748.0,,
1043373715,,providers_a,sum_srvcs,MAD z-score >= 8 (extreme outlier),10867.0,,
1033731393,,providers_a,sum_srvcs,MAD z-score >= 8 (extreme outlier),15010.0,,
1043482508,,providers_a,sum_srvcs,MAD z-score >= 8 (extreme outlier),8217.0,,
1023046901,,providers_a,sum_srvcs,MAD z-score >= 8 (extreme outlier),14426.0,,
1023006863,,providers_a,sum_srvcs,MAD z-score >= 8 (extreme outlier),4740.0,,
1023097839,,providers_a,sum_srvcs,MAD z-score >= 8 (extreme outlier),21685.0,,
1003893454,,providers_a,sum_srvcs,MAD z-score >= 8 (extreme outlier),6036.0,,
1043244296,,providers_a,sum_srvcs,MAD z-score >= 8 (extreme outlier),6732.0,,
1013147206,,providers_a,sum_srvcs,MAD z-score >= 8 (extreme outlier),51757.0,,
1043277304,,providers_a,sum_srvcs,MAD z-score >= 8 (extreme outlier),9262.0,,
1023033123,,providers_a,sum_srvcs,MAD z-score >= 8 (extreme outlier),15450.0,,
1033139050,,providers_a,sum_srvcs,MAD z-score >= 8 (extreme outlier),8045.0,,
1023243805,,providers_a,sum_srvcs,MAD z-score >= 8 (extreme outlier),63403.0,,
1023639853,,providers_a,sum_srvcs,MAD z-score >= 8 (extreme outlier),9853.0,,
1003824335,,providers_a,sum_srvcs,MAD z-score >= 8 (extreme outlier),8199.0,,
1023177573,,providers_a,sum_srvcs,MAD z-score >= 8 (extreme outlier),8522.0,,
1043298250,,providers_a,sum_srvcs,MAD z-score >= 8 (extreme outlier),143760.0,,
1043444789,,providers_a,sum_srvcs,MAD z-score >= 8 (extreme outlier),4972.0,,
1013663558,,providers_a,sum_srvcs,MAD z-score >= 8 (extreme outlier),134986.0,,
1033141866,,providers_a,sum_srvcs,MAD z-score >= 8 (extreme outlier),4581.0,,
1043610462,,providers_a,sum_srvcs,MAD z-score >= 8 (extreme outlier),5569.0,,
1043287816,,providers_a,sum_srvcs,MAD z-score >= 8 (extreme outlier),5692.0,,
1043238074,,providers_a,sum_srvcs,MAD z-score >= 8 (extreme outlier),8474.0,,
1043329451,,providers_a,sum_srvcs,MAD z-score >= 8 (extreme outlier),4866.0,,
1033101241,,providers_a,sum_srvcs,MAD z-score >= 8 (extreme outlier),9134.1,,
1033182704,,providers_a,sum_srvcs,MAD z-score >= 8 (extreme outlier),8548.0,,
1023350519,,providers_a,sum_srvcs,MAD z-score >= 8 (extreme outlier),5132.0,,
1023033149,,providers_a,sum_srvcs,MAD z-score >= 8 (extreme outlier),12030.0,,
1033255773,,providers_a,sum_srvcs,MAD z-score >= 8 (extreme outlier),12415.0,,
1033107883,,providers_a,sum_srvcs,MAD z-score >= 8 (extreme outlier),7300.0,,
1033548383,,providers_a,sum_srvcs,MAD z-score >= 8 (extreme outlier),9208.0,,
1023059169,,providers_a,sum_srvcs,MAD z-score >= 8 (extreme outlier),7899.0,,
1003139932,,providers_a,sum_srvcs,MAD z-score >= 8 (extreme outlier),4912.0,,
1003130725,,providers_a,sum_srvcs,MAD z-score >= 8 (extreme outlier),7665.0,,
1043690233,,providers_a,sum_srvcs,MAD z-score >= 8 (extreme outlier),11201.0,,
1013169366,,providers_a,sum_srvcs,MAD z-score >= 8 (extreme outlier),25489.0,,
1033112958,,providers_a,sum_srvcs,MAD z-score >= 8 (extreme outlier),5794.0,,
1033367362,,providers_a,sum_srvcs,MAD z-score >= 8 (extreme outlier),5198.0,,
1003448598,,providers_a,sum_srvcs,MAD z-score >= 8 (extreme outlier),5840.0,,
1013904986,,providers_a,sum_srvcs,MAD z-score >= 8 (extreme outlier),26352.0,,
1033260989,,providers_a,sum_srvcs,MAD z-score >= 8 (extreme outlier),6835.0,,
1043214588,,providers_a,sum_srvcs,MAD z-score >= 8 (extreme outlier),6889.0,,
1023007739,,providers_a,sum_srvcs,MAD z-score >= 8 (extreme outlier),11320.0,,
1013968247,,providers_a,sum_srvcs,MAD z-score >= 8 (extreme outlier),5684.0,,
1033291786,,providers_a,sum_srvcs,MAD z-score >= 8 (extreme outlier),13144.0,,
1043633324,,providers_a,sum_srvcs,MAD z-score >= 8 (extreme outlier),9988.0,,
1043257835,,providers_a,sum_srvcs,MAD z-score >= 8 (extreme outlier),6059.0,,
1013163211,,providers_a,sum_srvcs,MAD z-score >= 8 (extreme outlier),7722.0,,
1033750898,,providers_a,sum_srvcs,MAD z-score >= 8 (extreme outlier),7713.0,,
1013982024,,providers_a,sum_srvcs,MAD z-score >= 8 (extreme outlier),17304.0,,
1013975903,,providers_a,sum_srvcs,MAD z-score >= 8 (extreme outlier),197739.0,,
1023684180,,providers_a,sum_srvcs,MAD z-score >= 8 (extreme outlier),4881.0,,
1033134317,,providers_a,sum_srvcs,MAD z-score >= 8 (extreme outlier),54136.0,,
1003270588,,providers_a,sum_srvcs,MAD z-score >= 8 (extreme outlier),14139.0,,
1043576663,,providers_a,sum_srvcs,MAD z-score >= 8 (extreme outlier),20562.0,,
1003804485,,providers_a,sum_srvcs,MAD z-score >= 8 (extreme outlier),36186.0,,
1033322078,,providers_a,sum_srvcs,MAD z-score >= 8 (extreme outlier),6608.0,,
1033358288,,providers_a,sum_srvcs,MAD z-score >= 8 (extreme outlier),84351.0,,
1013988260,,providers_a,sum_srvcs,MAD z-score >= 8 (extreme outlier),11549.0,,
1043263494,,providers_a,sum_srvcs,MAD z-score >= 8 (extreme outlier),41092.0,,
1043284789,,providers_a,sum_srvcs,MAD z-score >= 8 (extreme outlier),5177.0,,
1003827007,,providers_a,sum_srvcs,MAD z-score >= 8 (extreme outlier),25603.0,,
1013070804,,providers_a,sum_srvcs,MAD z-score >= 8 (extreme outlier),6439.0,,
1033371596,,providers_a,sum_srvcs,MAD z-score >= 8 (extreme outlier),31001.0,,
1013924588,,providers_a,sum_srvcs,MAD z-score >= 8 (extreme outlier),6072.0,,
1033552773,,providers_a,sum_srvcs,MAD z-score >= 8 (extreme outlier),5219.0,,
1023278793,,providers_a,sum_srvcs,MAD z-score >= 8 (extreme outlier),6108.0,,
1033120142,,providers_a,sum_srvcs,MAD z-score >= 8 (extreme outlier),11575.0,,
1023120201,,providers_a,sum_srvcs,MAD z-score >= 8 (extreme outlier),7291.0,,
1023547890,,providers_a,sum_srvcs,MAD z-score >= 8 (extreme outlier),7577.0,,
1033239413,,providers_a,sum_srvcs,MAD z-score >= 8 (extreme outlier),92912.0,,
1043475247,,providers_a,sum_srvcs,MAD z-score >= 8 (extreme outlier),8462.0,,
1013098870,,providers_a,sum_srvcs,MAD z-score >= 8 (extreme outlier),114526.0,,
1003863598,,providers_a,sum_srvcs,MAD z-score >= 8 (extreme outlier),9534.0,,
1003878596,,providers_a,sum_srvcs,MAD z-score >= 8 (extreme outlier),299929.5,,
1033523253,,providers_a,sum_srvcs,MAD z-score >= 8 (extreme outlier),11171.0,,
1033147483,,providers_a,sum_srvcs,MAD z-score >= 8 (extreme outlier),7120.0,,
1023013695,,providers_a,sum_srvcs,MAD z-score >= 8 (extreme outlier),5904.0,,
1043290554,,providers_a,sum_srvcs,MAD z-score >= 8 (extreme outlier),4975.0,,
1013497551,,providers_a,sum_srvcs,MAD z-score >= 8 (extreme outlier),4672.0,,
1043959760,,providers_a,sum_srvcs,MAD z-score >= 8 (extreme outlier),4639.0,,
1003849357,,providers_a,sum_srvcs,MAD z-score >= 8 (extreme outlier),6573.0,,
1043571268,,providers_a,sum_srvcs,MAD z-score >= 8 (extreme outlier),5868.0,,
1033258041,,providers_a,sum_srvcs,MAD z-score >= 8 (extreme outlier),4980.0,,
1003869371,,providers_a,sum_srvcs,MAD z-score >= 8 (extreme outlier),4682.0,,
1043503907,,providers_a,sum_srvcs,MAD z-score >= 8 (extreme outlier),6912.0,,
1003835117,,providers_a,sum_srvcs,MAD z-score >= 8 (extreme outlier),4788.0,,
1043521198,,providers_a,sum_srvcs,MAD z-score >= 8 (extreme outlier),16404.0,,
1003913252,,providers_a,sum_srvcs,MAD z-score >= 8 (extreme outlier),4900.0,,
1003441288,,providers_a,sum_srvcs,MAD z-score >= 8 (extreme outlier),6586.0,,
1013933266,,providers_a,sum_srvcs,MAD z-score >= 8 (extreme outlier),6297.0,,
1033466933,,providers_a,sum_srvcs,MAD z-score >= 8 (extreme outlier),25297.0,,
1033147491,,providers_a,sum_srvcs,MAD z-score >= 8 (extreme outlier),8320.0,,
1013120104,,providers_a,sum_srvcs,MAD z-score >= 8 (extreme outlier),24421.0,,
1033102199,,providers_a,sum_srvcs,MAD z-score >= 8 (extreme outlier),6346.0,,
1033144316,,providers_a,sum_srvcs,MAD z-score >= 8 (extreme outlier),4661.0,,
1003089772,,providers_a,sum_srvcs,MAD z-score >= 8 (extreme outlier),5200.0,,
1013670108,,providers_a,sum_srvcs,MAD z-score >= 8 (extreme outlier),4871.0,,
1003856055,,providers_a,sum_srvcs,MAD z-score >= 8 (extreme outlier),4883.0,,
1023056306,,providers_a,sum_srvcs,MAD z-score >= 8 (extreme outlier),4925.0,,
1033107586,,providers_a,sum_srvcs,MAD z-score >= 8 (extreme outlier),5260.1,,
1013316330,,providers_a,sum_srvcs,MAD z-score >= 8 (extreme outlier),9333.0,,
1013335173,,providers_a,sum_srvcs,MAD z-score >= 8 (extreme outlier),12580.0,,
1013912278,,providers_a,sum_srvcs,MAD z-score >= 8 (extreme outlier),5606.5,,
1033179072,,providers_a,sum_srvcs,MAD z-score >= 8 (extreme outlier),6911.0,,
1033370986,,providers_a,sum_srvcs,MAD z-score >= 8 (extreme outlier),188138.0,,
1003072786,,providers_a,sum_srvcs,MAD z-score >= 8 (extreme outlier),7789.0,,
1033273040,,providers_a,sum_srvcs,MAD z-score >= 8 (extreme outlier),54687.0,,
1013569151,,providers_a,sum_srvcs,MAD z-score >= 8 (extreme outlier),22049.0,,
1043594344,,providers_a,sum_srvcs,MAD z-score >= 8 (extreme outlier),5138.0,,
1033426622,,providers_a,sum_srvcs,MAD z-score >= 8 (extreme outlier),49136.1,,
1043299639,,providers_a,sum_srvcs,MAD z-score >= 8 (extreme outlier),5402.0,,
1033559430,,providers_a,sum_srvcs,MAD z-score >= 8 (extreme outlier),59649.0,,
1023058245,,providers_a,sum_srvcs,MAD z-score >= 8 (extreme outlier),12399.0,,
1013980440,,providers_a,sum_srvcs,MAD z-score >= 8 (extreme outlier),10058.0,,
1043288673,,providers_a,sum_srvcs,MAD z-score >= 8 (extreme outlier),726113.0,,
1033301320,,providers_a,sum_srvcs,MAD z-score >= 8 (extreme outlier),13886.0,,
1043326929,,providers_a,sum_srvcs,MAD z-score >= 8 (extreme outlier),5229.0,,
1043737166,,providers_a,sum_srvcs,MAD z-score >= 8 (extreme outlier),6398.0,,
1013171420,,providers_a,sum_srvcs,MAD z-score >= 8 (extreme outlier),297171.0,,
1023028925,,providers_a,sum_srvcs,MAD z-score >= 8 (extreme outlier),16607.0,,
1003875477,,providers_a,sum_srvcs,MAD z-score >= 8 (extreme outlier),4885.0,,
1003257775,,providers_a,sum_srvcs,MAD z-score >= 8 (extreme outlier),5410.0,,
1053319640,,providers_a,sum_srvcs,MAD z-score >= 8 (extreme outlier),7048.0,,
1033150784,,providers_a,sum_srvcs,MAD z-score >= 8 (extreme outlier),4966.0,,
1013021369,,providers_a,sum_srvcs,MAD z-score >= 8 (extreme outlier),5960.0,,
1043659790,,providers_a,sum_srvcs,MAD z-score >= 8 (extreme outlier),18197.0,,
1043659980,,providers_a,sum_srvcs,MAD z-score >= 8 (extreme outlier),54868.0,,
1053300632,,providers_a,sum_srvcs,MAD z-score >= 8 (extreme outlier),23636.0,,
1013207653,,providers_a,sum_srvcs,MAD z-score >= 8 (extreme outlier),7008.0,,
1043360704,,providers_a,sum_srvcs,MAD z-score >= 8 (extreme outlier),25336.0,,
1033246624,,providers_a,sum_srvcs,MAD z-score >= 8 (extreme outlier),33142.9,,
1023547932,,providers_a,sum_srvcs,MAD z-score >= 8 (extreme outlier),99471.0,,
1013259159,,providers_a,sum_srvcs,MAD z-score >= 8 (extreme outlier),5008.0,,
1023127206,,providers_a,sum_srvcs,MAD z-score >= 8 (extreme outlier),14494.2,,
1013000405,,providers_a,sum_srvcs,MAD z-score >= 8 (extreme outlier),8980.0,,
1023269313,,providers_a,sum_srvcs,MAD z-score >= 8 (extreme outlier),8719.0,,
1023403201,,providers_a,sum_srvcs,MAD z-score >= 8 (extreme outlier),83601.0,,
1033240395,,providers_a,sum_srvcs,MAD z-score >= 8 (extreme outlier),6196.0,,
1013282631,,providers_a,sum_srvcs,MAD z-score >= 8 (extreme outlier),17525.0,,
1033153101,,providers_a,sum_srvcs,MAD z-score >= 8 (extreme outlier),5969.0,,
1043475486,,providers_a,sum_srvcs,MAD z-score >= 8 (extreme outlier),6758.0,,
1003813015,,providers_a,sum_srvcs,MAD z-score >= 8 (extreme outlier),39043.0,,
1023049079,,providers_a,sum_srvcs,MAD z-score >= 8 (extreme outlier),29875.0,,
1003865148,,providers_a,sum_srvcs,MAD z-score >= 8 (extreme outlier),7914.0,,
1013262708,,providers_a,sum_srvcs,MAD z-score >= 8 (extreme outlier),5551.0,,
1003295403,,providers_a,sum_srvcs,MAD z-score >= 8 (extreme outlier),12599.0,,
1023083888,,providers_a,sum_srvcs,MAD z-score >= 8 (extreme outlier),13594.0,,
1003024191,,providers_a,sum_srvcs,MAD z-score >= 8 (extreme outlier),29261.0,,
1053308593,,providers_a,sum_srvcs,MAD z-score >= 8 (extreme outlier),34515.0,,
1033210067,,providers_a,sum_srvcs,MAD z-score >= 8 (extreme outlier),6059.0,,
1033268040,,providers_a,sum_srvcs,MAD z-score >= 8 (extreme outlier),5419.0,,
1033172895,,providers_a,sum_srvcs,MAD z-score >= 8 (extreme outlier),98335.0,,
1053327643,,providers_a,sum_srvcs,MAD z-score >= 8 (extreme outlier),7243.0,,
1043254469,,providers_a,sum_srvcs,MAD z-score >= 8 (extreme outlier),711260.0,,
1033406350,,providers_a,sum_srvcs,MAD z-score >= 8 (extreme outlier),5204.0,,
1023124054,,providers_a,sum_srvcs,MAD z-score >= 8 (extreme outlier),12072.0,,
1033476080,,providers_a,sum_srvcs,MAD z-score >= 8 (extreme outlier),6062.0,,
1023052578,,providers_a,sum_srvcs,MAD z-score >= 8 (extreme outlier),4745.0,,
1033256243,,providers_a,sum_srvcs,MAD z-score >= 8 (extreme outlier),24026.0,,
1033147376,,providers_a,sum_srvcs,MAD z-score >= 8 (extreme outlier),6905.0,,
1013999606,,providers_a,sum_srvcs,MAD z-score >= 8 (extreme outlier),9954.0,,
1003201146,,providers_a,sum_srvcs,MAD z-score >= 8 (extreme outlier),9387.0,,
1023763067,,providers_a,sum_srvcs,MAD z-score >= 8 (extreme outlier),5215.0,,
1003170762,,providers_a,sum_srvcs,MAD z-score >= 8 (extreme outlier),5292.0,,
1033105929,,providers_a,sum_srvcs,MAD z-score >= 8 (extreme outlier),35205.0,,
1053327171,,providers_a,sum_srvcs,MAD z-score >= 8 (extreme outlier),8126.0,,
1003174053,,providers_a,sum_srvcs,MAD z-score >= 8 (extreme outlier),5197.0,,
1023100625,,providers_a,sum_srvcs,MAD z-score >= 8 (extreme outlier),4963.0,,
1033361811,,providers_a,sum_srvcs,MAD z-score >= 8 (extreme outlier),28564.0,,
1033197819,,providers_a,sum_srvcs,MAD z-score >= 8 (extreme outlier),10007.0,,
1023070828,,providers_a,sum_srvcs,MAD z-score >= 8 (extreme outlier),5128.0,,
1003805664,,providers_a,sum_srvcs,MAD z-score >= 8 (extreme outlier),5747.0,,
1013197649,,providers_a,sum_srvcs,MAD z-score >= 8 (extreme outlier),13643.0,,
1023493020,,providers_a,sum_srvcs,MAD z-score >= 8 (extreme outlier),10451.0,,
1013917103,,providers_a,sum_srvcs,MAD z-score >= 8 (extreme outlier),14044.0,,
1033198833,,providers_a,sum_srvcs,MAD z-score >= 8 (extreme outlier),8211.0,,
1013271485,,providers_a,sum_srvcs,MAD z-score >= 8 (extreme outlier),5805.0,,
1043206527,,providers_a,sum_srvcs,MAD z-score >= 8 (extreme outlier),6059.0,,
1003922881,,providers_a,sum_srvcs,MAD z-score >= 8 (extreme outlier),14145.0,,
1003290834,,providers_a,sum_srvcs,MAD z-score >= 8 (extreme outlier),9019.0,,
1043741804,,providers_a,sum_srvcs,MAD z-score >= 8 (extreme outlier),9390.0,,
1043500937,,providers_a,sum_srvcs,MAD z-score >= 8 (extreme outlier),60790.0,,
1023551298,,providers_a,sum_srvcs,MAD z-score >= 8 (extreme outlier),6219.6,,
1023090289,,providers_a,sum_srvcs,MAD z-score >= 8 (extreme outlier),6857.0,,
1023133253,,providers_a,sum_srvcs,MAD z-score >= 8 (extreme outlier),6399.1,,
1043428089,,providers_a,sum_srvcs,MAD z-score >= 8 (extreme outlier),19528.0,,
1023299799,,providers_a,sum_srvcs,MAD z-score >= 8 (extreme outlier),5970.0,,
1033775622,,providers_a,sum_srvcs,MAD z-score >= 8 (extreme outlier),5157.0,,
1023305638,,providers_a,sum_srvcs,MAD z-score >= 8 (extreme outlier),5632.0,,
,,providers_b,sum_payment_amount,MAD z-score >= 8 (extreme outlier),,90086.0,297.61
,,providers_b,sum_payment_amount,MAD z-score >= 8 (extreme outlier),,255360.0,374.9
,,providers_b,sum_payment_amount,MAD z-score >= 8 (extreme outlier),,475659.0,2873.42
,,providers_b,sum_payment_amount,MAD z-score >= 8 (extreme outlier),,811967.0,2500.0
,,providers_b,sum_payment_amount,MAD z-score >= 8 (extreme outlier),,45615.0,9712.0
,,providers_b,sum_payment_amount,MAD z-score >= 8 (extreme outlier),,481281.0,460.45
,,providers_b,sum_payment_amount,MAD z-score >= 8 (extreme outlier),,166628.0,1101.3
,,providers_b,sum_payment_amount,MAD z-score >= 8 (extreme outlier),,11141615.0,321.73
,,providers_b,sum_payment_amount,MAD z-score >= 8 (extreme outlier),,11286810.0,437.86
,,providers_b,sum_payment_amount,MAD z-score >= 8 (extreme outlier),,117162.0,239575.0
,,providers_b,sum_payment_amount,MAD z-score >= 8 (extreme outlier),,141020.0,1437.98
,,providers_b,sum_payment_amount,MAD z-score >= 8 (extreme outlier),,11066911.0,285.98
,,providers_b,sum_payment_amount,MAD z-score >= 8 (extreme outlier),,11088977.0,477.52
,,providers_b,sum_payment_amount,MAD z-score >= 8 (extreme outlier),,281665.0,24937.5
,,providers_b,sum_payment_amount,MAD z-score >= 8 (extreme outlier),,597862.0,370.19
,,providers_b,sum_payment_amount,MAD z-score >= 8 (extreme outlier),,742380.0,3279.24
,,providers_b,sum_payment_amount,MAD z-score >= 8 (extreme outlier),,362147.0,348.97
,,providers_b,sum_payment_amount,MAD z-score >= 8 (extreme outlier),,1362622.0,328.14
,,providers_b,sum_payment_amount,MAD z-score >= 8 (extreme outlier),,35412.0,1697.78
,,providers_b,sum_payment_amount,MAD z-score >= 8 (extreme outlier),,10956537.0,384.15999999999997
,,providers_b,sum_payment_amount,MAD z-score >= 8 (extreme outlier),,202877.0,334.37
,,providers_b,sum_payment_amount,MAD z-score >= 8 (extreme outlier),,7210616.0,1872.05
,,providers_b,sum_payment_amount,MAD z-score >= 8 (extreme outlier),,10581705.0,337.96
,,providers_b,sum_payment_amount,MAD z-score >= 8 (extreme outlier),,1241179.0,9535.630000000001
,,providers_b,sum_payment_amount,MAD z-score >= 8 (extreme outlier),,251465.0,3000.0
,,providers_b,sum_payment_amount,MAD z-score >= 8 (extreme outlier),,4413334.0,288.15
,,providers_b,sum_payment_amount,MAD z-score >= 8 (extreme outlier),,707489.0,281.94
,,providers_b,sum_payment_amount,MAD z-score >= 8 (extreme outlier),,941159.0,1579.02
,,providers_b,sum_payment_amount,MAD z-score >= 8 (extreme outlier),,10960237.0,875.95
,,providers_b,sum_payment_amount,MAD z-score >= 8 (extreme outlier),,7220942.0,466.08000000000004
,,providers_b,sum_payment_amount,MAD z-score >= 8 (extreme outlier),,10633328.0,1511.82
,,providers_b,sum_payment_amount,MAD z-score >= 8 (extreme outlier),,27370.0,6664.33
,,providers_b,sum_payment_amount,MAD z-score >= 8 (extreme outlier),,148716.0,1870.94
,,providers_b,sum_payment_amount,MAD z-score >= 8 (extreme outlier),,229741.0,6081.08
,,providers_b,sum_payment_amount,MAD z-score >= 8 (extreme outlier),,6158.0,2532.76
,,providers_b,sum_payment_amount,MAD z-score >= 8 (extreme outlier),,118443.0,300.84000000000003
,,providers_b,sum_payment_amount,MAD z-score >= 8 (extreme outlier),,328400.0,512.56
,,providers_b,sum_payment_amount,MAD z-score >= 8 (extreme outlier),,10810018.0,305.87
,,providers_b,sum_payment_amount,MAD z-score >= 8 (extreme outlier),,241716.0,397.28999999999996
,,providers_b,sum_payment_amount,MAD z-score >= 8 (extreme outlier),,435226.0,580.83
,,providers_b,sum_payment_amount,MAD z-score >= 8 (extreme outlier),,283961.0,293.61
,,providers_b,sum_payment_amount,MAD z-score >= 8 (extreme outlier),,309376.0,402.64
,,providers_b,sum_payment_amount,MAD z-score >= 8 (extreme outlier),,997533.0,306.81
,,providers_b,sum_payment_amount,MAD z-score >= 8 (extreme outlier),,173414.0,3000.0
,,providers_b,sum_payment_amount,MAD z-score >= 8 (extreme outlier),,209953.0,1448.69
,,providers_b,sum_payment_amount,MAD z-score >= 8 (extreme outlier),,2196925.0,453.40999999999997
,,providers_b,sum_payment_amount,MAD z-score >= 8 (extreme outlier),,252891.0,616.15
,,providers_b,sum_payment_amount,MAD z-score >= 8 (extreme outlier),,7692.0,27155.71
,,providers_b,sum_payment_amount,MAD z-score >= 8 (extreme outlier),,130106.0,9449.21
,,providers_b,sum_payment_amount,MAD z-score >= 8 (extreme outlier),,579403.0,1369.35
,,providers_b,sum_payment_amount,MAD z-score >= 8 (extreme outlier),,34750.0,801.8
,,providers_b,sum_payment_amount,MAD z-score >= 8 (extreme outlier),,10837075.0,379.05
,,providers_b,sum_payment_amount,MAD z-score >= 8 (extreme outlier),,254702.0,700.0
,,providers_b,sum_payment_amount,MAD z-score >= 8 (extreme outlier),,11144532.0,285.36
,,providers_b,sum_payment_amount,MAD z-score >= 8 (extreme outlier),,1275823.0,880.45
,,providers_b,sum_payment_amount,MAD z-score >= 8 (extreme outlier),,1211520.0,2484.78
,,providers_b,sum_payment_amount,MAD z-score >= 8 (extreme outlier),,11103214.0,288.93
,,providers_b,sum_payment_amount,MAD z-score >= 8 (extreme outlier),,348067.0,348.18
,,providers_b,sum_payment_amount,MAD z-score >= 8 (extreme outlier),,590859.0,20295.13
,,providers_b,sum_payment_amount,MAD z-score >= 8 (extreme outlier),,70077.0,428.59
,,providers_b,sum_payment_amount,MAD z-score >= 8 (extreme outlier),,10888753.0,275.09000000000003
,,providers_b,sum_payment_amount,MAD z-score >= 8 (extreme outlier),,149577.0,335.18
,,providers_b,sum_payment_amount,MAD z-score >= 8 (extreme outlier),,124075.0,301.7
,,providers_b,sum_payment_amount,MAD z-score >= 8 (extreme outlier),,75551.0,690.9
,,providers_b,sum_payment_amount,MAD z-score >= 8 (extreme outlier),,11050342.0,302.88
,,providers_b,sum_payment_amount,MAD z-score >= 8 (extreme outlier),,10754247.0,282.09000000000003
,,providers_b,sum_payment_amount,MAD z-score >= 8 (extreme outlier),,1169831.0,278.7
,,providers_b,sum_payment_amount,MAD z-score >= 8 (extreme outlier),,1239573.0,397.67
,,providers_b,sum_payment_amount,MAD z-score >= 8 (extreme outlier),,9850693.0,296.19
,,providers_b,sum_payment_amount,MAD z-score >= 8 (extreme outlier),,127398.0,2918.02
,,providers_b,sum_payment_amount,MAD z-score >= 8 (extreme outlier),,11284564.0,301.3
,,providers_b,sum_payment_amount,MAD z-score >= 8 (extreme outlier),,1190958.0,566.06
,,providers_b,sum_payment_amount,MAD z-score >= 8 (extreme outlier),,11028461.0,396.96
,,providers_b,sum_payment_amount,MAD z-score >= 8 (extreme outlier),,1290423.0,301.2
,,providers_b,sum_payment_amount,MAD z-score >= 8 (extreme outlier),,11192496.0,1062.29
,,providers_b,sum_payment_amount,MAD z-score >= 8 (extreme outlier),,11030543.0,302.71
,,providers_b,sum_payment_amount,MAD z-score >= 8 (extreme outlier),,48599.0,1440.59
,,providers_b,sum_payment_amount,MAD z-score >= 8 (extreme outlier),,10532748.0,1511.82
,,providers_b,sum_payment_amount,MAD z-score >= 8 (extreme outlier),,288832.0,45722.770000000004
,,providers_b,sum_payment_amount,MAD z-score >= 8 (extreme outlier),,258989.0,1136.45
,,providers_b,sum_payment_amount,MAD z-score >= 8 (extreme outlier),,11350323.0,335.16
,,providers_b,sum_payment_amount,MAD z-score >= 8 (extreme outlier),,1305623.0,354.31
,,providers_b,sum_payment_amount,MAD z-score >= 8 (extreme outlier),,207397.0,1571.8
,,providers_b,sum_payment_amount,MAD z-score >= 8 (extreme outlier),,11054227.0,311.43
,,providers_b,sum_payment_amount,MAD z-score >= 8 (extreme outlier),,251008.0,490.47999999999996
,,providers_b,sum_payment_amount,MAD z-score >= 8 (extreme outlier),,62821.0,17954.69
,,providers_b,sum_payment_amount,MAD z-score >= 8 (extreme outlier),,9891566.0,276.99
,,providers_b,sum_payment_amount,MAD z-score >= 8 (extreme outlier),,9049575.0,1423.3000000000002
,,providers_b,sum_payment_amount,MAD z-score >= 8 (extreme outlier),,144226.0,779.5
,,providers_b,sum_payment_amount,MAD z-score >= 8 (extreme outlier),,9367584.0,1313.79
,,providers_b,sum_payment_amount,MAD z-score >= 8 (extreme outlier),,20585.0,387.27
,,providers_b,sum_payment_amount,MAD z-score >= 8 (extreme outlier),,10683303.0,328.39
,,providers_b,sum_payment_amount,MAD z-score >= 8 (extreme outlier),,595902.0,513.2
,,providers_b,sum_payment_amount,MAD z-score >= 8 (extreme outlier),,775931.0,3689.38
,,providers_b,sum_payment_amount,MAD z-score >= 8 (extreme outlier),,11496983.0,283.56
,,providers_b,sum_payment_amount,MAD z-score >= 8 (extreme outlier),,5656515.0,1738.29
,,providers_b,sum_payment_amount,MAD z-score >= 8 (extreme outlier),,858499.0,9720.66
,,providers_b,sum_payment_amount,MAD z-score >= 8 (extreme outlier),,1242483.0,1848.93
,,providers_b,sum_payment_amount,MAD z-score >= 8 (extreme outlier),,797956.0,1648.88
,,providers_b,sum_payment_amount,MAD z-score >= 8 (extreme outlier),,70995.0,311.01
,,providers_b,sum_payment_amount,MAD z-score >= 8 (extreme outlier),,213098.0,7865.0
,,providers_b,sum_payment_amount,MAD z-score >= 8 (extreme outlier),,315720.0,831.24
,,providers_b,sum_payment_amount,MAD z-score >= 8 (extreme outlier),,618135.0,3067.0
,,providers_b,sum_payment_amount,MAD z-score >= 8 (extreme outlier),,170730.0,522.25
,,providers_b,sum_payment_amount,MAD z-score >= 8 (extreme outlier),,96558.0,634.52
,,providers_b,sum_payment_amount,MAD z-score >= 8 (extreme outlier),,862621.0,429.0
,,providers_b,sum_payment_amount,MAD z-score >= 8 (extreme outlier),,639980.0,489.0
,,providers_b,sum_payment_amount,MAD z-score >= 8 (extreme outlier),,109740.0,5271.83
,,providers_b,sum_payment_amount,MAD z-score >= 8 (extreme outlier),,11368487.0,396.62
,,providers_b,sum_payment_amount,MAD z-score >= 8 (extreme outlier),,53442.0,1191.5900000000001
,,providers_b,sum_payment_amount,MAD z-score >= 8 (extreme outlier),,4046552.0,6666.67
,,providers_b,sum_payment_amount,MAD z-score >= 8 (extreme outlier),,317236.0,9406.35
,,providers_b,sum_payment_amount,MAD z-score >= 8 (extreme outlier),,1246439.0,654.91
,,providers_b,sum_payment_amount,MAD z-score >= 8 (extreme outlier),,187990.0,792.55
,,providers_b,sum_payment_amount,MAD z-score >= 8 (extreme outlier),,11028074.0,901.2
,,providers_b,sum_payment_amount,MAD z-score >= 8 (extreme outlier),,137341.0,55936.11
,,providers_b,sum_payment_amount,MAD z-score >= 8 (extreme outlier),,95972.0,2625.0
,,providers_b,sum_payment_amount,MAD z-score >= 8 (extreme outlier),,11173010.0,404.2
,,providers_b,sum_payment_amount,MAD z-score >= 8 (extreme outlier),,419975.0,45000.0
,,providers_b,sum_payment_amount,MAD z-score >= 8 (extreme outlier),,11248931.0,844.56
,,providers_b,sum_payment_amount,MAD z-score >= 8 (extreme outlier),,1084756.0,565.62
,,providers_b,sum_payment_amount,MAD z-score >= 8 (extreme outlier),,220493.0,6979.46
,,providers_b,sum_payment_amount,MAD z-score >= 8 (extreme outlier),,11245252.0,334.18
,,providers_b,sum_payment_amount,MAD z-score >= 8 (extreme outlier),,317450.0,395.43
,,providers_b,sum_payment_amount,MAD z-score >= 8 (extreme outlier),,718952.0,840.0
,,providers_b,sum_payment_amount,MAD z-score >= 8 (extreme outlier),,785394.0,396.69
,,providers_b,sum_payment_amount,MAD z-score >= 8 (extreme outlier),,95436.0,751.7
,,providers_b,sum_payment_amount,MAD z-score >= 8 (extreme outlier),,991578.0,495.21
,,providers_b,sum_payment_amount,MAD z-score >= 8 (extreme outlier),,125206.0,434.34999999999997
,,providers_b,sum_payment_amount,MAD z-score >= 8 (extreme outlier),,480758.0,1717.31
,,providers_b,sum_payment_amount,MAD z-score >= 8 (extreme outlier),,3849409.0,3000.0
,,providers_b,sum_payment_amount,MAD z-score >= 8 (extreme outlier),,8801559.0,291.83
,,providers_b,sum_payment_amount,MAD z-score >= 8 (extreme outlier),,9503913.0,2188.48
,,providers_b,sum_payment_amount,MAD z-score >= 8 (extreme outlier),,11001170.0,390.8
,,providers_b,sum_payment_amount,MAD z-score >= 8 (extreme outlier),,3761.0,1186.52
,,providers_b,sum_payment_amount,MAD z-score >= 8 (extreme outlier),,137128.0,5119.58
,,providers_b,sum_payment_amount,MAD z-score >= 8 (extreme outlier),,74079.0,2565.34
,,providers_b,sum_payment_amount,MAD z-score >= 8 (extreme outlier),,4882004.0,526.85
,,providers_b,sum_payment_amount,MAD z-score >= 8 (extreme outlier),,4216849.0,389.42
,,providers_b,sum_payment_amount,MAD z-score >= 8 (extreme outlier),,11424395.0,373.72999999999996
,,providers_b,sum_payment_amount,MAD z-score >= 8 (extreme outlier),,236379.0,328.63
,,providers_b,sum_payment_amount,MAD z-score >= 8 (extreme outlier),,195054.0,416.59000000000003
,,providers_b,sum_payment_amount,MAD z-score >= 8 (extreme outlier),,4219189.0,3118.17
,,providers_b,sum_payment_amount,MAD z-score >= 8 (extreme outlier),,11194454.0,537.73
,,providers_b,sum_payment_amount,MAD z-score >= 8 (extreme outlier),,1153885.0,1987.29
,,providers_b,sum_payment_amount,MAD z-score >= 8 (extreme outlier),,10623639.0,406.10999999999996
,,providers_b,sum_payment_amount,MAD z-score >= 8 (extreme outlier),,70632.0,1345.4
,,providers_b,sum_payment_amount,MAD z-score >= 8 (extreme outlier),,36471.0,411.18
,,providers_b,sum_payment_amount,MAD z-score >= 8 (extreme outlier),,287946.0,7915.259999999999
,,providers_b,sum_payment_amount,MAD z-score >= 8 (extreme outlier),,841317.0,690.76
,,providers_b,sum_payment_amount,MAD z-score >= 8 (extreme outlier),,807113.0,6000.0
,,providers_b,sum_payment_amount,MAD z-score >= 8 (extreme outlier),,60646.0,800.0
,,providers_b,sum_payment_amount,MAD z-score >= 8 (extreme outlier),,9740987.0,342.81
,,providers_b,sum_payment_amount,MAD z-score >= 8 (extreme outlier),,95204.0,431.74
,,providers_b,sum_payment_amount,MAD z-score >= 8 (extreme outlier),,10517994.0,314.65
,,providers_b,sum_payment_amount,MAD z-score >= 8 (extreme outlier),,10565184.0,281.48
,,providers_b,sum_payment_amount,MAD z-score >= 8 (extreme outlier),,10969909.0,646.36
,,providers_b,sum_payment_amount,MAD z-score >= 8 (extreme outlier),,282826.0,5665.53
,,providers_b,sum_payment_amount,MAD z-score >= 8 (extreme outlier),,11225033.0,298.92
,,providers_b,sum_payment_amount,MAD z-score >= 8 (extreme outlier),,192470.0,34057.92
,,providers_b,sum_payment_amount,MAD z-score >= 8 (extreme outlier),,484538.0,1404.84
,,providers_b,sum_payment_amount,MAD z-score >= 8 (extreme outlier),,10592576.0,281.47
,,providers_b,sum_payment_amount,MAD z-score >= 8 (extreme outlier),,11464503.0,8333.33
,,providers_b,sum_payment_amount,MAD z-score >= 8 (extreme outlier),,327485.0,22677.05
,,providers_b,sum_payment_amount,MAD z-score >= 8 (extreme outlier),,387663.0,11043.64
,,providers_b,sum_payment_amount,MAD z-score >= 8 (extreme outlier),,4209205.0,461.57
,,providers_b,sum_payment_amount,MAD z-score >= 8 (extreme outlier),,169110.0,282.25
,,providers_b,sum_payment_amount,MAD z-score >= 8 (extreme outlier),,4346139.0,353.11
,,providers_b,sum_payment_amount,MAD z-score >= 8 (extreme outlier),,206652.0,584.13
,,providers_b,sum_payment_amount,MAD z-score >= 8 (extreme outlier),,249054.0,1753.67
,,providers_b,sum_payment_amount,MAD z-score >= 8 (extreme outlier),,1068474.0,8172.99
,,providers_b,sum_payment_amount,MAD z-score >= 8 (extreme outlier),,11195544.0,389.91
,,providers_b,sum_payment_amount,MAD z-score >= 8 (extreme outlier),,10506352.0,1031.6799999999998
,,providers_b,sum_payment_amount,MAD z-score >= 8 (extreme outlier),,10554094.0,674.53
,,providers_b,sum_payment_amount,MAD z-score >= 8 (extreme outlier),,336776.0,1537.6399999999999
,,providers_b,sum_payment_amount,MAD z-score >= 8 (extreme outlier),,2435.0,1467.4499999999998
,,providers_b,sum_payment_amount,MAD z-score >= 8 (extreme outlier),,11035980.0,306.65999999999997
,,providers_b,sum_payment_amount,MAD z-score >= 8 (extreme outlier),,891696.0,305.0
,,providers_b,sum_payment_amount,MAD z-score >= 8 (extreme outlier),,10456601.0,397.37
,,providers_b,sum_payment_amount,MAD z-score >= 8 (extreme outlier),,183056.0,506.86
,,providers_b,sum_payment_amount,MAD z-score >= 8 (extreme outlier),,1227040.0,313.84
,,providers_b,sum_payment_amount,MAD z-score >= 8 (extreme outlier),,62773.0,4251.67
,,providers_b,sum_payment_amount,MAD z-score >= 8 (extreme outlier),,11120345.0,1218.35
,,providers_b,sum_payment_amount,MAD z-score >= 8 (extreme outlier),,116643.0,283.15
,,providers_b,sum_payment_amount,MAD z-score >= 8 (extreme outlier),,426362.0,294.82
,,providers_b,sum_payment_amount,MAD z-score >= 8 (extreme outlier),,135925.0,307.83
,,providers_b,sum_payment_amount,MAD z-score >= 8 (extreme outlier),,251960.0,360.13
,,providers_b,sum_payment_amount,MAD z-score >= 8 (extreme outlier),,1305272.0,1464.4
,,providers_b,sum_payment_amount,MAD z-score >= 8 (extreme outlier),,10579571.0,4305.71
,,providers_b,sum_payment_amount,MAD z-score >= 8 (extreme outlier),,541724.0,413.1
,,providers_b,sum_payment_amount,MAD z-score >= 8 (extreme outlier),,2865968.0,323.53999999999996
,,providers_b,sum_payment_amount,MAD z-score >= 8 (extreme outlier),,11232568.0,282.13
,,providers_b,sum_payment_amount,MAD z-score >= 8 (extreme outlier),,336335.0,408.89
,,providers_b,sum_payment_amount,MAD z-score >= 8 (extreme outlier),,8988038.0,352.55
,,providers_b,sum_payment_amount,MAD z-score >= 8 (extreme outlier),,65741.0,627.99
,,providers_b,sum_payment_amount,MAD z-score >= 8 (extreme outlier),,638872.0,289.90999999999997
,,providers_b,sum_payment_amount,MAD z-score >= 8 (extreme outlier),,796428.0,297.33
,,providers_b,sum_payment_amount,MAD z-score >= 8 (extreme outlier),,1012633.0,317.38
,,providers_b,sum_payment_amount,MAD z-score >= 8 (extreme outlier),,310115.0,654.6800000000001
,,providers_b,sum_payment_amount,MAD z-score >= 8 (extreme outlier),,188429.0,283.82000000000005
,,providers_b,sum_payment_amount,MAD z-score >= 8 (extreme outlier),,7222591.0,1624.3600000000001
,,providers_b,sum_payment_amount,MAD z-score >= 8 (extreme outlier),,196207.0,3823.7000000000003
,,providers_b,sum_payment_amount,MAD z-score >= 8 (extreme outlier),,405369.0,729.24
,,providers_b,sum_payment_amount,MAD z-score >= 8 (extreme outlier),,2712886.0,1447.04
,,providers_b,sum_payment_amount,MAD z-score >= 8 (extreme outlier),,114284.0,276.55
,,providers_b,sum_payment_amount,MAD z-score >= 8 (extreme outlier),,10433439.0,305.84000000000003
,,providers_b,sum_payment_amount,MAD z-score >= 8 (extreme outlier),,922059.0,1443.89
,,providers_b,sum_payment_amount,MAD z-score >= 8 (extreme outlier),,10579572.0,304.97
,,providers_b,sum_payment_amount,MAD z-score >= 8 (extreme outlier),,145312.0,292.18
,,providers_b,sum_payment_amount,MAD z-score >= 8 (extreme outlier),,244614.0,350.71000000000004
,,providers_b,sum_payment_amount,MAD z-score >= 8 (extreme outlier),,702889.0,1327.46
,,providers_b,sum_payment_amount,MAD z-score >= 8 (extreme outlier),,10852503.0,421.21
,,providers_b,sum_payment_amount,MAD z-score >= 8 (extreme outlier),,11033916.0,429.71000000000004
,,providers_b,sum_payment_amount,MAD z-score >= 8 (extreme outlier),,359902.0,304.7
,,providers_b,sum_payment_amount,MAD z-score >= 8 (extreme outlier),,602044.0,382.53999999999996
,,providers_b,sum_payment_amount,MAD z-score >= 8 (extreme outlier),,16378.0,314.06
,,providers_b,sum_payment_amount,MAD z-score >= 8 (extreme outlier),,5345085.0,17853.28
,,providers_b,sum_payment_amount,MAD z-score >= 8 (extreme outlier),,115709.0,7705.87
,,providers_b,sum_payment_amount,MAD z-score >= 8 (extreme outlier),,5268961.0,58338.98
,,providers_b,sum_payment_amount,MAD z-score >= 8 (extreme outlier),,955857.0,380.34999999999997
,,providers_b,sum_payment_amount,MAD z-score >= 8 (extreme outlier),,992690.0,1709.19
,,providers_b,sum_payment_amount,MAD z-score >= 8 (extreme outlier),,2398495.0,3886.27
,,providers_b,sum_payment_amount,MAD z-score >= 8 (extreme outlier),,437106.0,346.57
,,providers_b,sum_payment_amount,MAD z-score >= 8 (extreme outlier),,121878.0,1134.1
,,providers_b,sum_payment_amount,MAD z-score >= 8 (extreme outlier),,10439882.0,401.16999999999996
,,providers_b,sum_payment_amount,MAD z-score >= 8 (extreme outlier),,8802765.0,328.36
,,providers_b,sum_payment_amount,MAD z-score >= 8 (extreme outlier),,10961654.0,287.33
,,providers_b,sum_payment_amount,MAD z-score >= 8 (extreme outlier),,10621369.0,314.51
,,providers_b,sum_payment_amount,MAD z-score >= 8 (extreme outlier),,10958400.0,300.95000000000005
,,providers_b,sum_payment_amount,MAD z-score >= 8 (extreme outlier),,1202631.0,729.41
,,providers_b,sum_payment_amount,MAD z-score >= 8 (extreme outlier),,947397.0,307.69
,,providers_b,sum_payment_amount,MAD z-score >= 8 (extreme outlier),,11363763.0,1396.84
,,providers_b,sum_payment_amount,MAD z-score >= 8 (extreme outlier),,10587711.0,307.71
,,providers_b,sum_payment_amount,MAD z-score >= 8 (extreme outlier),,492615.0,555.79
,,providers_b,sum_payment_amount,MAD z-score >= 8 (extreme outlier),,11143780.0,299.61
,,providers_b,sum_payment_amount,MAD z-score >= 8 (extreme outlier),,295876.0,321.33
,,providers_b,sum_payment_amount,MAD z-score >= 8 (extreme outlier),,9559561.0,2005.19
,,providers_b,sum_payment_amount,MAD z-score >= 8 (extreme outlier),,153281.0,348.68
,,providers_b,sum_payment_amount,MAD z-score >= 8 (extreme outlier),,277656.0,37093.24
,,providers_b,sum_payment_amount,MAD z-score >= 8 (extreme outlier),,223531.0,339.98
,,providers_b,sum_payment_amount,MAD z-score >= 8 (extreme outlier),,238751.0,348.06
,,providers_b,sum_payment_amount,MAD z-score >= 8 (extreme outlier),,11020703.0,314.73
,,providers_b,sum_payment_amount,MAD z-score >= 8 (extreme outlier),,147774.0,1022.9000000000001
,,providers_b,sum_payment_amount,MAD z-score >= 8 (extreme outlier),,568968.0,19781.68
,,providers_b,sum_payment_amount,MAD z-score >= 8 (extreme outlier),,193002.0,283.52
,,providers_b,sum_payment_amount,MAD z-score >= 8 (extreme outlier),,1105559.0,323.58000000000004
,,providers_b,sum_payment_amount,MAD z-score >= 8 (extreme outlier),,11218282.0,314.82
,,providers_b,sum_payment_amount,MAD z-score >= 8 (extreme outlier),,59560.0,6752.17
,,providers_b,sum_payment_amount,MAD z-score >= 8 (extreme outlier),,1049735.0,691.85
,,providers_b,sum_payment_amount,MAD z-score >= 8 (extreme outlier),,10576652.0,281.75
,,providers_b,sum_payment_amount,MAD z-score >= 8 (extreme outlier),,266653.0,274.74
,,providers_b,sum_payment_amount,MAD z-score >= 8 (extreme outlier),,1102193.0,1184.04
,,providers_b,sum_payment_amount,MAD z-score >= 8 (extreme outlier),,8795634.0,459.1
,,providers_b,sum_payment_amount,MAD z-score >= 8 (extreme outlier),,497799.0,348.79
,,providers_b,sum_payment_amount,MAD z-score >= 8 (extreme outlier),,10675654.0,312.49
,,providers_b,sum_payment_amount,MAD z-score >= 8 (extreme outlier),,4224516.0,1048.25
,,providers_b,sum_payment_amount,MAD z-score >= 8 (extreme outlier),,11018188.0,362.66
,,providers_b,sum_payment_amount,MAD z-score >= 8 (extreme outlier),,142713.0,321.39
,,providers_b,sum_payment_amount,MAD z-score >= 8 (extreme outlier),,2792600.0,1925.0
,,providers_b,sum_payment_amount,MAD z-score >= 8 (extreme outlier),,128877.0,380.01
,,providers_b,sum_payment_amount,MAD z-score >= 8 (extreme outlier),,5699052.0,2291.72
,,providers_b,sum_payment_amount,MAD z-score >= 8 (extreme outlier),,46681.0,301.41
,,providers_b,sum_payment_amount,MAD z-score >= 8 (extreme outlier),,10757924.0,401.45
,,providers_b,sum_payment_amount,MAD z-score >= 8 (extreme outlier),,101297.0,761.37
,,providers_b,sum_payment_amount,MAD z-score >= 8 (extreme outlier),,11063826.0,420.90000000000003
,,providers_b,sum_payment_amount,MAD z-score >= 8 (extreme outlier),,55339.0,1741.05
,,providers_b,sum_payment_amount,MAD z-score >= 8 (extreme outlier),,1186655.0,6036.69
,,providers_b,sum_payment_amount,MAD z-score >= 8 (extreme outlier),,60755.0,274.95
,,providers_b,sum_payment_amount,MAD z-score >= 8 (extreme outlier),,304439.0,278.56
,,providers_b,sum_payment_amount,MAD z-score >= 8 (extreme outlier),,72427.0,283.15
,,providers_b,sum_payment_amount,MAD z-score >= 8 (extreme outlier),,580809.0,1181.46
,,providers_b,sum_payment_amount,MAD z-score >= 8 (extreme outlier),,229459.0,661.15
,,providers_b,sum_payment_amount,MAD z-score >= 8 (extreme outlier),,10822537.0,447.63
,,providers_b,sum_payment_amount,MAD z-score >= 8 (extreme outlier),,234591.0,669.96
,,providers_b,sum_payment_amount,MAD z-score >= 8 (extreme outlier),,1141047.0,8492.25
,,providers_b,sum_payment_amount,MAD z-score >= 8 (extreme outlier),,583379.0,397.55
,,providers_b,sum_payment_amount,MAD z-score >= 8 (extreme outlier),,1242883.0,351.07
,,providers_b,sum_payment_amount,MAD z-score >= 8 (extreme outlier),,149396.0,3104.48
,,providers_b,sum_payment_amount,MAD z-score >= 8 (extreme outlier),,254497.0,475.53
,,providers_b,sum_payment_amount,MAD z-score >= 8 (extreme outlier),,6221967.0,285.52
,,providers_b,sum_payment_amount,MAD z-score >= 8 (extreme outlier),,800756.0,350.0
,,providers_b,sum_payment_amount,MAD z-score >= 8 (extreme outlier),,10998553.0,299.96
,,providers_b,sum_payment_amount,MAD z-score >= 8 (extreme outlier),,21600.0,767.0
,,providers_b,sum_payment_amount,MAD z-score >= 8 (extreme outlier),,481941.0,296.75
,,providers_b,sum_payment_amount,MAD z-score >= 8 (extreme outlier),,1381021.0,288.45
,,providers_b,sum_payment_amount,MAD z-score >= 8 (extreme outlier),,11357153.0,443.46
,,providers_b,sum_payment_amount,MAD z-score >= 8 (extreme outlier),,362253.0,2532.48
,,providers_b,sum_payment_amount,MAD z-score >= 8 (extreme outlier),,1390201.0,569.4
,,providers_b,sum_payment_amount,MAD z-score >= 8 (extreme outlier),,11217044.0,280.59
,,providers_b,sum_payment_amount,MAD z-score >= 8 (extreme outlier),,164094.0,619.83
,,providers_b,sum_payment_amount,MAD z-score >= 8 (extreme outlier),,11370393.0,278.38
,,providers_b,sum_payment_amount,MAD z-score >= 8 (extreme outlier),,719221.0,618.16
,,providers_b,sum_payment_amount,MAD z-score >= 8 (extreme outlier),,198004.0,4500.0
,,providers_b,sum_payment_amount,MAD z-score >= 8 (extreme outlier),,210268.0,2391.86
,,providers_b,sum_payment_amount,MAD z-score >= 8 (extreme outlier),,201304.0,1124.5900000000001
,,providers_b,sum_payment_amount,MAD z-score >= 8 (extreme outlier),,1387379.0,1093.45
,,providers_b,sum_payment_amount,MAD z-score >= 8 (extreme outlier),,628538.0,274.62
,,providers_b,sum_payment_amount,MAD z-score >= 8 (extreme outlier),,2690418.0,500.0
,,providers_b,sum_payment_amount,MAD z-score >= 8 (extreme outlier),,733810.0,391.71999999999997
,,providers_b,sum_payment_amount,MAD z-score >= 8 (extreme outlier),,1319309.0,289.31
,,providers_b,sum_payment_amount,MAD z-score >= 8 (extreme outlier),,61388.0,2400.0
,,providers_b,sum_payment_amount,MAD z-score >= 8 (extreme outlier),,8372.0,2750.0
,,providers_b,sum_payment_amount,MAD z-score >= 8 (extreme outlier),,10757736.0,290.77
,,providers_b,sum_payment_amount,MAD z-score >= 8 (extreme outlier),,313831.0,521.72
,,providers_b,sum_payment_amount,MAD z-score >= 8 (extreme outlier),,5243366.0,1649.0
,,providers_b,sum_payment_amount,MAD z-score >= 8 (extreme outlier),,93683.0,5102.73
,,providers_b,sum_payment_amount,MAD z-score >= 8 (extreme outlier),,888837.0,900.0
,,providers_b,sum_payment_amount,MAD z-score >= 8 (extreme outlier),,819470.0,4253.28
,,providers_b,sum_payment_amount,MAD z-score >= 8 (extreme outlier),,10835111.0,496.90000000000003
,,providers_b,sum_payment_amount,MAD z-score >= 8 (extreme outlier),,1198673.0,415.86
,,providers_b,sum_payment_amount,MAD z-score >= 8 (extreme outlier),,328598.0,338.87
,,providers_b,sum_payment_amount,MAD z-score >= 8 (extreme outlier),,260144.0,3141.19
,,providers_b,sum_payment_amount,MAD z-score >= 8 (extreme outlier),,193660.0,1525.56
,,providers_b,sum_payment_amount,MAD z-score >= 8 (extreme outlier),,11049457.0,327.82
,,providers_b,sum_payment_amount,MAD z-score >= 8 (extreme outlier),,1387404.0,284.11
,,providers_b,sum_payment_amount,MAD z-score >= 8 (extreme outlier),,210086.0,316.03
,,providers_b,sum_payment_amount,MAD z-score >= 8 (extreme outlier),,37520.0,626.88
,,providers_b,sum_payment_amount,MAD z-score >= 8 (extreme outlier),,6549883.0,389.8
,,providers_b,sum_payment_amount,MAD z-score >= 8 (extreme outlier),,5591494.0,527.4399999999999
,,providers_b,sum_payment_amount,MAD z-score >= 8 (extreme outlier),,202469.0,287.83
,,providers_b,sum_payment_amount,MAD z-score >= 8 (extreme outlier),,11306431.0,8333.33
,,providers_b,sum_payment_amount,MAD z-score >= 8 (extreme outlier),,11438211.0,300.09
,,providers_b,sum_payment_amount,MAD z-score >= 8 (extreme outlier),,807880.0,1127.75
,,providers_b,sum_payment_amount,MAD z-score >= 8 (extreme outlier),,57240.0,387.98
,,providers_b,sum_payment_amount,MAD z-score >= 8 (extreme outlier),,11035509.0,278.19
,,providers_b,sum_payment_amount,MAD z-score >= 8 (extreme outlier),,117903.0,651.1800000000001
,,providers_b,sum_payment_amount,MAD z-score >= 8 (extreme outlier),,2773873.0,324.3
,,providers_b,sum_payment_amount,MAD z-score >= 8 (extreme outlier),,10649793.0,478.15999999999997
,,providers_b,sum_payment_amount,MAD z-score >= 8 (extreme outlier),,11231696.0,885.71
,,providers_b,sum_payment_amount,MAD z-score >= 8 (extreme outlier),,153630.0,9710.72
,,providers_b,sum_payment_amount,MAD z-score >= 8 (extreme outlier),,152270.0,377.46
,,providers_b,sum_payment_amount,MAD z-score >= 8 (extreme outlier),,11076855.0,410.37
,,providers_b,sum_payment_amount,MAD z-score >= 8 (extreme outlier),,12644.0,455.28
,,providers_b,sum_payment_amount,MAD z-score >= 8 (extreme outlier),,62739.0,311.42
,,providers_b,sum_payment_amount,MAD z-score >= 8 (extreme outlier),,174158.0,466.9
,,providers_b,sum_payment_amount,MAD z-score >= 8 (extreme outlier),,1371547.0,644.49
,,providers_b,sum_payment_amount,MAD z-score >= 8 (extreme outlier),,1668665.0,876.3
,,providers_b,sum_payment_amount,MAD z-score >= 8 (extreme outlier),,567345.0,14678.24
,,providers_b,sum_payment_amount,MAD z-score >= 8 (extreme outlier),,11202662.0,557.0
,,providers_b,sum_payment_amount,MAD z-score >= 8 (extreme outlier),,1022864.0,369.70000000000005
,,providers_b,sum_payment_amount,MAD z-score >= 8 (extreme outlier),,119262.0,2395.6
,,providers_b,sum_payment_amount,MAD z-score >= 8 (extreme outlier),,883995.0,2000.0
,,providers_b,sum_payment_amount,MAD z-score >= 8 (extreme outlier),,20326.0,2158.3
,,providers_b,sum_payment_amount,MAD z-score >= 8 (extreme outlier),,4457377.0,1337.1799999999998
,,providers_b,sum_payment_amount,MAD z-score >= 8 (extreme outlier),,154932.0,600.0
,,providers_b,sum_payment_amount,MAD z-score >= 8 (extreme outlier),,321462.0,375.0
,,providers_b,sum_payment_amount,MAD z-score >= 8 (extreme outlier),,1160171.0,489.0
,,providers_b,sum_payment_amount,MAD z-score >= 8 (extreme outlier),,11136633.0,308.43
,,providers_b,sum_payment_amount,MAD z-score >= 8 (extreme outlier),,289896.0,6069.29
,,providers_b,sum_payment_amount,MAD z-score >= 8 (extreme outlier),,1237718.0,14050.15
,,providers_b,sum_payment_amount,MAD z-score >= 8 (extreme outlier),,1040893.0,230901.95
,,providers_b,sum_payment_amount,MAD z-score >= 8 (extreme outlier),,1228974.0,277.5
,,providers_b,sum_payment_amount,MAD z-score >= 8 (extreme outlier),,1118931.0,1817.03
,,providers_b,sum_payment_amount,MAD z-score >= 8 (extreme outlier),,10959000.0,402.02
,,providers_b,sum_payment_amount,MAD z-score >= 8 (extreme outlier),,146670.0,7470.0
,,providers_b,sum_payment_amount,MAD z-score >= 8 (extreme outlier),,7430741.0,274.62
,,providers_b,sum_payment_amount,MAD z-score >= 8 (extreme outlier),,1384524.0,6157.530000000001
,,providers_b,sum_payment_amount,MAD z-score >= 8 (extreme outlier),,163349.0,20119.72
,,providers_b,sum_payment_amount,MAD z-score >= 8 (extreme outlier),,586937.0,359.5
,,providers_b,sum_payment_amount,MAD z-score >= 8 (extreme outlier),,844787.0,395.58
,,providers_b,sum_payment_amount,MAD z-score >= 8 (extreme outlier),,1067762.0,533.84
,,providers_b,sum_payment_amount,MAD z-score >= 8 (extreme outlier),,960711.0,1960.64
,,providers_b,sum_payment_amount,MAD z-score >= 8 (extreme outlier),,23753.0,287.15999999999997
,,providers_b,sum_payment_amount,MAD z-score >= 8 (extreme outlier),,8615035.0,1510.0
,,providers_b,sum_payment_amount,MAD z-score >= 8 (extreme outlier),,1162997.0,273.78
,,providers_b,sum_payment_amount,MAD z-score >= 8 (extreme outlier),,757627.0,2475.3199999999997
,,providers_b,sum_payment_amount,MAD z-score >= 8 (extreme outlier),,11146011.0,388.12
,,providers_b,sum_payment_amount,MAD z-score >= 8 (extreme outlier),,119330.0,62089.1
,,providers_b,sum_payment_amount,MAD z-score >= 8 (extreme outlier),,7410042.0,298.38
,,providers_b,sum_payment_amount,MAD z-score >= 8 (extreme outlier),,835998.0,18780.59
,,providers_b,sum_payment_amount,MAD z-score >= 8 (extreme outlier),,2250350.0,353.18
,,providers_b,sum_payment_amount,MAD z-score >= 8 (extreme outlier),,1213651.0,4350.0
,,providers_b,sum_payment_amount,MAD z-score >= 8 (extreme outlier),,6844809.0,334.42
,,providers_b,sum_payment_amount,MAD z-score >= 8 (extreme outlier),,32736.0,387.67
,,providers_b,sum_payment_amount,MAD z-score >= 8 (extreme outlier),,10506551.0,918.95
,,providers_b,sum_payment_amount,MAD z-score >= 8 (extreme outlier),,1391514.0,347.56
,,providers_b,sum_payment_amount,MAD z-score >= 8 (extreme outlier),,176938.0,1004.84
,,providers_b,sum_payment_amount,MAD z-score >= 8 (extreme outlier),,13230.0,2376.55
,,providers_b,sum_payment_amount,MAD z-score >= 8 (extreme outlier),,187801.0,63397.69
,,providers_b,sum_payment_amount,MAD z-score >= 8 (extreme outlier),,867849.0,280.76
,,providers_b,sum_payment_amount,MAD z-score >= 8 (extreme outlier),,5699197.0,552.4
,,providers_b,sum_payment_amount,MAD z-score >= 8 (extreme outlier),,10636795.0,302.92
,,providers_b,sum_payment_amount,MAD z-score >= 8 (extreme outlier),,1060506.0,370.0
,,providers_b,sum_payment_amount,MAD z-score >= 8 (extreme outlier),,7226694.0,331.75
,,providers_b,sum_payment_amount,MAD z-score >= 8 (extreme outlier),,358267.0,1403.23
,,providers_b,sum_payment_amount,MAD z-score >= 8 (extreme outlier),,347120.0,376.28
,,providers_b,sum_payment_amount,MAD z-score >= 8 (extreme outlier),,784296.0,2400.0
,,providers_b,sum_payment_amount,MAD z-score >= 8 (extreme outlier),,200939.0,322.22
,,providers_b,sum_payment_amount,MAD z-score >= 8 (extreme outlier),,3902.0,1629.69
,,providers_b,sum_payment_amount,MAD z-score >= 8 (extreme outlier),,1312451.0,520.56
,,providers_b,sum_payment_amount,MAD z-score >= 8 (extreme outlier),,10856581.0,358.28
,,providers_b,sum_payment_amount,MAD z-score >= 8 (extreme outlier),,1355436.0,527.0899999999999
,,providers_b,sum_payment_amount,MAD z-score >= 8 (extreme outlier),,11360066.0,278.9
,,providers_b,sum_payment_amount,MAD z-score >= 8 (extreme outlier),,10769.0,3485.93
,,providers_b,sum_payment_amount,MAD z-score >= 8 (extreme outlier),,2785496.0,2819.24
,,providers_b,sum_payment_amount,MAD z-score >= 8 (extreme outlier),,440344.0,341.83000000000004
,,providers_b,sum_payment_amount,MAD z-score >= 8 (extreme outlier),,158679.0,37507.17
,,providers_b,sum_payment_amount,MAD z-score >= 8 (extreme outlier),,98034.0,327.77
,,providers_b,sum_payment_amount,MAD z-score >= 8 (extreme outlier),,322802.0,4016.91
,,providers_b,sum_payment_amount,MAD z-score >= 8 (extreme outlier),,11238320.0,298.12
,,providers_b,sum_payment_amount,MAD z-score >= 8 (extreme outlier),,323747.0,1264.41
,,providers_b,sum_payment_amount,MAD z-score >= 8 (extreme outlier),,959704.0,281.68
,,providers_b,sum_payment_amount,MAD z-score >= 8 (extreme outlier),,315303.0,13045.38
,,providers_b,sum_payment_amount,MAD z-score >= 8 (extreme outlier),,2015725.0,320.32
,,providers_b,sum_payment_amount,MAD z-score >= 8 (extreme outlier),,461942.0,866.0699999999999
,,providers_b,sum_payment_amount,MAD z-score >= 8 (extreme outlier),,469141.0,286.17
,,providers_b,sum_payment_amount,MAD z-score >= 8 (extreme outlier),,11098638.0,276.7
,,providers_b,sum_payment_amount,MAD z-score >= 8 (extreme outlier),,11323.0,331.5
,,providers_b,sum_payment_amount,MAD z-score >= 8 (extreme outlier),,359174.0,517.71
,,providers_b,sum_payment_amount,MAD z-score >= 8 (extreme outlier),,1006932.0,6405.24
,,providers_b,sum_payment_amount,MAD z-score >= 8 (extreme outlier),,211780.0,2209.23
,,providers_b,sum_payment_amount,MAD z-score >= 8 (extreme outlier),,338682.0,457.85
,,providers_b,sum_payment_amount,MAD z-score >= 8 (extreme outlier),,354123.0,300.13
,,providers_b,sum_payment_amount,MAD z-score >= 8 (extreme outlier),,7759807.0,855.22
,,providers_b,sum_payment_amount,MAD z-score >= 8 (extreme outlier),,11216310.0,299.56
,,providers_b,sum_payment_amount,MAD z-score >= 8 (extreme outlier),,1229723.0,344.31
,,providers_b,sum_payment_amount,MAD z-score >= 8 (extreme outlier),,11218779.0,2532.86
,,providers_b,sum_payment_amount,MAD z-score >= 8 (extreme outlier),,245773.0,284.56
,,providers_b,sum_payment_amount,MAD z-score >= 8 (extreme outlier),,10640422.0,420.44
,,providers_b,sum_payment_amount,MAD z-score >= 8 (extreme outlier),,11316168.0,426.77
,,providers_b,sum_payment_amount,MAD z-score >= 8 (extreme outlier),,690310.0,1925.0
,,providers_b,sum_payment_amount,MAD z-score >= 8 (extreme outlier),,10754455.0,295.74
,,providers_b,sum_payment_amount,MAD z-score >= 8 (extreme outlier),,11194817.0,275.58
,,providers_b,sum_payment_amount,MAD z-score >= 8 (extreme outlier),,1975814.0,275.43
,,providers_b,sum_payment_amount,MAD z-score >= 8 (extreme outlier),,661292.0,5538.56
,,providers_b,sum_payment_amount,MAD z-score >= 8 (extreme outlier),,134026.0,500.0
,,providers_b,sum_payment_amount,MAD z-score >= 8 (extreme outlier),,879373.0,283.34
,,providers_b,sum_payment_amount,MAD z-score >= 8 (extreme outlier),,351953.0,755.4
,,providers_b,sum_payment_amount,MAD z-score >= 8 (extreme outlier),,11051292.0,285.65999999999997
,,providers_b,sum_payment_amount,MAD z-score >= 8 (extreme outlier),,10820745.0,488.46
,,providers_b,sum_payment_amount,MAD z-score >= 8 (extreme outlier),,226778.0,9284.86
,,providers_b,sum_payment_amount,MAD z-score >= 8 (extreme outlier),,1310076.0,103831.41
,,providers_b,sum_payment_amount,MAD z-score >= 8 (extreme outlier),,125664.0,687.6
,,providers_b,sum_payment_amount,MAD z-score >= 8 (extreme outlier),,167580.0,295.83
,,providers_b,sum_payment_amount,MAD z-score >= 8 (extreme outlier),,599503.0,321.42
,,providers_b,sum_payment_amount,MAD z-score >= 8 (extreme outlier),,4508143.0,299.04
,,providers_b,sum_payment_amount,MAD z-score >= 8 (extreme outlier),,1023336.0,2043.05
,,providers_b,sum_payment_amount,MAD z-score >= 8 (extreme outlier),,11016638.0,596.5600000000001
,,providers_b,sum_payment_amount,MAD z-score >= 8 (extreme outlier),,245527.0,398.5
,,providers_b,sum_payment_amount,MAD z-score >= 8 (extreme outlier),,336511.0,302.02
,,providers_b,sum_payment_amount,MAD z-score >= 8 (extreme outlier),,146625.0,1950.0
,,providers_b,sum_payment_amount,MAD z-score >= 8 (extreme outlier),,10926891.0,1686.7
,,providers_b,sum_payment_amount,MAD z-score >= 8 (extreme outlier),,10692316.0,8248.38
,,providers_b,sum_payment_amount,MAD z-score >= 8 (extreme outlier),,2790997.0,323.27
,,providers_b,sum_payment_amount,MAD z-score >= 8 (extreme outlier),,1346505.0,325.37
,,providers_b,sum_payment_amount,MAD z-score >= 8 (extreme outlier),,1244793.0,1590.42
,,providers_b,sum_payment_amount,MAD z-score >= 8 (extreme outlier),,774639.0,537.99
,,providers_b,sum_payment_amount,MAD z-score >= 8 (extreme outlier),,10733504.0,394.3
,,providers_b,sum_payment_amount,MAD z-score >= 8 (extreme outlier),,1279899.0,304.31
,,providers_b,sum_payment_amount,MAD z-score >= 8 (extreme outlier),,150148.0,408.13
,,providers_b,sum_payment_amount,MAD z-score >= 8 (extreme outlier),,8803282.0,354.66999999999996
,,providers_b,sum_payment_amount,MAD z-score >= 8 (extreme outlier),,1380198.0,455.13
,,providers_b,sum_payment_amount,MAD z-score >= 8 (extreme outlier),,173353.0,364.78000000000003
,,providers_b,sum_payment_amount,MAD z-score >= 8 (extreme outlier),,11355844.0,317.68
,,providers_b,sum_payment_amount,MAD z-score >= 8 (extreme outlier),,192188.0,7719.6900000000005
,,providers_b,sum_payment_amount,MAD z-score >= 8 (extreme outlier),,11393240.0,292.91
,,providers_b,sum_payment_amount,MAD z-score >= 8 (extreme outlier),,337509.0,342.83
,,providers_b,sum_payment_amount,MAD z-score >= 8 (extreme outlier),,295135.0,8372.900000000001
,,providers_b,sum_payment_amount,MAD z-score >= 8 (extreme outlier),,1334337.0,1500.0
,,providers_b,sum_payment_amount,MAD z-score >= 8 (extreme outlier),,10539801.0,298.33
,,providers_b,sum_payment_amount,MAD z-score >= 8 (extreme outlier),,62724.0,1283.46
,,providers_b,sum_payment_amount,MAD z-score >= 8 (extreme outlier),,5703385.0,749.36
,,providers_b,sum_payment_amount,MAD z-score >= 8 (extreme outlier),,3586.0,330.81
,,providers_b,sum_payment_amount,MAD z-score >= 8 (extreme outlier),,9806750.0,810.9000000000001
,,providers_b,sum_payment_amount,MAD z-score >= 8 (extreme outlier),,270518.0,624.1700000000001
,,providers_b,sum_payment_amount,MAD z-score >= 8 (extreme outlier),,217827.0,1889.81
,,providers_b,sum_payment_amount,MAD z-score >= 8 (extreme outlier),,11381633.0,310.75
,,providers_b,sum_payment_amount,MAD z-score >= 8 (extreme outlier),,11131408.0,1011.92
,,providers_b,sum_payment_amount,MAD z-score >= 8 (extreme outlier),,42144.0,398.25
,,providers_b,sum_payment_amount,MAD z-score >= 8 (extreme outlier),,306187.0,6260.47
,,providers_b,sum_payment_amount,MAD z-score >= 8 (extreme outlier),,81290.0,1887.05
,,providers_b,sum_payment_amount,MAD z-score >= 8 (extreme outlier),,70775.0,331.58
,,providers_b,sum_payment_amount,MAD z-score >= 8 (extreme outlier),,11220585.0,282.02
,,providers_b,sum_payment_amount,MAD z-score >= 8 (extreme outlier),,10823582.0,287.04
,,providers_b,sum_payment_amount,MAD z-score >= 8 (extreme outlier),,274860.0,1162.5700000000002
,,providers_b,sum_payment_amount,MAD z-score >= 8 (extreme outlier),,10689367.0,414.15999999999997
,,providers_b,sum_payment_amount,MAD z-score >= 8 (extreme outlier),,313203.0,334.92
,,providers_b,sum_payment_amount,MAD z-score >= 8 (extreme outlier),,137276.0,848.6999999999999
,,providers_b,sum_payment_amount,MAD z-score >= 8 (extreme outlier),,11128972.0,1310.62
,,providers_b,sum_payment_amount,MAD z-score >= 8 (extreme outlier),,203353.0,276.31
,,providers_b,sum_payment_amount,MAD z-score >= 8 (extreme outlier),,820860.0,312.32
,,providers_b,sum_payment_amount,MAD z-score >= 8 (extreme outlier),,321069.0,335.07
,,providers_b,sum_payment_amount,MAD z-score >= 8 (extreme outlier),,1238894.0,293.95
,,providers_b,sum_payment_amount,MAD z-score >= 8 (extreme outlier),,1748228.0,1415.9
,,providers_b,sum_payment_amount,MAD z-score >= 8 (extreme outlier),,10944411.0,454.65
,,providers_b,sum_payment_amount,MAD z-score >= 8 (extreme outlier),,10545358.0,7294.62
,,providers_b,sum_payment_amount,MAD z-score >= 8 (extreme outlier),,137929.0,438.59000000000003
,,providers_b,sum_payment_amount,MAD z-score >= 8 (extreme outlier),,4217120.0,318.99
,,providers_b,sum_payment_amount,MAD z-score >= 8 (extreme outlier),,5695158.0,8040.76
,,providers_b,sum_payment_amount,MAD z-score >= 8 (extreme outlier),,98574.0,288.97
,,providers_b,sum_payment_amount,MAD z-score >= 8 (extreme outlier),,6955012.0,1699.99
,,providers_b,sum_payment_amount,MAD z-score >= 8 (extreme outlier),,301524.0,18905.51
,,providers_b,sum_payment_amount,MAD z-score >= 8 (extreme outlier),,10681785.0,287.96
,,providers_b,sum_payment_amount,MAD z-score >= 8 (extreme outlier),,1146327.0,306.85
,,providers_b,sum_payment_amount,MAD z-score >= 8 (extreme outlier),,57601.0,308.18
,,providers_b,sum_payment_amount,MAD z-score >= 8 (extreme outlier),,198152.0,475.93
,,providers_b,sum_payment_amount,MAD z-score >= 8 (extreme outlier),,1152632.0,1618.5
,,providers_b,sum_payment_amount,MAD z-score >= 8 (extreme outlier),,11079052.0,459.11
,,providers_b,sum_payment_amount,MAD z-score >= 8 (extreme outlier),,5530653.0,309.41999999999996
,,providers_b,sum_payment_amount,MAD z-score >= 8 (extreme outlier),,110230.0,1055.8
,,providers_b,sum_payment_amount,MAD z-score >= 8 (extreme outlier),,280473.0,458.92
,,providers_b,sum_payment_amount,MAD z-score >= 8 (extreme outlier),,3696.0,331.82
,,providers_b,sum_payment_amount,MAD z-score >= 8 (extreme outlier),,11007499.0,275.66999999999996
,,providers_b,sum_payment_amount,MAD z-score >= 8 (extreme outlier),,10459171.0,302.52
,,providers_b,sum_payment_amount,MAD z-score >= 8 (extreme outlier),,10771223.0,356.29
,,providers_b,sum_payment_amount,MAD z-score >= 8 (extreme outlier),,4223326.0,478.63
,,providers_b,sum_payment_amount,MAD z-score >= 8 (extreme outlier),,722010.0,710.41
,,providers_b,sum_payment_amount,MAD z-score >= 8 (extreme outlier),,11205437.0,287.15999999999997
,,providers_b,sum_payment_amount,MAD z-score >= 8 (extreme outlier),,847021.0,274.28999999999996
,,providers_b,sum_payment_amount,MAD z-score >= 8 (extreme outlier),,1383082.0,504.84
,,providers_b,sum_payment_amount,MAD z-score >= 8 (extreme outlier),,210641.0,290.48
,,providers_b,sum_payment_amount,MAD z-score >= 8 (extreme outlier),,11054630.0,303.65999999999997
,,providers_b,sum_payment_amount,MAD z-score >= 8 (extreme outlier),,10417.0,289.89
,,providers_b,sum_payment_amount,MAD z-score >= 8 (extreme outlier),,242996.0,396.82
,,providers_b,sum_payment_amount,MAD z-score >= 8 (extreme outlier),,216729.0,294.63
,,providers_b,sum_payment_amount,MAD z-score >= 8 (extreme outlier),,55433.0,334.28
,,providers_b,sum_payment_amount,MAD z-score >= 8 (extreme outlier),,156127.0,550.0
,,providers_b,sum_payment_amount,MAD z-score >= 8 (extreme outlier),,10733659.0,1427.83
,,providers_b,sum_payment_amount,MAD z-score >= 8 (extreme outlier),,19825.0,603.3
,,providers_b,sum_payment_amount,MAD z-score >= 8 (extreme outlier),,357621.0,360.25
,,providers_b,sum_payment_amount,MAD z-score >= 8 (extreme outlier),,10898037.0,921.89
,,providers_b,sum_payment_amount,MAD z-score >= 8 (extreme outlier),,1264376.0,1638.6
,,providers_b,sum_payment_amount,MAD z-score >= 8 (extreme outlier),,93244.0,297.62
,,providers_b,sum_payment_amount,MAD z-score >= 8 (extreme outlier),,347398.0,3367.64
,,providers_b,sum_payment_amount,MAD z-score >= 8 (extreme outlier),,11055776.0,284.13
,,providers_b,sum_payment_amount,MAD z-score >= 8 (extreme outlier),,110150.0,2098.96
,,providers_b,sum_payment_amount,MAD z-score >= 8 (extreme outlier),,360276.0,980.27
,,providers_b,sum_payment_amount,MAD z-score >= 8 (extreme outlier),,254529.0,1645.6499999999999
,,providers_b,sum_payment_amount,MAD z-score >= 8 (extreme outlier),,11144476.0,277.89
,,providers_b,sum_payment_amount,MAD z-score >= 8 (extreme outlier),,274271.0,318.52
,,providers_b,sum_payment_amount,MAD z-score >= 8 (extreme outlier),,33891.0,2750.0
,,providers_b,sum_payment_amount,MAD z-score >= 8 (extreme outlier),,10649752.0,1617.37
,,providers_b,sum_payment_amount,MAD z-score >= 8 (extreme outlier),,10461943.0,440.24
,,providers_b,sum_payment_amount,MAD z-score >= 8 (extreme outlier),,10783898.0,411.17
,,providers_b,sum_payment_amount,MAD z-score >= 8 (extreme outlier),,146504.0,191563.27
,,providers_b,sum_payment_amount,MAD z-score >= 8 (extreme outlier),,348299.0,426.81
,,providers_b,sum_payment_amount,MAD z-score >= 8 (extreme outlier),,583740.0,414.29
,,providers_b,sum_payment_amount,MAD z-score >= 8 (extreme outlier),,160539.0,286.8
,,providers_b,sum_payment_amount,MAD z-score >= 8 (extreme outlier),,341414.0,476.21
,,providers_b,sum_payment_amount,MAD z-score >= 8 (extreme outlier),,701498.0,350.0
,,providers_b,sum_payment_amount,MAD z-score >= 8 (extreme outlier),,10461293.0,274.11
,,providers_b,sum_payment_amount,MAD z-score >= 8 (extreme outlier),,1027768.0,2250.0
,,providers_b,sum_payment_amount,MAD z-score >= 8 (extreme outlier),,846013.0,23471.32
,,providers_b,sum_payment_amount,MAD z-score >= 8 (extreme outlier),,847826.0,33945.33
,,providers_b,sum_payment_amount,MAD z-score >= 8 (extreme outlier),,237576.0,2519.53
,,providers_b,sum_payment_amount,MAD z-score >= 8 (extreme outlier),,361846.0,484.69
,,providers_b,sum_payment_amount,MAD z-score >= 8 (extreme outlier),,341895.0,3000.0
,,providers_b,sum_payment_amount,MAD z-score >= 8 (extreme outlier),,28419.0,14013.130000000001
,,providers_b,sum_payment_amount,MAD z-score >= 8 (extreme outlier),,1263226.0,2025.15
,,providers_b,sum_payment_amount,MAD z-score >= 8 (extreme outlier),,47738.0,334.59000000000003
,,providers_b,sum_payment_amount,MAD z-score >= 8 (extreme outlier),,530228.0,1806.61
,,providers_b,sum_payment_amount,MAD z-score >= 8 (extreme outlier),,356209.0,716.29
,,providers_b,sum_payment_amount,MAD z-score >= 8 (extreme outlier),,290342.0,423.29
,,providers_b,sum_payment_amount,MAD z-score >= 8 (extreme outlier),,554029.0,11595.0
,,providers_b,sum_payment_amount,MAD z-score >= 8 (extreme outlier),,7226373.0,369.23
,,providers_b,sum_payment_amount,MAD z-score >= 8 (extreme outlier),,228990.0,295.0
,,providers_b,sum_payment_amount,MAD z-score >= 8 (extreme outlier),,199160.0,3926.4300000000003
,,providers_b,sum_payment_amount,MAD z-score >= 8 (extreme outlier),,10819741.0,312.6
,,providers_b,sum_payment_amount,MAD z-score >= 8 (extreme outlier),,222243.0,60011.26
,,providers_b,sum_payment_amount,MAD z-score >= 8 (extreme outlier),,1185462.0,377.26
,,providers_b,sum_payment_amount,MAD z-score >= 8 (extreme outlier),,249832.0,5750.99
,,providers_b,sum_payment_amount,MAD z-score >= 8 (extreme outlier),,11364857.0,298.59000000000003
,,providers_b,sum_payment_amount,MAD z-score >= 8 (extreme outlier),,186869.0,400.31
,,providers_b,sum_payment_amount,MAD z-score >= 8 (extreme outlier),,1008773.0,1343.42
,,providers_b,sum_payment_amount,MAD z-score >= 8 (extreme outlier),,44344.0,403.6
,,providers_b,sum_payment_amount,MAD z-score >= 8 (extreme outlier),,532621.0,12000.0
,,providers_b,sum_payment_amount,MAD z-score >= 8 (extreme outlier),,142214.0,399.96
,,providers_b,sum_payment_amount,MAD z-score >= 8 (extreme outlier),,1317740.0,3969.58
,,providers_b,sum_payment_amount,MAD z-score >= 8 (extreme outlier),,259840.0,2400.0
,,providers_b,sum_payment_amount,MAD z-score >= 8 (extreme outlier),,223129.0,847.61
,,providers_b,sum_payment_amount,MAD z-score >= 8 (extreme outlier),,126975.0,288.78
,,providers_b,sum_payment_amount,MAD z-score >= 8 (extreme outlier),,3492555.0,491.18
,,providers_b,sum_payment_amount,MAD z-score >= 8 (extreme outlier),,874127.0,23541.45
,,providers_b,sum_payment_amount,MAD z-score >= 8 (extreme outlier),,304767.0,816.5
,,providers_b,sum_payment_amount,MAD z-score >= 8 (extreme outlier),,234112.0,290.09
,,providers_b,sum_payment_amount,MAD z-score >= 8 (extreme outlier),,507669.0,2794.86
,,providers_b,sum_payment_amount,MAD z-score >= 8 (extreme outlier),,180262.0,2750.25
,,providers_b,sum_payment_amount,MAD z-score >= 8 (extreme outlier),,1398332.0,1480.03
,,providers_b,sum_payment_amount,MAD z-score >= 8 (extreme outlier),,10728671.0,281.0
,,providers_b,sum_payment_amount,MAD z-score >= 8 (extreme outlier),,381048.0,296.66
,,providers_b,sum_payment_amount,MAD z-score >= 8 (extreme outlier),,88061.0,328.38
,,providers_b,sum_payment_amount,MAD z-score >= 8 (extreme outlier),,10881770.0,863.9
,,providers_b,sum_payment_amount,MAD z-score >= 8 (extreme outlier),,208160.0,350.0
,,providers_b,sum_payment_amount,MAD z-score >= 8 (extreme outlier),,271491.0,835.28
,,providers_b,sum_payment_amount,MAD z-score >= 8 (extreme outlier),,1117394.0,1671.2
,,providers_b,sum_payment_amount,MAD z-score >= 8 (extreme outlier),,331469.0,317.97
,,providers_b,sum_payment_amount,MAD z-score >= 8 (extreme outlier),,556782.0,445.51
,,providers_b,sum_payment_amount,MAD z-score >= 8 (extreme outlier),,11355538.0,302.66
,,providers_b,sum_payment_amount,MAD z-score >= 8 (extreme outlier),,79588.0,3750.0
,,providers_b,sum_payment_amount,MAD z-score >= 8 (extreme outlier),,10855331.0,893.74
,,providers_b,sum_payment_amount,MAD z-score >= 8 (extreme outlier),,998616.0,782.85
,,providers_b,sum_payment_amount,MAD z-score >= 8 (extreme outlier),,4227197.0,288.34000000000003
,,providers_b,sum_payment_amount,MAD z-score >= 8 (extreme outlier),,242503.0,18388.73
,,providers_b,sum_payment_amount,MAD z-score >= 8 (extreme outlier),,1325288.0,280.2
,,providers_b,sum_payment_amount,MAD z-score >= 8 (extreme outlier),,1033759.0,2225.9700000000003
,,providers_b,sum_payment_amount,MAD z-score >= 8 (extreme outlier),,11455646.0,980.8199999999999
,,providers_b,sum_payment_amount,MAD z-score >= 8 (extreme outlier),,10940279.0,291.05
,,providers_b,sum_payment_amount,MAD z-score >= 8 (extreme outlier),,1384226.0,2641.21
,,providers_b,sum_payment_amount,MAD z-score >= 8 (extreme outlier),,11450403.0,1500.0
,,providers_b,sum_payment_amount,MAD z-score >= 8 (extreme outlier),,357299.0,550.0
,,providers_b,sum_payment_amount,MAD z-score >= 8 (extreme outlier),,8895110.0,310.40999999999997
,,providers_b,sum_payment_amount,MAD z-score >= 8 (extreme outlier),,101595.0,280.06
,,providers_b,sum_payment_amount,MAD z-score >= 8 (extreme outlier),,231647.0,277.07
,,providers_b,sum_payment_amount,MAD z-score >= 8 (extreme outlier),,7193339.0,395.0
,,providers_b,sum_payment_amount,MAD z-score >= 8 (extreme outlier),,10823891.0,1986.31
,,providers_b,sum_payment_amount,MAD z-score >= 8 (extreme outlier),,10901770.0,885.72
,,providers_b,sum_payment_amount,MAD z-score >= 8 (extreme outlier),,190432.0,1115.97
,,providers_b,sum_payment_amount,MAD z-score >= 8 (extreme outlier),,199495.0,299.78
,,providers_b,sum_payment_amount,MAD z-score >= 8 (extreme outlier),,10859488.0,1949.86
,,providers_b,sum_payment_amount,MAD z-score >= 8 (extreme outlier),,321409.0,4500.0
,,providers_b,sum_payment_amount,MAD z-score >= 8 (extreme outlier),,465500.0,4000.0
,,providers_b,sum_payment_amount,MAD z-score >= 8 (extreme outlier),,1381424.0,405.07
,,providers_b,sum_payment_amount,MAD z-score >= 8 (extreme outlier),,2793695.0,684.03
,,providers_b,sum_payment_amount,MAD z-score >= 8 (extreme outlier),,5026606.0,333.87
,,providers_b,sum_payment_amount,MAD z-score >= 8 (extreme outlier),,16153.0,1115.26
,,providers_b,sum_payment_amount,MAD z-score >= 8 (extreme outlier),,1386189.0,400.0
,,providers_b,sum_payment_amount,MAD z-score >= 8 (extreme outlier),,317078.0,6500.0
,,providers_b,sum_payment_amount,MAD z-score >= 8 (extreme outlier),,322843.0,516.74
,,providers_b,sum_payment_amount,MAD z-score >= 8 (extreme outlier),,1286948.0,331.23
,,providers_b,sum_payment_amount,MAD z-score >= 8 (extreme outlier),,776801.0,12642.099999999999
,,providers_b,sum_payment_amount,MAD z-score >= 8 (extreme outlier),,12020.0,354.57
,,providers_b,sum_payment_amount,MAD z-score >= 8 (extreme outlier),,82251.0,449.2
,,providers_b,sum_payment_amount,MAD z-score >= 8 (extreme outlier),,522939.0,1350.8
,,providers_b,sum_payment_amount,MAD z-score >= 8 (extreme outlier),,95733.0,2804.2
,,providers_b,sum_payment_amount,MAD z-score >= 8 (extreme outlier),,81117.0,515.0
,,providers_b,sum_payment_amount,MAD z-score >= 8 (extreme outlier),,164051.0,1587.8600000000001
,,providers_b,sum_payment_amount,MAD z-score >= 8 (extreme outlier),,322961.0,101034.87
,,providers_b,sum_payment_amount,MAD z-score >= 8 (extreme outlier),,144798.0,419.94
,,providers_b,sum_payment_amount,MAD z-score >= 8 (extreme outlier),,5693233.0,291.81
,,providers_b,sum_payment_amount,MAD z-score >= 8 (extreme outlier),,11103626.0,438.5
,,providers_b,sum_payment_amount,MAD z-score >= 8 (extreme outlier),,2781766.0,2918.1
,,providers_b,sum_payment_amount,MAD z-score >= 8 (extreme outlier),,177159.0,423.41
,,providers_b,sum_payment_amount,MAD z-score >= 8 (extreme outlier),,1297121.0,1937.3
,,providers_b,sum_payment_amount,MAD z-score >= 8 (extreme outlier),,1061962.0,292.25
,,providers_b,sum_payment_amount,MAD z-score >= 8 (extreme outlier),,9750022.0,289.16
,,providers_b,sum_payment_amount,MAD z-score >= 8 (extreme outlier),,354365.0,9619.8
,,providers_b,sum_payment_amount,MAD z-score >= 8 (extreme outlier),,7047296.0,370.98
,,providers_b,sum_payment_amount,MAD z-score >= 8 (extreme outlier),,1369388.0,1764.88
,,providers_b,sum_payment_amount,MAD z-score >= 8 (extreme outlier),,11365814.0,542.04
,,providers_b,sum_payment_amount,MAD z-score >= 8 (extreme outlier),,30020.0,332.19
,,providers_b,sum_payment_amount,MAD z-score >= 8 (extreme outlier),,564399.0,998.04
,,providers_b,sum_payment_amount,MAD z-score >= 8 (extreme outlier),,736883.0,1000.0
,,providers_b,sum_payment_amount,MAD z-score >= 8 (extreme outlier),,10830939.0,312.62
,,providers_b,sum_payment_amount,MAD z-score >= 8 (extreme outlier),,7321018.0,364.44
,,providers_b,sum_payment_amount,MAD z-score >= 8 (extreme outlier),,258423.0,363.4
,,providers_b,sum_payment_amount,MAD z-score >= 8 (extreme outlier),,11136198.0,471.86
,,providers_b,sum_payment_amount,MAD z-score >= 8 (extreme outlier),,272769.0,367.52
,,providers_b,sum_payment_amount,MAD z-score >= 8 (extreme outlier),,305151.0,1200.0
,,providers_b,sum_payment_amount,MAD z-score >= 8 (extreme outlier),,227026.0,472.4
,,providers_b,sum_payment_amount,MAD z-score >= 8 (extreme outlier),,231890.0,3164.44
,,providers_b,sum_payment_amount,MAD z-score >= 8 (extreme outlier),,11013439.0,293.53
,,providers_b,sum_payment_amount,MAD z-score >= 8 (extreme outlier),,33096.0,1470.46
,,providers_b,sum_payment_amount,MAD z-score >= 8 (extreme outlier),,10535932.0,5225.49
,,providers_b,sum_payment_amount,MAD z-score >= 8 (extreme outlier),,829561.0,770.5699999999999
,,providers_b,sum_payment_amount,MAD z-score >= 8 (extreme outlier),,48455.0,800.0
,,providers_b,sum_payment_amount,MAD z-score >= 8 (extreme outlier),,15606.0,300.64
,,providers_b,sum_payment_amount,MAD z-score >= 8 (extreme outlier),,206366.0,314.9
,,providers_b,sum_payment_amount,MAD z-score >= 8 (extreme outlier),,317618.0,581.4
,,providers_b,sum_payment_amount,MAD z-score >= 8 (extreme outlier),,10984272.0,12598.38
,,providers_b,sum_payment_amount,MAD z-score >= 8 (extreme outlier),,431123.0,1549.38
,,providers_b,sum_payment_amount,MAD z-score >= 8 (extreme outlier),,7229381.0,567.94
,,providers_b,sum_payment_amount,MAD z-score >= 8 (extreme outlier),,273212.0,295.21
,,providers_b,sum_payment_amount,MAD z-score >= 8 (extreme outlier),,161005.0,333.4
,,providers_b,sum_payment_amount,MAD z-score >= 8 (extreme outlier),,584.0,314.15999999999997
,,providers_b,sum_payment_amount,MAD z-score >= 8 (extreme outlier),,1144902.0,8031.44
,,providers_b,sum_payment_amount,MAD z-score >= 8 (extreme outlier),,201833.0,337132.65
,,providers_b,sum_payment_amount,MAD z-score >= 8 (extreme outlier),,118935.0,15731.71
,,providers_b,sum_payment_amount,MAD z-score >= 8 (extreme outlier),,539920.0,3658.9300000000003
,,providers_b,sum_payment_amount,MAD z-score >= 8 (extreme outlier),,98216.0,3275.0
,,providers_b,sum_payment_amount,MAD z-score >= 8 (extreme outlier),,818201.0,387.02
,,providers_b,sum_payment_amount,MAD z-score >= 8 (extreme outlier),,182587.0,1225.0
,,providers_b,sum_payment_amount,MAD z-score >= 8 (extreme outlier),,10534608.0,336.73
,,providers_b,sum_payment_amount,MAD z-score >= 8 (extreme outlier),,126910.0,276.67
,,providers_b,sum_payment_amount,MAD z-score >= 8 (extreme outlier),,11373963.0,282.8
,,providers_b,sum_payment_amount,MAD z-score >= 8 (extreme outlier),,52745.0,346.78
,,providers_b,sum_payment_amount,MAD z-score >= 8 (extreme outlier),,5704479.0,433.76
,,providers_b,sum_payment_amount,MAD z-score >= 8 (extreme outlier),,116331.0,989.75
,,providers_b,sum_payment_amount,MAD z-score >= 8 (extreme outlier),,3445035.0,1000.0
,,providers_b,sum_payment_amount,MAD z-score >= 8 (extreme outlier),,1098581.0,381.49
,,providers_b,sum_payment_amount,MAD z-score >= 8 (extreme outlier),,841090.0,4250.0
,,providers_b,sum_payment_amount,MAD z-score >= 8 (extreme outlier),,357925.0,312.45
,,providers_b,sum_payment_amount,MAD z-score >= 8 (extreme outlier),,10607297.0,1427.83
,,providers_b,sum_payment_amount,MAD z-score >= 8 (extreme outlier),,182070.0,394.49
,,providers_b,sum_payment_amount,MAD z-score >= 8 (extreme outlier),,961703.0,1406.15
,,providers_b,sum_payment_amount,MAD z-score >= 8 (extreme outlier),,11062659.0,333.8
,,providers_b,sum_payment_amount,MAD z-score >= 8 (extreme outlier),,352689.0,376.27
,,providers_b,sum_payment_amount,MAD z-score >= 8 (extreme outlier),,106061.0,1134.1
,,providers_b,sum_payment_amount,MAD z-score >= 8 (extreme outlier),,2651993.0,354.5
,,providers_b,sum_payment_amount,MAD z-score >= 8 (extreme outlier),,341183.0,502.2
,,providers_b,sum_payment_amount,MAD z-score >= 8 (extreme outlier),,265334.0,979.3
,,providers_b,sum_payment_amount,MAD z-score >= 8 (extreme outlier),,300000.0,4081.1400000000003
,,providers_b,sum_payment_amount,MAD z-score >= 8 (extreme outlier),,317853.0,314.87
,,providers_b,sum_payment_amount,MAD z-score >= 8 (extreme outlier),,191337.0,6225.0
,,providers_b,sum_payment_amount,MAD z-score >= 8 (extreme outlier),,561058.0,3500.0
,,providers_b,sum_payment_amount,MAD z-score >= 8 (extreme outlier),,10531277.0,7065.3
,,providers_b,sum_payment_amount,MAD z-score >= 8 (extreme outlier),,277153.0,6773.66
,,providers_b,sum_payment_amount,MAD z-score >= 8 (extreme outlier),,10795654.0,680.67
,,providers_b,sum_payment_amount,MAD z-score >= 8 (extreme outlier),,243556.0,338.55
,,providers_b,sum_payment_amount,MAD z-score >= 8 (extreme outlier),,32886.0,1466.78
,,providers_b,sum_payment_amount,MAD z-score >= 8 (extreme outlier),,211835.0,3856.7200000000003
,,providers_b,sum_payment_amount,MAD z-score >= 8 (extreme outlier),,3345827.0,311.38
,,providers_b,sum_payment_amount,MAD z-score >= 8 (extreme outlier),,10449838.0,430.58000000000004
,,providers_b,sum_payment_amount,MAD z-score >= 8 (extreme outlier),,10496306.0,318.5
,,providers_b,sum_payment_amount,MAD z-score >= 8 (extreme outlier),,620631.0,291.68
,,providers_b,sum_payment_amount,MAD z-score >= 8 (extreme outlier),,313019.0,147435.19999999998
,,providers_b,sum_payment_amount,MAD z-score >= 8 (extreme outlier),,498398.0,279.04
,,providers_b,sum_payment_amount,MAD z-score >= 8 (extreme outlier),,6862184.0,1644.1399999999999
,,providers_b,sum_payment_amount,MAD z-score >= 8 (extreme outlier),,9288196.0,275.0
,,providers_b,sum_payment_amount,MAD z-score >= 8 (extreme outlier),,253316.0,4119.4
,,providers_b,sum_payment_amount,MAD z-score >= 8 (extreme outlier),,1177268.0,4370.46
,,providers_b,sum_payment_amount,MAD z-score >= 8 (extreme outlier),,39575.0,33945.33
,,providers_b,sum_payment_amount,MAD z-score >= 8 (extreme outlier),,106529.0,298.75
,,providers_b,sum_payment_amount,MAD z-score >= 8 (extreme outlier),,1196647.0,476.34000000000003
,,providers_b,sum_payment_amount,MAD z-score >= 8 (extreme outlier),,413259.0,425.83000000000004
,,providers_b,sum_payment_amount,MAD z-score >= 8 (extreme outlier),,80733.0,283.32
,,providers_b,sum_payment_amount,MAD z-score >= 8 (extreme outlier),,335116.0,9599.02
,,providers_b,sum_payment_amount,MAD z-score >= 8 (extreme outlier),,205318.0,500.0
,,providers_b,sum_payment_amount,MAD z-score >= 8 (extreme outlier),,2154178.0,1693.1799999999998
,,providers_b,sum_payment_amount,MAD z-score >= 8 (extreme outlier),,10936117.0,1719.7
,,providers_b,sum_payment_amount,MAD z-score >= 8 (extreme outlier),,11228970.0,308.4
,,providers_b,sum_payment_amount,MAD z-score >= 8 (extreme outlier),,160242.0,303.94
,,providers_b,sum_payment_amount,MAD z-score >= 8 (extreme outlier),,90069.0,350.15
,,providers_b,sum_payment_amount,MAD z-score >= 8 (extreme outlier),,263830.0,52558.14
,,providers_b,sum_payment_amount,MAD z-score >= 8 (extreme outlier),,245490.0,1950.0
,,providers_b,sum_payment_amount,MAD z-score >= 8 (extreme outlier),,1379194.0,340.21
,,providers_b,sum_payment_amount,MAD z-score >= 8 (extreme outlier),,536878.0,500.0
,,providers_b,sum_payment_amount,MAD z-score >= 8 (extreme outlier),,1079865.0,3494.8
,,providers_b,sum_payment_amount,MAD z-score >= 8 (extreme outlier),,10760603.0,3331.93
,,providers_b,sum_payment_amount,MAD z-score >= 8 (extreme outlier),,1053701.0,360.13
,,providers_b,sum_payment_amount,MAD z-score >= 8 (extreme outlier),,92968.0,367.31
,,providers_b,sum_payment_amount,MAD z-score >= 8 (extreme outlier),,843543.0,38759.39
,,providers_b,sum_payment_amount,MAD z-score >= 8 (extreme outlier),,10874576.0,341.5
,,providers_b,sum_payment_amount,MAD z-score >= 8 (extreme outlier),,915018.0,376.59000000000003
,,providers_b,sum_payment_amount,MAD z-score >= 8 (extreme outlier),,269238.0,319.96
,,providers_b,sum_payment_amount,MAD z-score >= 8 (extreme outlier),,303079.0,284.97
,,providers_b,sum_payment_amount,MAD z-score >= 8 (extreme outlier),,5808497.0,2048.82
,,providers_b,sum_payment_amount,MAD z-score >= 8 (extreme outlier),,889934.0,974.69
,,providers_b,sum_payment_amount,MAD z-score >= 8 (extreme outlier),,10436859.0,310.58
,,providers_b,sum_payment_amount,MAD z-score >= 8 (extreme outlier),,97563.0,702.97
,,providers_b,sum_payment_amount,MAD z-score >= 8 (extreme outlier),,119168.0,423.58
,,providers_b,sum_payment_amount,MAD z-score >= 8 (extreme outlier),,838936.0,334.23
,,providers_b,sum_payment_amount,MAD z-score >= 8 (extreme outlier),,255898.0,537.31
,,providers_b,sum_payment_amount,MAD z-score >= 8 (extreme outlier),,88685.0,360.85
,,providers_b,sum_payment_amount,MAD z-score >= 8 (extreme outlier),,150862.0,5126.71
,,providers_b,sum_payment_amount,MAD z-score >= 8 (extreme outlier),,11363670.0,1610.52
,,providers_b,sum_payment_amount,MAD z-score >= 8 (extreme outlier),,722323.0,287.83
,,providers_b,sum_payment_amount,MAD z-score >= 8 (extreme outlier),,7834.0,25114.77
,,providers_b,sum_payment_amount,MAD z-score >= 8 (extreme outlier),,621645.0,2000.0
,,providers_b,sum_payment_amount,MAD z-score >= 8 (extreme outlier),,132235.0,316.74
,,providers_b,sum_payment_amount,MAD z-score >= 8 (extreme outlier),,648.0,6300.0
,,providers_b,sum_payment_amount,MAD z-score >= 8 (extreme outlier),,869375.0,432.32
,,providers_b,sum_payment_amount,MAD z-score >= 8 (extreme outlier),,110228.0,275.7
,,providers_b,sum_payment_amount,MAD z-score >= 8 (extreme outlier),,11310317.0,306.71
,,providers_b,sum_payment_amount,MAD z-score >= 8 (extreme outlier),,212684.0,4543.87
,,providers_b,sum_payment_amount,MAD z-score >= 8 (extreme outlier),,5630908.0,10014.93
,,providers_b,sum_payment_amount,MAD z-score >= 8 (extreme outlier),,358643.0,515.0
,,providers_b,sum_payment_amount,MAD z-score >= 8 (extreme outlier),,1202641.0,529.85
,,providers_b,sum_payment_amount,MAD z-score >= 8 (extreme outlier),,10916169.0,343.24
,,providers_b,sum_payment_amount,MAD z-score >= 8 (extreme outlier),,573966.0,350.0
,,providers_b,sum_payment_amount,MAD z-score >= 8 (extreme outlier),,174405.0,329.61
,,providers_b,sum_payment_amount,MAD z-score >= 8 (extreme outlier),,2786410.0,349.71999999999997
,,providers_b,sum_payment_amount,MAD z-score >= 8 (extreme outlier),,356772.0,316.77
,,providers_b,sum_payment_amount,MAD z-score >= 8 (extreme outlier),,119153.0,361.97999999999996
,,providers_b,sum_payment_amount,MAD z-score >= 8 (extreme outlier),,1066998.0,305.2
,,providers_b,sum_payment_amount,MAD z-score >= 8 (extreme outlier),,588386.0,1014.56
,,providers_b,sum_payment_amount,MAD z-score >= 8 (extreme outlier),,184622.0,9405.0
,,providers_b,sum_payment_amount,MAD z-score >= 8 (extreme outlier),,959442.0,1849.93
,,providers_b,sum_payment_amount,MAD z-score >= 8 (extreme outlier),,10570972.0,289.45
,,providers_b,sum_payment_amount,MAD z-score >= 8 (extreme outlier),,10758745.0,283.9
,,providers_b,sum_payment_amount,MAD z-score >= 8 (extreme outlier),,55751.0,381.65
,,providers_b,sum_payment_amount,MAD z-score >= 8 (extreme outlier),,59232.0,1271.49
,,providers_b,sum_payment_amount,MAD z-score >= 8 (extreme outlier),,840981.0,1795.61
,,providers_b,sum_payment_amount,MAD z-score >= 8 (extreme outlier),,10478905.0,295.74
,,providers_b,sum_payment_amount,MAD z-score >= 8 (extreme outlier),,217707.0,1421.9099999999999
,,providers_b,sum_payment_amount,MAD z-score >= 8 (extreme outlier),,125308.0,295.14
,,providers_b,sum_payment_amount,MAD z-score >= 8 (extreme outlier),,600713.0,8984.29
,,providers_b,sum_payment_amount,MAD z-score >= 8 (extreme outlier),,5704132.0,515.0
,,providers_b,sum_payment_amount,MAD z-score >= 8 (extreme outlier),,193157.0,876.49
,,providers_b,sum_payment_amount,MAD z-score >= 8 (extreme outlier),,11463450.0,1912.77
,,providers_b,sum_payment_amount,MAD z-score >= 8 (extreme outlier),,128884.0,756.56
,,providers_b,sum_payment_amount,MAD z-score >= 8 (extreme outlier),,238621.0,276.17
,,providers_b,sum_payment_amount,MAD z-score >= 8 (extreme outlier),,887460.0,1359.8700000000001
,,providers_b,sum_payment_amount,MAD z-score >= 8 (extreme outlier),,9444691.0,1811.67
,,providers_b,sum_payment_amount,MAD z-score >= 8 (extreme outlier),,271169.0,2928.59
,,providers_b,sum_payment_amount,MAD z-score >= 8 (extreme outlier),,11133918.0,413.48
,,providers_b,sum_payment_amount,MAD z-score >= 8 (extreme outlier),,11353988.0,416.51
,,providers_b,sum_payment_amount,MAD z-score >= 8 (extreme outlier),,263648.0,388.63
,,providers_b,sum_payment_amount,MAD z-score >= 8 (extreme outlier),,11201767.0,293.14
,,providers_b,sum_payment_amount,MAD z-score >= 8 (extreme outlier),,1343699.0,322.25
,,providers_b,sum_payment_amount,MAD z-score >= 8 (extreme outlier),,332492.0,1561.75
,,providers_b,sum_payment_amount,MAD z-score >= 8 (extreme outlier),,5703633.0,382.32
,,providers_b,sum_payment_amount,MAD z-score >= 8 (extreme outlier),,786744.0,320.96
,,providers_b,sum_payment_amount,MAD z-score >= 8 (extreme outlier),,10061.0,1082.49
,,providers_b,sum_payment_amount,MAD z-score >= 8 (extreme outlier),,10962245.0,2913.7400000000002
,,providers_b,sum_payment_amount,MAD z-score >= 8 (extreme outlier),,10462288.0,573.02
,,providers_b,sum_payment_amount,MAD z-score >= 8 (extreme outlier),,294876.0,1617.31
,,providers_b,sum_payment_amount,MAD z-score >= 8 (extreme outlier),,1281134.0,723.25
,,providers_b,sum_payment_amount,MAD z-score >= 8 (extreme outlier),,668312.0,733.27
,,providers_b,sum_payment_amount,MAD z-score >= 8 (extreme outlier),,51653.0,285.16
,,providers_b,sum_payment_amount,MAD z-score >= 8 (extreme outlier),,254606.0,1500.0
,,providers_b,sum_payment_amount,MAD z-score >= 8 (extreme outlier),,196666.0,6395.82
,,providers_b,sum_payment_amount,MAD z-score >= 8 (extreme outlier),,10871261.0,851.0
,,providers_b,sum_payment_amount,MAD z-score >= 8 (extreme outlier),,315465.0,288.41
,,providers_b,sum_payment_amount,MAD z-score >= 8 (extreme outlier),,812739.0,5000.0
,,providers_b,sum_payment_amount,MAD z-score >= 8 (extreme outlier),,606525.0,4307.08
,,providers_b,sum_payment_amount,MAD z-score >= 8 (extreme outlier),,10765776.0,355.73
,,providers_b,sum_payment_amount,MAD z-score >= 8 (extreme outlier),,1308953.0,1570.9
,,providers_b,sum_payment_amount,MAD z-score >= 8 (extreme outlier),,11045852.0,1881.65
,,providers_b,sum_payment_amount,MAD z-score >= 8 (extreme outlier),,7228215.0,357.68
,,providers_b,sum_payment_amount,MAD z-score >= 8 (extreme outlier),,11361664.0,296.76
,,providers_b,sum_payment_amount,MAD z-score >= 8 (extreme outlier),,167812.0,1257.68
,,providers_b,sum_payment_amount,MAD z-score >= 8 (extreme outlier),,775678.0,578.53
,,providers_b,sum_payment_amount,MAD z-score >= 8 (extreme outlier),,11205976.0,289.75
,,providers_b,sum_payment_amount,MAD z-score >= 8 (extreme outlier),,10645310.0,411.86
,,providers_b,sum_payment_amount,MAD z-score >= 8 (extreme outlier),,1198491.0,1623.06
,,providers_b,sum_payment_amount,MAD z-score >= 8 (extreme outlier),,10466853.0,454.47
,,providers_b,sum_payment_amount,MAD z-score >= 8 (extreme outlier),,441944.0,2500.0
,,providers_b,sum_payment_amount,MAD z-score >= 8 (extreme outlier),,11403998.0,510.68
,,providers_b,sum_payment_amount,MAD z-score >= 8 (extreme outlier),,1153.0,316.47
,,providers_b,sum_payment_amount,MAD z-score >= 8 (extreme outlier),,1389105.0,1584.0
,,providers_b,sum_payment_amount,MAD z-score >= 8 (extreme outlier),,219606.0,9016.19
,,providers_b,sum_payment_amount,MAD z-score >= 8 (extreme outlier),,888229.0,1409.92
,,providers_b,sum_payment_amount,MAD z-score >= 8 (extreme outlier),,1005835.0,3778.43
,,providers_b,sum_payment_amount,MAD z-score >= 8 (extreme outlier),,1388698.0,3095.66
,,providers_b,sum_payment_amount,MAD z-score >= 8 (extreme outlier),,7217336.0,1970.55
,,providers_b,sum_payment_amount,MAD z-score >= 8 (extreme outlier),,1303146.0,981.0
,,providers_b,sum_payment_amount,MAD z-score >= 8 (extreme outlier),,147133.0,1050.0
,,providers_b,sum_payment_amount,MAD z-score >= 8 (extreme outlier),,362986.0,88173.58
,,providers_b,sum_payment_amount,MAD z-score >= 8 (extreme outlier),,247744.0,714.7
,,providers_b,sum_payment_amount,MAD z-score >= 8 (extreme outlier),,1142495.0,6000.0
,,providers_b,sum_payment_amount,MAD z-score >= 8 (extreme outlier),,8795502.0,1697.29
,,providers_b,sum_payment_amount,MAD z-score >= 8 (extreme outlier),,275896.0,392.4
,,providers_b,sum_payment_amount,MAD z-score >= 8 (extreme outlier),,237454.0,59551.23
,,providers_b,sum_payment_amount,MAD z-score >= 8 (extreme outlier),,814974.0,2610.0
,,providers_b,sum_payment_amount,MAD z-score >= 8 (extreme outlier),,221984.0,306.21
,,providers_b,sum_payment_amount,MAD z-score >= 8 (extreme outlier),,11455612.0,1500.0
,,providers_b,sum_payment_amount,MAD z-score >= 8 (extreme outlier),,1273879.0,650.5
,,providers_b,sum_payment_amount,MAD z-score >= 8 (extreme outlier),,483120.0,346.01
,,providers_b,sum_payment_amount,MAD z-score >= 8 (extreme outlier),,4855252.0,6517.55
,,providers_b,sum_payment_amount,MAD z-score >= 8 (extreme outlier),,1399859.0,1278.24
,,providers_b,sum_payment_amount,MAD z-score >= 8 (extreme outlier),,10421946.0,761.0
,,providers_b,sum_payment_amount,MAD z-score >= 8 (extreme outlier),,359555.0,1216.9
,,providers_b,sum_payment_amount,MAD z-score >= 8 (extreme outlier),,11409720.0,274.99
,,providers_b,sum_payment_amount,MAD z-score >= 8 (extreme outlier),,11128801.0,885.72
,,providers_b,sum_payment_amount,MAD z-score >= 8 (extreme outlier),,10548408.0,329.77
,,providers_b,sum_payment_amount,MAD z-score >= 8 (extreme outlier),,111953.0,676.35
,,providers_b,sum_payment_amount,MAD z-score >= 8 (extreme outlier),,11451873.0,1643.65
,,providers_b,sum_payment_amount,MAD z-score >= 8 (extreme outlier),,5910138.0,303.41
,,providers_b,sum_payment_amount,MAD z-score >= 8 (extreme outlier),,1340332.0,373.24
,,providers_b,sum_payment_amount,MAD z-score >= 8 (extreme outlier),,1388371.0,576.36
,,providers_b,sum_payment_amount,MAD z-score >= 8 (extreme outlier),,356052.0,350.0
,,providers_b,sum_payment_amount,MAD z-score >= 8 (extreme outlier),,11439051.0,307.81
,,providers_b,sum_payment_amount,MAD z-score >= 8 (extreme outlier),,443434.0,52305.6
,,providers_b,sum_payment_amount,MAD z-score >= 8 (extreme outlier),,316067.0,295.55
,,providers_b,sum_payment_amount,MAD z-score >= 8 (extreme outlier),,226368.0,12436.81
,,providers_b,sum_payment_amount,MAD z-score >= 8 (extreme outlier),,10835846.0,308.40999999999997
,,providers_b,sum_payment_amount,MAD z-score >= 8 (extreme outlier),,470353.0,6000.0
,,providers_b,sum_payment_amount,MAD z-score >= 8 (extreme outlier),,84670.0,540.83
,,providers_b,sum_payment_amount,MAD z-score >= 8 (extreme outlier),,11311400.0,1093.46
,,providers_b,sum_payment_amount,MAD z-score >= 8 (extreme outlier),,669704.0,7000.0
,,providers_b,sum_payment_amount,MAD z-score >= 8 (extreme outlier),,44128.0,2239.23
,,providers_b,sum_payment_amount,MAD z-score >= 8 (extreme outlier),,1164481.0,3931.47
,,providers_b,sum_payment_amount,MAD z-score >= 8 (extreme outlier),,1394980.0,777.24
,,providers_b,sum_payment_amount,MAD z-score >= 8 (extreme outlier),,140754.0,1245.17
,,providers_b,sum_payment_amount,MAD z-score >= 8 (extreme outlier),,975667.0,326.56
,,providers_b,sum_payment_amount,MAD z-score >= 8 (extreme outlier),,1249231.0,2950.32
,,providers_b,sum_payment_amount,MAD z-score >= 8 (extreme outlier),,10564330.0,385.11
,,providers_b,sum_payment_amount,MAD z-score >= 8 (extreme outlier),,11237892.0,369.93
,,providers_b,sum_payment_amount,MAD z-score >= 8 (extreme outlier),,10932143.0,295.32
,,providers_b,sum_payment_amount,MAD z-score >= 8 (extreme outlier),,292131.0,302.48
,,providers_b,sum_payment_amount,MAD z-score >= 8 (extreme outlier),,250039.0,3228.63
,,providers_b,sum_payment_amount,MAD z-score >= 8 (extreme outlier),,683730.0,4521.7
,,providers_b,sum_payment_amount,MAD z-score >= 8 (extreme outlier),,10036130.0,333.33
,,providers_b,sum_payment_amount,MAD z-score >= 8 (extreme outlier),,43016.0,363.49
,,providers_b,sum_payment_amount,MAD z-score >= 8 (extreme outlier),,241945.0,448.8
,,providers_b,sum_payment_amount,MAD z-score >= 8 (extreme outlier),,510936.0,634.75
,,providers_b,sum_payment_amount,MAD z-score >= 8 (extreme outlier),,11340257.0,367.07
,,providers_b,sum_payment_amount,MAD z-score >= 8 (extreme outlier),,296806.0,6090.0
,,providers_b,sum_payment_amount,MAD z-score >= 8 (extreme outlier),,2110296.0,2609.03
,,providers_b,sum_payment_amount,MAD z-score >= 8 (extreme outlier),,851287.0,310.09
,,providers_b,sum_payment_amount,MAD z-score >= 8 (extreme outlier),,23226.0,277.65
,,providers_b,sum_payment_amount,MAD z-score >= 8 (extreme outlier),,6817488.0,386.68
,,providers_b,sum_payment_amount,MAD z-score >= 8 (extreme outlier),,94609.0,6128.14
,,providers_b,sum_payment_amount,MAD z-score >= 8 (extreme outlier),,171564.0,5975.25
,,providers_b,sum_payment_amount,MAD z-score >= 8 (extreme outlier),,4221125.0,312.28
,,providers_b,sum_payment_amount,MAD z-score >= 8 (extreme outlier),,335122.0,23669.19
,,providers_b,sum_payment_amount,MAD z-score >= 8 (extreme outlier),,271377.0,664.86
,,providers_b,sum_payment_amount,MAD z-score >= 8 (extreme outlier),,25818.0,1195.98
,,providers_b,sum_payment_amount,MAD z-score >= 8 (extreme outlier),,507747.0,7604.3099999999995
,,providers_b,sum_payment_amount,MAD z-score >= 8 (extreme outlier),,11239225.0,295.28000000000003
,,providers_b,sum_payment_amount,MAD z-score >= 8 (extreme outlier),,274456.0,1798.48
,,providers_b,sum_payment_amount,MAD z-score >= 8 (extreme outlier),,178917.0,350.0
,,providers_b,sum_payment_amount,MAD z-score >= 8 (extreme outlier),,61230.0,5901.0
,,providers_b,sum_payment_amount,MAD z-score >= 8 (extreme outlier),,1246674.0,307.32
,,providers_b,sum_payment_amount,MAD z-score >= 8 (extreme outlier),,195680.0,540.05
,,providers_b,sum_payment_amount,MAD z-score >= 8 (extreme outlier),,1047909.0,3684.93
,,providers_b,sum_payment_amount,MAD z-score >= 8 (extreme outlier),,267568.0,4113.05
,,providers_b,sum_payment_amount,MAD z-score >= 8 (extreme outlier),,1326890.0,346.9
,,providers_b,sum_payment_amount,MAD z-score >= 8 (extreme outlier),,200072.0,298.26
,,providers_b,sum_payment_amount,MAD z-score >= 8 (extreme outlier),,123262.0,306.95
,,providers_b,sum_payment_amount,MAD z-score >= 8 (extreme outlier),,1253758.0,855.4
,,providers_b,sum_payment_amount,MAD z-score >= 8 (extreme outlier),,310296.0,1237.8
,,providers_b,sum_payment_amount,MAD z-score >= 8 (extreme outlier),,231781.0,35958.38
,,providers_b,sum_payment_amount,MAD z-score >= 8 (extreme outlier),,43551.0,369.99
,,providers_b,sum_payment_amount,MAD z-score >= 8 (extreme outlier),,10503891.0,730.7
,,providers_b,sum_payment_amount,MAD z-score >= 8 (extreme outlier),,347745.0,1425.79
,,providers_b,sum_payment_amount,MAD z-score >= 8 (extreme outlier),,210516.0,550.0
,,providers_b,sum_payment_amount,MAD z-score >= 8 (extreme outlier),,468794.0,309.08
,,providers_b,sum_payment_amount,MAD z-score >= 8 (extreme outlier),,957541.0,800.0
,,providers_b,sum_payment_amount,MAD z-score >= 8 (extreme outlier),,7229828.0,280.84
,,providers_b,sum_payment_amount,MAD z-score >= 8 (extreme outlier),,10931154.0,1037.76
,,providers_b,sum_payment_amount,MAD z-score >= 8 (extreme outlier),,916924.0,1083.79
,,providers_b,sum_payment_amount,MAD z-score >= 8 (extreme outlier),,759391.0,52732.24
,,providers_b,sum_payment_amount,MAD z-score >= 8 (extreme outlier),,1153511.0,1648.88
,,providers_b,sum_payment_amount,MAD z-score >= 8 (extreme outlier),,1101870.0,450.0
,,providers_b,sum_payment_amount,MAD z-score >= 8 (extreme outlier),,749434.0,5983.46
,,providers_b,sum_payment_amount,MAD z-score >= 8 (extreme outlier),,2776844.0,537.4
,,providers_b,sum_payment_amount,MAD z-score >= 8 (extreme outlier),,1312671.0,343.06
,,providers_b,sum_payment_amount,MAD z-score >= 8 (extreme outlier),,10616536.0,372.85
,,providers_b,sum_payment_amount,MAD z-score >= 8 (extreme outlier),,199964.0,469.65
,,providers_b,sum_payment_amount,MAD z-score >= 8 (extreme outlier),,7357406.0,1500.0
,,providers_b,sum_payment_amount,MAD z-score >= 8 (extreme outlier),,10783118.0,332.6
,,providers_b,sum_payment_amount,MAD z-score >= 8 (extreme outlier),,10828127.0,303.03
,,providers_b,sum_payment_amount,MAD z-score >= 8 (extreme outlier),,667199.0,452.6
,,providers_b,sum_payment_amount,MAD z-score >= 8 (extreme outlier),,2778349.0,6700.0
,,providers_b,sum_payment_amount,MAD z-score >= 8 (extreme outlier),,10510216.0,326.11
,,providers_b,sum_payment_amount,MAD z-score >= 8 (extreme outlier),,352349.0,323.44
,,providers_b,sum_payment_amount,MAD z-score >= 8 (extreme outlier),,839062.0,332.7
,,providers_b,sum_payment_amount,MAD z-score >= 8 (extreme outlier),,10845573.0,362.15
,,providers_b,sum_payment_amount,MAD z-score >= 8 (extreme outlier),,39791.0,454.4
,,providers_b,sum_payment_amount,MAD z-score >= 8 (extreme outlier),,156081.0,279.83
,,providers_b,sum_payment_amount,MAD z-score >= 8 (extreme outlier),,151110.0,21943.3
,,providers_b,sum_payment_amount,MAD z-score >= 8 (extreme outlier),,776409.0,789.3199999999999
,,providers_b,sum_payment_amount,MAD z-score >= 8 (extreme outlier),,221189.0,91343.25
,,providers_b,sum_payment_amount,MAD z-score >= 8 (extreme outlier),,197471.0,5761.91
,,providers_b,sum_payment_amount,MAD z-score >= 8 (extreme outlier),,176702.0,882.75
,,providers_b,sum_payment_amount,MAD z-score >= 8 (extreme outlier),,231297.0,924.18
,,providers_b,sum_payment_amount,MAD z-score >= 8 (extreme outlier),,176177.0,374.69
,,providers_b,sum_payment_amount,MAD z-score >= 8 (extreme outlier),,103635.0,3852.3199999999997
,,providers_b,sum_payment_amount,MAD z-score >= 8 (extreme outlier),,386231.0,341.16
,,providers_b,sum_payment_amount,MAD z-score >= 8 (extreme outlier),,581940.0,425.33
,,providers_b,sum_payment_amount,MAD z-score >= 8 (extreme outlier),,30145.0,1500.0
,,providers_b,sum_payment_amount,MAD z-score >= 8 (extreme outlier),,240622.0,4099.98
,,providers_b,sum_payment_amount,MAD z-score >= 8 (extreme outlier),,106709.0,350.0
,,providers_b,sum_payment_amount,MAD z-score >= 8 (extreme outlier),,292424.0,14609.04
,,providers_b,sum_payment_amount,MAD z-score >= 8 (extreme outlier),,11019269.0,405.33000000000004
,,providers_b,sum_payment_amount,MAD z-score >= 8 (extreme outlier),,131587.0,282.48
,,providers_b,sum_payment_amount,MAD z-score >= 8 (extreme outlier),,159833.0,514.8299999999999
,,providers_b,sum_payment_amount,MAD z-score >= 8 (extreme outlier),,11185680.0,388.47
,,providers_b,sum_payment_amount,MAD z-score >= 8 (extreme outlier),,797331.0,16163.1
,,providers_b,sum_payment_amount,MAD z-score >= 8 (extreme outlier),,5717.0,11091.59
,,providers_b,sum_payment_amount,MAD z-score >= 8 (extreme outlier),,306892.0,621.53
,,providers_b,sum_payment_amount,MAD z-score >= 8 (extreme outlier),,202481.0,275.19
,,providers_b,sum_payment_amount,MAD z-score >= 8 (extreme outlier),,174270.0,320.95
,,providers_b,sum_payment_amount,MAD z-score >= 8 (extreme outlier),,11135212.0,320.02
,,providers_b,sum_payment_amount,MAD z-score >= 8 (extreme outlier),,10701992.0,273.88
,,providers_b,sum_payment_amount,MAD z-score >= 8 (extreme outlier),,230389.0,1544.8300000000002
,,providers_b,sum_payment_amount,MAD z-score >= 8 (extreme outlier),,471186.0,2500.0
,,providers_b,sum_payment_amount,MAD z-score >= 8 (extreme outlier),,1313793.0,11341.47
,,providers_b,sum_payment_amount,MAD z-score >= 8 (extreme outlier),,41684.0,406.49
,,providers_b,sum_payment_amount,MAD z-score >= 8 (extreme outlier),,28253.0,3087.77
,,providers_b,sum_payment_amount,MAD z-score >= 8 (extreme outlier),,266852.0,343.78
,,providers_b,sum_payment_amount,MAD z-score >= 8 (extreme outlier),,11381753.0,290.57
,,providers_b,sum_payment_amount,MAD z-score >= 8 (extreme outlier),,59474.0,2277.3
,,providers_b,sum_payment_amount,MAD z-score >= 8 (extreme outlier),,1007743.0,281.53000000000003
,,providers_b,sum_payment_amount,MAD z-score >= 8 (extreme outlier),,277580.0,481.83000000000004
,,providers_b,sum_payment_amount,MAD z-score >= 8 (extreme outlier),,187495.0,400.0
,,providers_b,sum_payment_amount,MAD z-score >= 8 (extreme outlier),,183630.0,4321.47
,,providers_b,sum_payment_amount,MAD z-score >= 8 (extreme outlier),,99893.0,381.63
,,providers_b,sum_payment_amount,MAD z-score >= 8 (extreme outlier),,10423915.0,415.51
,,providers_b,sum_payment_amount,MAD z-score >= 8 (extreme outlier),,627277.0,3800.0
,,providers_b,sum_payment_amount,MAD z-score >= 8 (extreme outlier),,77927.0,280.53
,,providers_b,sum_payment_amount,MAD z-score >= 8 (extreme outlier),,994932.0,427.68
,,providers_b,sum_payment_amount,MAD z-score >= 8 (extreme outlier),,54459.0,415.88
,,providers_b,sum_payment_amount,MAD z-score >= 8 (extreme outlier),,108209.0,25130.15
,,providers_b,sum_payment_amount,MAD z-score >= 8 (extreme outlier),,14012.0,319.30999999999995
,,providers_b,sum_payment_amount,MAD z-score >= 8 (extreme outlier),,127894.0,1549.9
,,providers_b,sum_payment_amount,MAD z-score >= 8 (extreme outlier),,67175.0,1500.0
,,providers_b,sum_payment_amount,MAD z-score >= 8 (extreme outlier),,11104614.0,275.16999999999996
,,providers_b,sum_payment_amount,MAD z-score >= 8 (extreme outlier),,8284484.0,361.61
,,providers_b,sum_payment_amount,MAD z-score >= 8 (extreme outlier),,155298.0,762.79
,,providers_b,sum_payment_amount,MAD z-score >= 8 (extreme outlier),,7263191.0,1696.25
,,providers_b,sum_payment_amount,MAD z-score >= 8 (extreme outlier),,343674.0,303.6
,,providers_b,sum_payment_amount,MAD z-score >= 8 (extreme outlier),,10491915.0,7651.88
,,providers_b,sum_payment_amount,MAD z-score >= 8 (extreme outlier),,1864015.0,297.28
,,providers_b,sum_payment_amount,MAD z-score >= 8 (extreme outlier),,11190527.0,336.12
,,providers_b,sum_payment_amount,MAD z-score >= 8 (extreme outlier),,188449.0,395.34000000000003
,,providers_b,sum_payment_amount,MAD z-score >= 8 (extreme outlier),,309119.0,2412.12
,,providers_b,sum_payment_amount,MAD z-score >= 8 (extreme outlier),,207257.0,3678.4
,,providers_b,sum_payment_amount,MAD z-score >= 8 (extreme outlier),,11186113.0,325.7
,,providers_b,sum_payment_amount,MAD z-score >= 8 (extreme outlier),,52922.0,336.06
,,providers_b,sum_payment_amount,MAD z-score >= 8 (extreme outlier),,5680548.0,1649.0
,,providers_b,sum_payment_amount,MAD z-score >= 8 (extreme outlier),,6640630.0,354.96
,,providers_b,sum_payment_amount,MAD z-score >= 8 (extreme outlier),,177612.0,955.9300000000001
,,providers_b,sum_payment_amount,MAD z-score >= 8 (extreme outlier),,506002.0,11025.1
,,providers_b,sum_payment_amount,MAD z-score >= 8 (extreme outlier),,11236646.0,283.46
,,providers_b,sum_payment_amount,MAD z-score >= 8 (extreme outlier),,357361.0,363.45
,,providers_b,sum_payment_amount,MAD z-score >= 8 (extreme outlier),,62891.0,316.88
,,providers_b,sum_payment_amount,MAD z-score >= 8 (extreme outlier),,9028900.0,298.74
,,providers_b,sum_payment_amount,MAD z-score >= 8 (extreme outlier),,308283.0,277.75
,,providers_b,sum_payment_amount,MAD z-score >= 8 (extreme outlier),,1124387.0,1240.6699999999998
,,providers_b,sum_payment_amount,MAD z-score >= 8 (extreme outlier),,11272360.0,312.5
,,providers_b,sum_payment_amount,MAD z-score >= 8 (extreme outlier),,296836.0,288.88
,,providers_b,sum_payment_amount,MAD z-score >= 8 (extreme outlier),,7726210.0,7789.71
,,providers_b,sum_payment_amount,MAD z-score >= 8 (extreme outlier),,202978.0,287.97
,,providers_b,sum_payment_amount,MAD z-score >= 8 (extreme outlier),,264251.0,296.96000000000004
,,providers_b,sum_payment_amount,MAD z-score >= 8 (extreme outlier),,11318874.0,1198.07
,,providers_b,sum_payment_amount,MAD z-score >= 8 (extreme outlier),,158872.0,296.26
,,providers_b,sum_payment_amount,MAD z-score >= 8 (extreme outlier),,11380228.0,1124.41
,,providers_b,sum_payment_amount,MAD z-score >= 8 (extreme outlier),,972566.0,1823.51
,,providers_b,sum_payment_amount,MAD z-score >= 8 (extreme outlier),,172932.0,1889.81
,,providers_b,sum_payment_amount,MAD z-score >= 8 (extreme outlier),,8439964.0,284.5
,,providers_b,sum_payment_amount,MAD z-score >= 8 (extreme outlier),,9026716.0,819.1800000000001
,,providers_b,sum_payment_amount,MAD z-score >= 8 (extreme outlier),,566562.0,500.0
,,providers_b,sum_payment_amount,MAD z-score >= 8 (extreme outlier),,226564.0,297.55
,,providers_b,sum_payment_amount,MAD z-score >= 8 (extreme outlier),,200707.0,590.09
,,providers_b,sum_payment_amount,MAD z-score >= 8 (extreme outlier),,14945.0,588.3
,,providers_b,sum_payment_amount,MAD z-score >= 8 (extreme outlier),,1275512.0,1878.12
,,providers_b,sum_payment_amount,MAD z-score >= 8 (extreme outlier),,1252826.0,402.02
,,providers_b,sum_payment_amount,MAD z-score >= 8 (extreme outlier),,332479.0,644.85
,,providers_b,sum_payment_amount,MAD z-score >= 8 (extreme outlier),,888459.0,313.79
,,providers_b,sum_payment_amount,MAD z-score >= 8 (extreme outlier),,1271593.0,7082.57
,,providers_b,sum_payment_amount,MAD z-score >= 8 (extreme outlier),,10488718.0,460.02
,,providers_b,sum_payment_amount,MAD z-score >= 8 (extreme outlier),,1148108.0,1219.82
,,providers_b,sum_payment_amount,MAD z-score >= 8 (extreme outlier),,11528460.0,6666.67
,,providers_b,sum_payment_amount,MAD z-score >= 8 (extreme outlier),,1383403.0,629.93
,,providers_b,sum_payment_amount,MAD z-score >= 8 (extreme outlier),,362626.0,398.89
,,providers_b,sum_payment_amount,MAD z-score >= 8 (extreme outlier),,175103.0,30923.28
,,providers_b,sum_payment_amount,MAD z-score >= 8 (extreme outlier),,122631.0,293.57
,,providers_b,sum_payment_amount,MAD z-score >= 8 (extreme outlier),,10815099.0,327.47
,,providers_b,sum_payment_amount,MAD z-score >= 8 (extreme outlier),,132877.0,326.91
,,providers_b,sum_payment_amount,MAD z-score >= 8 (extreme outlier),,1178917.0,374.5
,,providers_b,sum_payment_amount,MAD z-score >= 8 (extreme outlier),,11157460.0,285.6
,,providers_b,sum_payment_amount,MAD z-score >= 8 (extreme outlier),,422786.0,324.08
,,providers_b,sum_payment_amount,MAD z-score >= 8 (extreme outlier),,10989681.0,518.35
,,providers_b,sum_payment_amount,MAD z-score >= 8 (extreme outlier),,1330860.0,51179.19
,,providers_b,sum_payment_amount,MAD z-score >= 8 (extreme outlier),,1126092.0,41490.19
,,providers_b,sum_payment_amount,MAD z-score >= 8 (extreme outlier),,11388623.0,348.59
,,providers_b,sum_payment_amount,MAD z-score >= 8 (extreme outlier),,239884.0,1078.71
,,providers_b,sum_payment_amount,MAD z-score >= 8 (extreme outlier),,10978739.0,300.67
,,providers_b,sum_payment_amount,MAD z-score >= 8 (extreme outlier),,1399640.0,550.0
,,providers_b,sum_payment_amount,MAD z-score >= 8 (extreme outlier),,363320.0,2091.7200000000003
,,providers_b,sum_payment_amount,MAD z-score >= 8 (extreme outlier),,7780.0,423.15
,,providers_b,sum_payment_amount,MAD z-score >= 8 (extreme outlier),,10869952.0,405.97
,,providers_b,sum_payment_amount,MAD z-score >= 8 (extreme outlier),,1382227.0,290.42999999999995
,,providers_b,sum_payment_amount,MAD z-score >= 8 (extreme outlier),,7100.0,438.73999999999995
,,providers_b,sum_payment_amount,MAD z-score >= 8 (extreme outlier),,311843.0,285.06
,,providers_b,sum_payment_amount,MAD z-score >= 8 (extreme outlier),,11507310.0,458.92
,,providers_b,sum_payment_amount,MAD z-score >= 8 (extreme outlier),,1288363.0,7544.26
,,providers_b,sum_payment_amount,MAD z-score >= 8 (extreme outlier),,608236.0,8680.0
,,providers_b,sum_payment_amount,MAD z-score >= 8 (extreme outlier),,5275.0,9562.5
,,providers_b,sum_payment_amount,MAD z-score >= 8 (extreme outlier),,11349446.0,273.77
,,providers_b,sum_payment_amount,MAD z-score >= 8 (extreme outlier),,11456490.0,1435.6699999999998
,,providers_b,sum_payment_amount,MAD z-score >= 8 (extreme outlier),,981546.0,955.6999999999999
,,providers_b,sum_payment_amount,MAD z-score >= 8 (extreme outlier),,522291.0,285.16999999999996
,,providers_b,sum_payment_amount,MAD z-score >= 8 (extreme outlier),,168654.0,4160.0
,,providers_b,sum_payment_amount,MAD z-score >= 8 (extreme outlier),,80133.0,2055.89
,,providers_b,sum_payment_amount,MAD z-score >= 8 (extreme outlier),,69950.0,1823.51
,,providers_b,sum_payment_amount,MAD z-score >= 8 (extreme outlier),,10987799.0,394.45
,,providers_b,sum_payment_amount,MAD z-score >= 8 (extreme outlier),,8960333.0,299.2
,,providers_b,sum_payment_amount,MAD z-score >= 8 (extreme outlier),,1262431.0,743.61
,,providers_b,sum_payment_amount,MAD z-score >= 8 (extreme outlier),,1133099.0,312.5
,,providers_b,sum_payment_amount,MAD z-score >= 8 (extreme outlier),,88329.0,386.78999999999996
,,providers_b,sum_payment_amount,MAD z-score >= 8 (extreme outlier),,1099023.0,1059.15
,,providers_b,sum_payment_amount,MAD z-score >= 8 (extreme outlier),,501193.0,325.59000000000003
,,providers_b,sum_payment_amount,MAD z-score >= 8 (extreme outlier),,14402.0,630.87
,,providers_b,sum_payment_amount,MAD z-score >= 8 (extreme outlier),,238884.0,968.19
,,providers_b,sum_payment_amount,MAD z-score >= 8 (extreme outlier),,138179.0,1350.0
,,providers_b,sum_payment_amount,MAD z-score >= 8 (extreme outlier),,115517.0,17830.55
,,providers_b,sum_payment_amount,MAD z-score >= 8 (extreme outlier),,58994.0,3464.88
,,providers_b,sum_payment_amount,MAD z-score >= 8 (extreme outlier),,513.0,10250.0
,,providers_b,sum_payment_amount,MAD z-score >= 8 (extreme outlier),,122875.0,3548.91
,,providers_b,sum_payment_amount,MAD z-score >= 8 (extreme outlier),,10855168.0,1460.79
,,providers_b,sum_payment_amount,MAD z-score >= 8 (extreme outlier),,5353365.0,1064.96
,,providers_b,sum_payment_amount,MAD z-score >= 8 (extreme outlier),,176901.0,327.85
,,providers_b,sum_payment_amount,MAD z-score >= 8 (extreme outlier),,7225397.0,532.3199999999999
,,providers_b,sum_payment_amount,MAD z-score >= 8 (extreme outlier),,1381594.0,528.8
,,providers_b,sum_payment_amount,MAD z-score >= 8 (extreme outlier),,8807492.0,1028.94
,,providers_b,sum_payment_amount,MAD z-score >= 8 (extreme outlier),,103682.0,300.0
,,providers_b,sum_payment_amount,MAD z-score >= 8 (extreme outlier),,8803718.0,1459.29
,,providers_b,sum_payment_amount,MAD z-score >= 8 (extreme outlier),,84544.0,2730.81
,,providers_b,sum_payment_amount,MAD z-score >= 8 (extreme outlier),,1340183.0,302.01
,,providers_b,sum_payment_amount,MAD z-score >= 8 (extreme outlier),,11280027.0,333.39
,,providers_b,sum_payment_amount,MAD z-score >= 8 (extreme outlier),,6560118.0,1492.37
,,providers_b,sum_payment_amount,MAD z-score >= 8 (extreme outlier),,11340912.0,302.33000000000004
,,providers_b,sum_payment_amount,MAD z-score >= 8 (extreme outlier),,11147459.0,885.71
,,providers_b,sum_payment_amount,MAD z-score >= 8 (extreme outlier),,286629.0,47407.32
,,providers_b,sum_payment_amount,MAD z-score >= 8 (extreme outlier),,500307.0,291.66999999999996
,,providers_b,sum_payment_amount,MAD z-score >= 8 (extreme outlier),,805173.0,990.08
,,providers_b,sum_payment_amount,MAD z-score >= 8 (extreme outlier),,299842.0,1011.92
,,providers_b,sum_payment_amount,MAD z-score >= 8 (extreme outlier),,358351.0,407.24
,,providers_b,sum_payment_amount,MAD z-score >= 8 (extreme outlier),,11171586.0,279.81
,,providers_b,sum_payment_amount,MAD z-score >= 8 (extreme outlier),,3953.0,593.0
,,providers_b,sum_payment_amount,MAD z-score >= 8 (extreme outlier),,19589.0,375.61
,,providers_b,sum_payment_amount,MAD z-score >= 8 (extreme outlier),,95943.0,402.17
,,providers_b,sum_payment_amount,MAD z-score >= 8 (extreme outlier),,11111070.0,333.94
,,providers_b,sum_payment_amount,MAD z-score >= 8 (extreme outlier),,224789.0,1128.19
,,providers_b,sum_payment_amount,MAD z-score >= 8 (extreme outlier),,269749.0,340.95
,,providers_b,sum_payment_amount,MAD z-score >= 8 (extreme outlier),,136637.0,302.77
,,providers_b,sum_payment_amount,MAD z-score >= 8 (extreme outlier),,1029420.0,1823.51
,,providers_b,sum_payment_amount,MAD z-score >= 8 (extreme outlier),,1272162.0,321.59
,,providers_b,sum_payment_amount,MAD z-score >= 8 (extreme outlier),,351169.0,2140.86
,,providers_b,sum_payment_amount,MAD z-score >= 8 (extreme outlier),,207656.0,297.7
,,providers_b,sum_payment_amount,MAD z-score >= 8 (extreme outlier),,183593.0,1339.9
,,providers_b,sum_payment_amount,MAD z-score >= 8 (extreme outlier),,1372271.0,2250.0
,,providers_b,sum_payment_amount,MAD z-score >= 8 (extreme outlier),,242908.0,11250.0
,,providers_b,sum_payment_amount,MAD z-score >= 8 (extreme outlier),,2786274.0,1963.26
,,providers_b,sum_payment_amount,MAD z-score >= 8 (extreme outlier),,11329315.0,350.0
,,providers_b,sum_payment_amount,MAD z-score >= 8 (extreme outlier),,11074750.0,1645.32
,,providers_b,sum_payment_amount,MAD z-score >= 8 (extreme outlier),,1330716.0,2405.6
,,providers_b,sum_payment_amount,MAD z-score >= 8 (extreme outlier),,10829856.0,2257.78
,,providers_b,sum_payment_amount,MAD z-score >= 8 (extreme outlier),,33954.0,554.12
,,providers_b,sum_payment_amount,MAD z-score >= 8 (extreme outlier),,10572374.0,515.41
,,providers_b,sum_payment_amount,MAD z-score >= 8 (extreme outlier),,7114113.0,300.14
,,providers_b,sum_payment_amount,MAD z-score >= 8 (extreme outlier),,1696865.0,92499.06
,,providers_b,sum_payment_amount,MAD z-score >= 8 (extreme outlier),,139226.0,980.67
,,providers_b,sum_payment_amount,MAD z-score >= 8 (extreme outlier),,11132871.0,402.64
,,providers_b,sum_payment_amount,MAD z-score >= 8 (extreme outlier),,11377914.0,301.53
,,providers_b,sum_payment_amount,MAD z-score >= 8 (extreme outlier),,652594.0,507.33
,,providers_b,sum_payment_amount,MAD z-score >= 8 (extreme outlier),,1177768.0,311.25
,,providers_b,sum_payment_amount,MAD z-score >= 8 (extreme outlier),,1365077.0,303.11
,,providers_b,sum_payment_amount,MAD z-score >= 8 (extreme outlier),,10819544.0,287.4
,,providers_b,sum_payment_amount,MAD z-score >= 8 (extreme outlier),,149919.0,335.6
,,providers_b,sum_payment_amount,MAD z-score >= 8 (extreme outlier),,7578797.0,2043.4699999999998
,,providers_b,sum_payment_amount,MAD z-score >= 8 (extreme outlier),,10893996.0,311.4
,,providers_b,sum_payment_amount,MAD z-score >= 8 (extreme outlier),,78286.0,436.54999999999995
,,providers_b,sum_payment_amount,MAD z-score >= 8 (extreme outlier),,103575.0,295.14
,,providers_b,sum_payment_amount,MAD z-score >= 8 (extreme outlier),,111013.0,1642.94
,,providers_b,sum_payment_amount,MAD z-score >= 8 (extreme outlier),,5933468.0,2084.26
,,providers_b,sum_payment_amount,MAD z-score >= 8 (extreme outlier),,18657.0,710.38
,,providers_b,sum_payment_amount,MAD z-score >= 8 (extreme outlier),,117172.0,295.09000000000003
,,providers_b,sum_payment_amount,MAD z-score >= 8 (extreme outlier),,2676704.0,2888.54
,,providers_b,sum_payment_amount,MAD z-score >= 8 (extreme outlier),,347567.0,4009.7999999999997
,,providers_b,sum_payment_amount,MAD z-score >= 8 (extreme outlier),,1326.0,329.14
,,providers_b,sum_payment_amount,MAD z-score >= 8 (extreme outlier),,66112.0,402.33
,,providers_b,sum_payment_amount,MAD z-score >= 8 (extreme outlier),,141919.0,782.3
,,providers_b,sum_payment_amount,MAD z-score >= 8 (extreme outlier),,668570.0,367.48
,,providers_b,sum_payment_amount,MAD z-score >= 8 (extreme outlier),,60411.0,1380.8700000000001
,,providers_b,sum_payment_amount,MAD z-score >= 8 (extreme outlier),,31282.0,783.02
,,providers_b,sum_payment_amount,MAD z-score >= 8 (extreme outlier),,10874975.0,2026.43
,,providers_b,sum_payment_amount,MAD z-score >= 8 (extreme outlier),,535204.0,481.61
,,providers_b,sum_payment_amount,MAD z-score >= 8 (extreme outlier),,449884.0,342.31
,,providers_b,sum_payment_amount,MAD z-score >= 8 (extreme outlier),,357629.0,21494.36
,,providers_b,sum_payment_amount,MAD z-score >= 8 (extreme outlier),,170002.0,1625.0
,,providers_b,sum_payment_amount,MAD z-score >= 8 (extreme outlier),,280737.0,311.18
,,providers_b,sum_payment_amount,MAD z-score >= 8 (extreme outlier),,188521.0,147223.38
,,providers_b,sum_payment_amount,MAD z-score >= 8 (extreme outlier),,98428.0,322.76
,,providers_b,sum_payment_amount,MAD z-score >= 8 (extreme outlier),,129029.0,3955.47
,,providers_b,sum_payment_amount,MAD z-score >= 8 (extreme outlier),,10822722.0,351.64
,,providers_b,sum_payment_amount,MAD z-score >= 8 (extreme outlier),,5974778.0,289.15999999999997
,,providers_b,sum_payment_amount,MAD z-score >= 8 (extreme outlier),,2041396.0,682.4200000000001
,,providers_b,sum_payment_amount,MAD z-score >= 8 (extreme outlier),,350520.0,2582.49
,,providers_b,sum_payment_amount,MAD z-score >= 8 (extreme outlier),,914650.0,1610.11
,,providers_b,sum_payment_amount,MAD z-score >= 8 (extreme outlier),,5705499.0,479.85
,,providers_b,sum_payment_amount,MAD z-score >= 8 (extreme outlier),,1090089.0,522.1
,,providers_b,sum_payment_amount,MAD z-score >= 8 (extreme outlier),,1091940.0,427.39000000000004
,,providers_b,sum_payment_amount,MAD z-score >= 8 (extreme outlier),,154864.0,685.7
,,providers_b,sum_payment_amount,MAD z-score >= 8 (extreme outlier),,351424.0,2300.0
,,providers_b,sum_payment_amount,MAD z-score >= 8 (extreme outlier),,229537.0,453.25
,,providers_b,sum_payment_amount,MAD z-score >= 8 (extreme outlier),,237619.0,1311.2
,,providers_b,sum_payment_amount,MAD z-score >= 8 (extreme outlier),,11038065.0,423.65
,,providers_b,sum_payment_amount,MAD z-score >= 8 (extreme outlier),,106035.0,1059.05
,,providers_b,sum_payment_amount,MAD z-score >= 8 (extreme outlier),,10558202.0,336.42
,,providers_b,sum_payment_amount,MAD z-score >= 8 (extreme outlier),,13029.0,2495.5299999999997
,,providers_b,sum_payment_amount,MAD z-score >= 8 (extreme outlier),,796267.0,985.3
,,providers_b,sum_payment_amount,MAD z-score >= 8 (extreme outlier),,11456482.0,510.54
,,providers_b,sum_payment_amount,MAD z-score >= 8 (extreme outlier),,10434862.0,274.65
,,providers_b,sum_payment_amount,MAD z-score >= 8 (extreme outlier),,10518121.0,284.40999999999997
,,providers_b,sum_payment_amount,MAD z-score >= 8 (extreme outlier),,201148.0,315.47
,,providers_b,sum_payment_amount,MAD z-score >= 8 (extreme outlier),,2792565.0,278.77
,,providers_b,sum_payment_amount,MAD z-score >= 8 (extreme outlier),,643149.0,752.63
,,providers_b,sum_payment_amount,MAD z-score >= 8 (extreme outlier),,1380733.0,401.29
,,providers_b,sum_payment_amount,MAD z-score >= 8 (extreme outlier),,1382542.0,50993.880000000005
,,providers_b,sum_payment_amount,MAD z-score >= 8 (extreme outlier),,298089.0,503.9
,,providers_b,sum_payment_amount,MAD z-score >= 8 (extreme outlier),,68420.0,399.82
,,providers_b,sum_payment_amount,MAD z-score >= 8 (extreme outlier),,885806.0,2211.22
,,providers_b,sum_payment_amount,MAD z-score >= 8 (extreme outlier),,10951531.0,317.71000000000004
,,providers_b,sum_payment_amount,MAD z-score >= 8 (extreme outlier),,8085920.0,9268.07
,,providers_b,sum_payment_amount,MAD z-score >= 8 (extreme outlier),,7505.0,487.78
,,providers_b,sum_payment_amount,MAD z-score >= 8 (extreme outlier),,147475.0,423.83
,,providers_b,sum_payment_amount,MAD z-score >= 8 (extreme outlier),,10857548.0,340.16
,,providers_b,sum_payment_amount,MAD z-score >= 8 (extreme outlier),,336846.0,15271.73
,,providers_b,sum_payment_amount,MAD z-score >= 8 (extreme outlier),,3622882.0,435.77
,,providers_b,sum_payment_amount,MAD z-score >= 8 (extreme outlier),,290130.0,370.76
,,providers_b,sum_payment_amount,MAD z-score >= 8 (extreme outlier),,183009.0,350.0
,,providers_b,sum_payment_amount,MAD z-score >= 8 (extreme outlier),,22169.0,2149.29
,,providers_b,sum_payment_amount,MAD z-score >= 8 (extreme outlier),,9317859.0,501.83000000000004
,,providers_b,sum_payment_amount,MAD z-score >= 8 (extreme outlier),,144912.0,59965.15
,,providers_b,sum_payment_amount,MAD z-score >= 8 (extreme outlier),,36354.0,1279.81
,,providers_b,sum_payment_amount,MAD z-score >= 8 (extreme outlier),,1331625.0,289.78999999999996
,,providers_b,sum_payment_amount,MAD z-score >= 8 (extreme outlier),,140762.0,678.92
,,providers_b,sum_payment_amount,MAD z-score >= 8 (extreme outlier),,1068126.0,2625.0
,,providers_b,sum_payment_amount,MAD z-score >= 8 (extreme outlier),,254194.0,341.36
,,providers_b,sum_payment_amount,MAD z-score >= 8 (extreme outlier),,189381.0,503.4
,,providers_b,sum_payment_amount,MAD z-score >= 8 (extreme outlier),,7228282.0,10000.0
,,providers_b,sum_payment_amount,MAD z-score >= 8 (extreme outlier),,10693741.0,506.58
,,providers_b,sum_payment_amount,MAD z-score >= 8 (extreme outlier),,870733.0,394.94
,,providers_b,sum_payment_amount,MAD z-score >= 8 (extreme outlier),,1095891.0,7051.0
,,providers_b,sum_payment_amount,MAD z-score >= 8 (extreme outlier),,638569.0,1060.6
,,providers_b,sum_payment_amount,MAD z-score >= 8 (extreme outlier),,98772.0,385.29999999999995
,,providers_b,sum_payment_amount,MAD z-score >= 8 (extreme outlier),,16191.0,1092.55
,,providers_b,sum_payment_amount,MAD z-score >= 8 (extreme outlier),,10611084.0,300.90999999999997
,,providers_b,sum_payment_amount,MAD z-score >= 8 (extreme outlier),,236913.0,4419.8
,,providers_b,sum_payment_amount,MAD z-score >= 8 (extreme outlier),,477057.0,291.23
,,providers_b,sum_payment_amount,MAD z-score >= 8 (extreme outlier),,309758.0,74037.63
,,providers_b,sum_payment_amount,MAD z-score >= 8 (extreme outlier),,345573.0,747.5
,,providers_b,sum_payment_amount,MAD z-score >= 8 (extreme outlier),,131835.0,2876.2999999999997
,,providers_b,sum_payment_amount,MAD z-score >= 8 (extreme outlier),,170525.0,285.92
,,providers_b,sum_payment_amount,MAD z-score >= 8 (extreme outlier),,1243395.0,295.39
,,providers_b,sum_payment_amount,MAD z-score >= 8 (extreme outlier),,240889.0,520.99
,,providers_b,sum_payment_amount,MAD z-score >= 8 (extreme outlier),,268956.0,5974.04
,,providers_b,sum_payment_amount,MAD z-score >= 8 (extreme outlier),,254133.0,543.5
,,providers_b,sum_payment_amount,MAD z-score >= 8 (extreme outlier),,2776390.0,2112.0
,,providers_b,sum_payment_amount,MAD z-score >= 8 (extreme outlier),,11321325.0,700.0
,,providers_b,sum_payment_amount,MAD z-score >= 8 (extreme outlier),,10594304.0,289.87
,,providers_b,sum_payment_amount,MAD z-score >= 8 (extreme outlier),,1044328.0,1538.5
,,providers_b,sum_payment_amount,MAD z-score >= 8 (extreme outlier),,10957930.0,278.93
,,providers_b,sum_payment_amount,MAD z-score >= 8 (extreme outlier),,10699243.0,367.29
,,providers_b,sum_payment_amount,MAD z-score >= 8 (extreme outlier),,11479137.0,335.85
,,providers_b,sum_payment_amount,MAD z-score >= 8 (extreme outlier),,371807.0,1207.23
,,providers_b,sum_payment_amount,MAD z-score >= 8 (extreme outlier),,239372.0,478.8
,,providers_b,sum_payment_amount,MAD z-score >= 8 (extreme outlier),,917315.0,2673.53
,,providers_b,sum_payment_amount,MAD z-score >= 8 (extreme outlier),,10673358.0,363.45
,,providers_b,sum_payment_amount,MAD z-score >= 8 (extreme outlier),,143915.0,276.8
,,providers_b,sum_payment_amount,MAD z-score >= 8 (extreme outlier),,587439.0,1281.93
,,providers_b,sum_payment_amount,MAD z-score >= 8 (extreme outlier),,11135318.0,991.38
,,providers_b,sum_payment_amount,MAD z-score >= 8 (extreme outlier),,10548525.0,458.92
,,providers_b,sum_payment_amount,MAD z-score >= 8 (extreme outlier),,10923014.0,457.68
,,providers_b,sum_payment_amount,MAD z-score >= 8 (extreme outlier),,19428.0,772.69
,,providers_b,sum_payment_amount,MAD z-score >= 8 (extreme outlier),,11399628.0,1963.06
,,providers_b,sum_payment_amount,MAD z-score >= 8 (extreme outlier),,147530.0,1629.85
,,providers_b,sum_payment_amount,MAD z-score >= 8 (extreme outlier),,285206.0,961.99
,,providers_b,sum_payment_amount,MAD z-score >= 8 (extreme outlier),,11306376.0,2162.11
,,providers_b,sum_payment_amount,MAD z-score >= 8 (extreme outlier),,10488095.0,1913.57
,,providers_b,sum_payment_amount,MAD z-score >= 8 (extreme outlier),,35013.0,314.43
,,providers_b,sum_payment_amount,MAD z-score >= 8 (extreme outlier),,1283174.0,579.71
,,providers_b,sum_payment_amount,MAD z-score >= 8 (extreme outlier),,7232314.0,954.5699999999999
,,providers_b,sum_payment_amount,MAD z-score >= 8 (extreme outlier),,943373.0,287.73
,,providers_b,sum_payment_amount,MAD z-score >= 8 (extreme outlier),,1384009.0,1152.44
,,providers_b,sum_payment_amount,MAD z-score >= 8 (extreme outlier),,10509392.0,321.66
,,providers_b,sum_payment_amount,MAD z-score >= 8 (extreme outlier),,11164222.0,495.22
,,providers_b,sum_payment_amount,MAD z-score >= 8 (extreme outlier),,106724.0,954.52
,,providers_b,sum_payment_amount,MAD z-score >= 8 (extreme outlier),,263853.0,311.47
,,providers_b,sum_payment_amount,MAD z-score >= 8 (extreme outlier),,11172685.0,645.4
,,providers_b,sum_payment_amount,MAD z-score >= 8 (extreme outlier),,212745.0,910.92
,,providers_b,sum_payment_amount,MAD z-score >= 8 (extreme outlier),,1236607.0,922.84
,,providers_b,sum_payment_amount,MAD z-score >= 8 (extreme outlier),,167260.0,7412.81
,,providers_b,sum_payment_amount,MAD z-score >= 8 (extreme outlier),,10841058.0,393.72
,,providers_b,sum_payment_amount,MAD z-score >= 8 (extreme outlier),,11122773.0,298.19
,,providers_b,sum_payment_amount,MAD z-score >= 8 (extreme outlier),,11006581.0,343.14
,,providers_b,sum_payment_amount,MAD z-score >= 8 (extreme outlier),,10517085.0,317.31
,,providers_b,sum_payment_amount,MAD z-score >= 8 (extreme outlier),,626975.0,379.64
,,providers_b,sum_payment_amount,MAD z-score >= 8 (extreme outlier),,10601130.0,1431.87
,,providers_b,sum_payment_amount,MAD z-score >= 8 (extreme outlier),,11099117.0,981.08
,,providers_b,sum_payment_amount,MAD z-score >= 8 (extreme outlier),,10461975.0,303.6
,,providers_b,sum_payment_amount,MAD z-score >= 8 (extreme outlier),,8806600.0,1298.09
,,providers_b,sum_payment_amount,MAD z-score >= 8 (extreme outlier),,10448551.0,41455.35
,,providers_b,sum_payment_amount,MAD z-score >= 8 (extreme outlier),,11205470.0,923.32
,,providers_b,sum_payment_amount,MAD z-score >= 8 (extreme outlier),,783275.0,1686.3
,,providers_b,sum_payment_amount,MAD z-score >= 8 (extreme outlier),,4225288.0,1255.19
,,providers_b,sum_payment_amount,MAD z-score >= 8 (extreme outlier),,82827.0,415.97
,,providers_b,sum_payment_amount,MAD z-score >= 8 (extreme outlier),,11184846.0,688.73
,,providers_b,sum_payment_amount,MAD z-score >= 8 (extreme outlier),,887977.0,406.61
,,providers_b,sum_payment_amount,MAD z-score >= 8 (extreme outlier),,2726646.0,338.37
,,providers_b,sum_payment_amount,MAD z-score >= 8 (extreme outlier),,978507.0,1826.53
,,providers_b,sum_payment_amount,MAD z-score >= 8 (extreme outlier),,228335.0,7427.47
,,providers_b,sum_payment_amount,MAD z-score >= 8 (extreme outlier),,340946.0,1469.36
,,providers_b,sum_payment_amount,MAD z-score >= 8 (extreme outlier),,1178943.0,2180.21
,,providers_b,sum_payment_amount,MAD z-score >= 8 (extreme outlier),,1385788.0,1500.0
,,providers_b,sum_payment_amount,MAD z-score >= 8 (extreme outlier),,14075.0,350.27
,,providers_b,sum_payment_amount,MAD z-score >= 8 (extreme outlier),,7233338.0,388.05
,,providers_b,sum_payment_amount,MAD z-score >= 8 (extreme outlier),,3121446.0,1811.67
,,providers_b,sum_payment_amount,MAD z-score >= 8 (extreme outlier),,86329.0,321.4
,,providers_b,sum_payment_amount,MAD z-score >= 8 (extreme outlier),,98123.0,1748.4299999999998
,,providers_b,sum_payment_amount,MAD z-score >= 8 (extreme outlier),,10790460.0,337.61
,,providers_b,sum_payment_amount,MAD z-score >= 8 (extreme outlier),,231256.0,321.78999999999996
,,providers_b,sum_payment_amount,MAD z-score >= 8 (extreme outlier),,10884320.0,4857.58
,,providers_b,sum_payment_amount,MAD z-score >= 8 (extreme outlier),,10963773.0,1184.8
,,providers_b,sum_payment_amount,MAD z-score >= 8 (extreme outlier),,106575.0,64256.659999999996
,,providers_b,sum_payment_amount,MAD z-score >= 8 (extreme outlier),,294673.0,277.78999999999996
,,providers_b,sum_payment_amount,MAD z-score >= 8 (extreme outlier),,18540.0,6253.549999999999
,,providers_b,sum_payment_amount,MAD z-score >= 8 (extreme outlier),,10835500.0,281.79
,,providers_b,sum_payment_amount,MAD z-score >= 8 (extreme outlier),,379293.0,40223.16
,,providers_b,sum_payment_amount,MAD z-score >= 8 (extreme outlier),,264747.0,418.17
,,providers_b,sum_payment_amount,MAD z-score >= 8 (extreme outlier),,161209.0,518.25
,,providers_b,sum_payment_amount,MAD z-score >= 8 (extreme outlier),,42440.0,679.9300000000001
,,providers_b,sum_payment_amount,MAD z-score >= 8 (extreme outlier),,13656.0,550.81
,,providers_b,sum_payment_amount,MAD z-score >= 8 (extreme outlier),,22618.0,1500.0
,,providers_b,sum_payment_amount,MAD z-score >= 8 (extreme outlier),,844578.0,578.91
,,providers_b,sum_payment_amount,MAD z-score >= 8 (extreme outlier),,10960181.0,364.84
,,providers_b,sum_payment_amount,MAD z-score >= 8 (extreme outlier),,11108634.0,903.75
,,providers_b,sum_payment_amount,MAD z-score >= 8 (extreme outlier),,1027731.0,311.19
,,providers_b,sum_payment_amount,MAD z-score >= 8 (extreme outlier),,11159257.0,276.07
,,providers_b,sum_payment_amount,MAD z-score >= 8 (extreme outlier),,43419.0,13763.07
,,providers_b,sum_payment_amount,MAD z-score >= 8 (extreme outlier),,676722.0,351.59000000000003
,,providers_b,sum_payment_amount,MAD z-score >= 8 (extreme outlier),,10876412.0,301.65
,,providers_b,sum_payment_amount,MAD z-score >= 8 (extreme outlier),,3996186.0,2261.48
,,providers_b,sum_payment_amount,MAD z-score >= 8 (extreme outlier),,230228.0,509.78
,,providers_b,sum_payment_amount,MAD z-score >= 8 (extreme outlier),,544343.0,296.22
,,providers_b,sum_payment_amount,MAD z-score >= 8 (extreme outlier),,175828.0,419.84
,,providers_b,sum_payment_amount,MAD z-score >= 8 (extreme outlier),,937416.0,275.31
,,providers_b,sum_payment_amount,MAD z-score >= 8 (extreme outlier),,111295.0,2646.97
,,providers_b,sum_payment_amount,MAD z-score >= 8 (extreme outlier),,11246416.0,281.07
,,providers_b,sum_payment_amount,MAD z-score >= 8 (extreme outlier),,124111.0,338.93
,,providers_b,sum_payment_amount,MAD z-score >= 8 (extreme outlier),,11104733.0,464.29
,,providers_b,sum_payment_amount,MAD z-score >= 8 (extreme outlier),,1297562.0,284.96
,,providers_b,sum_payment_amount,MAD z-score >= 8 (extreme outlier),,245384.0,5290.75
,,providers_b,sum_payment_amount,MAD z-score >= 8 (extreme outlier),,1211385.0,1777.62
,,providers_b,sum_payment_amount,MAD z-score >= 8 (extreme outlier),,211831.0,286.56
,,providers_b,sum_payment_amount,MAD z-score >= 8 (extreme outlier),,10564174.0,312.8
,,providers_b,sum_payment_amount,MAD z-score >= 8 (extreme outlier),,26366.0,11322.04
,,providers_b,sum_payment_amount,MAD z-score >= 8 (extreme outlier),,275480.0,87968.81
,,providers_b,sum_payment_amount,MAD z-score >= 8 (extreme outlier),,225626.0,10050.74
,,providers_b,sum_payment_amount,MAD z-score >= 8 (extreme outlier),,11016931.0,473.26
,,providers_b,sum_payment_amount,MAD z-score >= 8 (extreme outlier),,10849462.0,910.01
,,providers_b,sum_payment_amount,MAD z-score >= 8 (extreme outlier),,11239525.0,422.53
,,providers_b,sum_payment_amount,MAD z-score >= 8 (extreme outlier),,1164726.0,392.55
,,providers_b,sum_payment_amount,MAD z-score >= 8 (extreme outlier),,11803.0,1875.82
,,providers_b,sum_payment_amount,MAD z-score >= 8 (extreme outlier),,6179741.0,7048.29
,,providers_b,sum_payment_amount,MAD z-score >= 8 (extreme outlier),,1205562.0,545.92
,,providers_b,sum_payment_amount,MAD z-score >= 8 (extreme outlier),,1351516.0,1979.09
,,providers_b,sum_payment_amount,MAD z-score >= 8 (extreme outlier),,354005.0,276.98
,,providers_b,sum_payment_amount,MAD z-score >= 8 (extreme outlier),,145552.0,395.66
,,providers_b,sum_payment_amount,MAD z-score >= 8 (extreme outlier),,228687.0,593.8
,,providers_b,sum_payment_amount,MAD z-score >= 8 (extreme outlier),,596316.0,14438.11
,,providers_b,sum_payment_amount,MAD z-score >= 8 (extreme outlier),,10690647.0,403.04
,,providers_b,sum_payment_amount,MAD z-score >= 8 (extreme outlier),,10920470.0,529.8
,,providers_b,sum_payment_amount,MAD z-score >= 8 (extreme outlier),,248091.0,451.64
,,providers_b,sum_payment_amount,MAD z-score >= 8 (extreme outlier),,5297660.0,461.97
,,providers_b,sum_payment_amount,MAD z-score >= 8 (extreme outlier),,243658.0,1157.52
,,providers_b,sum_payment_amount,MAD z-score >= 8 (extreme outlier),,10755160.0,274.49
,,providers_b,sum_payment_amount,MAD z-score >= 8 (extreme outlier),,5791365.0,478.74
,,providers_b,sum_payment_amount,MAD z-score >= 8 (extreme outlier),,284092.0,1281.84
,,providers_b,sum_payment_amount,MAD z-score >= 8 (extreme outlier),,284324.0,5175.52
,,providers_b,sum_payment_amount,MAD z-score >= 8 (extreme outlier),,203256.0,2032.15
,,providers_b,sum_payment_amount,MAD z-score >= 8 (extreme outlier),,371685.0,813.22
,,providers_b,sum_payment_amount,MAD z-score >= 8 (extreme outlier),,97804.0,282.75
,,providers_b,sum_payment_amount,MAD z-score >= 8 (extreme outlier),,10786657.0,301.9
,,providers_b,sum_payment_amount,MAD z-score >= 8 (extreme outlier),,10511832.0,295.38
,,providers_b,sum_payment_amount,MAD z-score >= 8 (extreme outlier),,2686162.0,1272.15
,,providers_b,sum_payment_amount,MAD z-score >= 8 (extreme outlier),,240528.0,516.9
,,providers_b,sum_payment_amount,MAD z-score >= 8 (extreme outlier),,1372651.0,295.02
,,providers_b,sum_payment_amount,MAD z-score >= 8 (extreme outlier),,260426.0,274.36
,,providers_b,sum_payment_amount,MAD z-score >= 8 (extreme outlier),,352773.0,328.37
,,providers_b,sum_payment_amount,MAD z-score >= 8 (extreme outlier),,267481.0,312.36
,,providers_b,sum_payment_amount,MAD z-score >= 8 (extreme outlier),,399250.0,1554.38
,,providers_b,sum_payment_amount,MAD z-score >= 8 (extreme outlier),,69545.0,414.0
,,providers_b,sum_payment_amount,MAD z-score >= 8 (extreme outlier),,483114.0,350.0
,,providers_b,sum_payment_amount,MAD z-score >= 8 (extreme outlier),,260378.0,363.31
,,providers_b,sum_payment_amount,MAD z-score >= 8 (extreme outlier),,739198.0,18415.84
,,providers_b,sum_payment_amount,MAD z-score >= 8 (extreme outlier),,10947949.0,885.72
,,providers_b,sum_payment_amount,MAD z-score >= 8 (extreme outlier),,36374.0,1237.95
,,providers_b,sum_payment_amount,MAD z-score >= 8 (extreme outlier),,944022.0,274.35
,,providers_b,sum_payment_amount,MAD z-score >= 8 (extreme outlier),,1163194.0,7165.42
,,providers_b,sum_payment_amount,MAD z-score >= 8 (extreme outlier),,129659.0,389.59
,,providers_b,sum_payment_amount,MAD z-score >= 8 (extreme outlier),,1373142.0,599.03
,,providers_b,sum_payment_amount,MAD z-score >= 8 (extreme outlier),,318363.0,4767.0
,,providers_b,sum_payment_amount,MAD z-score >= 8 (extreme outlier),,138656.0,12663.32
,,providers_b,sum_payment_amount,MAD z-score >= 8 (extreme outlier),,372031.0,292.37
,,providers_b,sum_payment_amount,MAD z-score >= 8 (extreme outlier),,10434614.0,606.41
,,providers_b,sum_payment_amount,MAD z-score >= 8 (extreme outlier),,33968.0,390.56
,,providers_b,sum_payment_amount,MAD z-score >= 8 (extreme outlier),,203956.0,4500.0
,,providers_b,sum_payment_amount,MAD z-score >= 8 (extreme outlier),,847756.0,1997.28
,,providers_b,sum_payment_amount,MAD z-score >= 8 (extreme outlier),,312156.0,301.29
,,providers_b,sum_payment_amount,MAD z-score >= 8 (extreme outlier),,572916.0,279.15
,,providers_b,sum_payment_amount,MAD z-score >= 8 (extreme outlier),,10958445.0,341.03000000000003
,,providers_b,sum_payment_amount,MAD z-score >= 8 (extreme outlier),,223128.0,278.5
,,providers_b,sum_payment_amount,MAD z-score >= 8 (extreme outlier),,11337020.0,384.77
,,providers_b,sum_payment_amount,MAD z-score >= 8 (extreme outlier),,212678.0,2709.23
,,providers_b,sum_payment_amount,MAD z-score >= 8 (extreme outlier),,11477175.0,335.67
,,providers_b,sum_payment_amount,MAD z-score >= 8 (extreme outlier),,223326.0,360.67
,,providers_b,sum_payment_amount,MAD z-score >= 8 (extreme outlier),,1135040.0,7948.0
,,providers_b,sum_payment_amount,MAD z-score >= 8 (extreme outlier),,349505.0,14659.8
,,providers_b,sum_payment_amount,MAD z-score >= 8 (extreme outlier),,11304346.0,289.76
,,providers_b,sum_payment_amount,MAD z-score >= 8 (extreme outlier),,27386.0,453.57
,,providers_b,sum_payment_amount,MAD z-score >= 8 (extreme outlier),,23072.0,2429.05
,,providers_b,sum_payment_amount,MAD z-score >= 8 (extreme outlier),,211218.0,1338.6799999999998
,,providers_b,sum_payment_amount,MAD z-score >= 8 (extreme outlier),,10435095.0,5113.13
,,providers_b,sum_payment_amount,MAD z-score >= 8 (extreme outlier),,75936.0,1053.01
,,providers_b,sum_payment_amount,MAD z-score >= 8 (extreme outlier),,312280.0,4260.0
,,providers_b,sum_payment_amount,MAD z-score >= 8 (extreme outlier),,4226786.0,3060.45
,,providers_b,sum_payment_amount,MAD z-score >= 8 (extreme outlier),,286656.0,440.6
,,providers_b,sum_payment_amount,MAD z-score >= 8 (extreme outlier),,10580441.0,301.25
,,providers_b,sum_payment_amount,MAD z-score >= 8 (extreme outlier),,18024.0,750.0
,,providers_b,sum_payment_amount,MAD z-score >= 8 (extreme outlier),,1149664.0,380.02
,,providers_b,sum_payment_amount,MAD z-score >= 8 (extreme outlier),,787855.0,537.69
,,providers_b,sum_payment_amount,MAD z-score >= 8 (extreme outlier),,8775424.0,1040.46
,,providers_b,sum_payment_amount,MAD z-score >= 8 (extreme outlier),,1307814.0,355.3
,,providers_b,sum_payment_amount,MAD z-score >= 8 (extreme outlier),,10978250.0,292.54
,,providers_b,sum_payment_amount,MAD z-score >= 8 (extreme outlier),,7216218.0,2031.1
,,providers_b,sum_payment_amount,MAD z-score >= 8 (extreme outlier),,1053731.0,648.5
,,providers_b,sum_payment_amount,MAD z-score >= 8 (extreme outlier),,10654808.0,524.8
,,providers_b,sum_payment_amount,MAD z-score >= 8 (extreme outlier),,319418.0,414.37
,,providers_b,sum_payment_amount,MAD z-score >= 8 (extreme outlier),,1379241.0,673.31
,,providers_b,sum_payment_amount,MAD z-score >= 8 (extreme outlier),,310579.0,4284.05
,,providers_b,sum_payment_amount,MAD z-score >= 8 (extreme outlier),,252375.0,3050.87
,,providers_b,sum_payment_amount,MAD z-score >= 8 (extreme outlier),,10888103.0,330.28
,,providers_b,sum_payment_amount,MAD z-score >= 8 (extreme outlier),,583973.0,1093.45
,,providers_b,sum_payment_amount,MAD z-score >= 8 (extreme outlier),,129741.0,277.59
,,providers_b,sum_payment_amount,MAD z-score >= 8 (extreme outlier),,74060.0,628.8000000000001
,,providers_b,sum_payment_amount,MAD z-score >= 8 (extreme outlier),,11192338.0,409.12
,,providers_b,sum_payment_amount,MAD z-score >= 8 (extreme outlier),,850834.0,800.0
,,providers_b,sum_payment_amount,MAD z-score >= 8 (extreme outlier),,11242484.0,411.73
,,providers_b,sum_payment_amount,MAD z-score >= 8 (extreme outlier),,673631.0,425.0
,,providers_b,sum_payment_amount,MAD z-score >= 8 (extreme outlier),,193077.0,999.8
,,providers_b,sum_payment_amount,MAD z-score >= 8 (extreme outlier),,795106.0,303.2
,,providers_b,sum_payment_amount,MAD z-score >= 8 (extreme outlier),,621339.0,322.35
,,providers_b,sum_payment_amount,MAD z-score >= 8 (extreme outlier),,2239582.0,407.1
,,providers_b,sum_payment_amount,MAD z-score >= 8 (extreme outlier),,260898.0,1113.69
,,providers_b,sum_payment_amount,MAD z-score >= 8 (extreme outlier),,11199432.0,411.35
,,providers_b,sum_payment_amount,MAD z-score >= 8 (extreme outlier),,921068.0,280.13
,,providers_b,sum_payment_amount,MAD z-score >= 8 (extreme outlier),,884850.0,550.0
,,providers_b,sum_payment_amount,MAD z-score >= 8 (extreme outlier),,169168.0,467.35
,,providers_b,sum_payment_amount,MAD z-score >= 8 (extreme outlier),,1070405.0,450.0
,,providers_b,sum_payment_amount,MAD z-score >= 8 (extreme outlier),,202940.0,285.92
,,providers_b,sum_payment_amount,MAD z-score >= 8 (extreme outlier),,544881.0,1963.06
,,providers_b,sum_payment_amount,MAD z-score >= 8 (extreme outlier),,434889.0,9675.6
,,providers_b,sum_payment_amount,MAD z-score >= 8 (extreme outlier),,11080920.0,293.91
,,providers_b,sum_payment_amount,MAD z-score >= 8 (extreme outlier),,328853.0,439.49
,,providers_b,sum_payment_amount,MAD z-score >= 8 (extreme outlier),,10483543.0,318.71
,,providers_b,sum_payment_amount,MAD z-score >= 8 (extreme outlier),,233237.0,4081.1
,,providers_b,sum_payment_amount,MAD z-score >= 8 (extreme outlier),,152006.0,26723.47
,,providers_b,sum_payment_amount,MAD z-score >= 8 (extreme outlier),,1104558.0,455.02
,,providers_b,sum_payment_amount,MAD z-score >= 8 (extreme outlier),,1035337.0,332.51
,,providers_b,sum_payment_amount,MAD z-score >= 8 (extreme outlier),,11020129.0,310.67
,,providers_b,sum_payment_amount,MAD z-score >= 8 (extreme outlier),,7225262.0,645.6700000000001
,,providers_b,sum_payment_amount,MAD z-score >= 8 (extreme outlier),,287139.0,9316.4
,,providers_b,sum_payment_amount,MAD z-score >= 8 (extreme outlier),,8933308.0,1817.17
,,providers_b,sum_payment_amount,MAD z-score >= 8 (extreme outlier),,10767218.0,394.27
,,providers_b,sum_payment_amount,MAD z-score >= 8 (extreme outlier),,9515354.0,368.09
,,providers_b,sum_payment_amount,MAD z-score >= 8 (extreme outlier),,1166863.0,811.54
,,providers_b,sum_payment_amount,MAD z-score >= 8 (extreme outlier),,850874.0,312.0
,,providers_b,sum_payment_amount,MAD z-score >= 8 (extreme outlier),,503898.0,11603.38
,,providers_b,sum_payment_amount,MAD z-score >= 8 (extreme outlier),,271197.0,11537.95
,,providers_b,sum_payment_amount,MAD z-score >= 8 (extreme outlier),,259749.0,370.17
,,providers_b,sum_payment_amount,MAD z-score >= 8 (extreme outlier),,70545.0,363.34
,,providers_b,sum_payment_amount,MAD z-score >= 8 (extreme outlier),,747291.0,770.0
,,providers_b,sum_payment_amount,MAD z-score >= 8 (extreme outlier),,193687.0,18128.04
,,providers_b,sum_payment_amount,MAD z-score >= 8 (extreme outlier),,472531.0,504.46
,,providers_b,sum_payment_amount,MAD z-score >= 8 (extreme outlier),,357926.0,2880.0
,,providers_b,sum_payment_amount,MAD z-score >= 8 (extreme outlier),,114175.0,8147.48
,,providers_b,sum_payment_amount,MAD z-score >= 8 (extreme outlier),,1327950.0,71810.33
,,providers_b,sum_payment_amount,MAD z-score >= 8 (extreme outlier),,11184636.0,293.89
,,providers_b,sum_payment_amount,MAD z-score >= 8 (extreme outlier),,559733.0,810.61
,,providers_b,sum_payment_amount,MAD z-score >= 8 (extreme outlier),,333872.0,10020.23
,,providers_b,sum_payment_amount,MAD z-score >= 8 (extreme outlier),,1060338.0,6759.55
,,providers_b,sum_payment_amount,MAD z-score >= 8 (extreme outlier),,10574368.0,1672.85
,,providers_b,sum_payment_amount,MAD z-score >= 8 (extreme outlier),,10549664.0,336.91
,,providers_b,sum_payment_amount,MAD z-score >= 8 (extreme outlier),,1379819.0,406.37
,,providers_b,sum_payment_amount,MAD z-score >= 8 (extreme outlier),,11080382.0,889.82
,,providers_b,sum_payment_amount,MAD z-score >= 8 (extreme outlier),,10676760.0,279.57
,,providers_b,sum_payment_amount,MAD z-score >= 8 (extreme outlier),,10545630.0,341.5
,,providers_b,sum_payment_amount,MAD z-score >= 8 (extreme outlier),,333984.0,3619.92
,,providers_b,sum_payment_amount,MAD z-score >= 8 (extreme outlier),,658729.0,6903.95
,,providers_b,sum_payment_amount,MAD z-score >= 8 (extreme outlier),,1133727.0,3561.82
,,providers_b,sum_payment_amount,MAD z-score >= 8 (extreme outlier),,10989350.0,1934.1399999999999
,,providers_b,sum_payment_amount,MAD z-score >= 8 (extreme outlier),,503316.0,1291.88
,,providers_b,sum_payment_amount,MAD z-score >= 8 (extreme outlier),,168465.0,292.6
,,providers_b,sum_payment_amount,MAD z-score >= 8 (extreme outlier),,3655.0,624.19
,,providers_b,sum_payment_amount,MAD z-score >= 8 (extreme outlier),,11090152.0,431.69
,,providers_b,sum_payment_amount,MAD z-score >= 8 (extreme outlier),,147611.0,5771.76
,,providers_b,sum_payment_amount,MAD z-score >= 8 (extreme outlier),,1335578.0,360.62
,,providers_b,sum_payment_amount,MAD z-score >= 8 (extreme outlier),,8791983.0,297.83
,,providers_b,sum_payment_amount,MAD z-score >= 8 (extreme outlier),,906312.0,20857.11
,,providers_b,sum_payment_amount,MAD z-score >= 8 (extreme outlier),,11020364.0,317.7
,,providers_b,sum_payment_amount,MAD z-score >= 8 (extreme outlier),,348369.0,296.43
,,providers_b,sum_payment_amount,MAD z-score >= 8 (extreme outlier),,326387.0,8207.1
,,providers_b,sum_payment_amount,MAD z-score >= 8 (extreme outlier),,7232035.0,1833.69
,,providers_b,sum_payment_amount,MAD z-score >= 8 (extreme outlier),,2082561.0,3335.09
,,providers_b,sum_payment_amount,MAD z-score >= 8 (extreme outlier),,10602195.0,281.9
,,providers_b,sum_payment_amount,MAD z-score >= 8 (extreme outlier),,167166.0,535.88
,,providers_b,sum_payment_amount,MAD z-score >= 8 (extreme outlier),,782857.0,968.6700000000001
,,providers_b,sum_payment_amount,MAD z-score >= 8 (extreme outlier),,10431480.0,918.82
,,providers_b,sum_payment_amount,MAD z-score >= 8 (extreme outlier),,560494.0,330.63
,,providers_b,sum_payment_amount,MAD z-score >= 8 (extreme outlier),,148856.0,332.54
,,providers_b,sum_payment_amount,MAD z-score >= 8 (extreme outlier),,313738.0,456.93
,,providers_b,sum_payment_amount,MAD z-score >= 8 (extreme outlier),,187397.0,328.02
,,providers_b,sum_payment_amount,MAD z-score >= 8 (extreme outlier),,4437132.0,704.93
,,providers_b,sum_payment_amount,MAD z-score >= 8 (extreme outlier),,10906501.0,1102.8
,,providers_b,sum_payment_amount,MAD z-score >= 8 (extreme outlier),,890076.0,405.9
,,providers_b,sum_payment_amount,MAD z-score >= 8 (extreme outlier),,1204739.0,8585.35
,,providers_b,sum_payment_amount,MAD z-score >= 8 (extreme outlier),,72386.0,298.36
,,providers_b,sum_payment_amount,MAD z-score >= 8 (extreme outlier),,715184.0,518.4
,,providers_b,sum_payment_amount,MAD z-score >= 8 (extreme outlier),,7229337.0,412.5
,,providers_b,sum_payment_amount,MAD z-score >= 8 (extreme outlier),,11034728.0,1824.81
,,providers_b,sum_payment_amount,MAD z-score >= 8 (extreme outlier),,10437574.0,296.48
,,providers_b,sum_payment_amount,MAD z-score >= 8 (extreme outlier),,339327.0,1174.8700000000001
,,providers_b,sum_payment_amount,MAD z-score >= 8 (extreme outlier),,99533.0,1685.65
,,providers_b,sum_payment_amount,MAD z-score >= 8 (extreme outlier),,1147167.0,103829.45
,,providers_b,sum_payment_amount,MAD z-score >= 8 (extreme outlier),,1156086.0,382.4
,,providers_b,sum_payment_amount,MAD z-score >= 8 (extreme outlier),,1401534.0,1505.8600000000001
,,providers_b,sum_payment_amount,MAD z-score >= 8 (extreme outlier),,10640198.0,752.1
,,providers_b,sum_payment_amount,MAD z-score >= 8 (extreme outlier),,8801531.0,1823.51
,,providers_b,sum_payment_amount,MAD z-score >= 8 (extreme outlier),,994151.0,937.72
,,providers_b,sum_payment_amount,MAD z-score >= 8 (extreme outlier),,8335790.0,382.92
,,providers_b,sum_payment_amount,MAD z-score >= 8 (extreme outlier),,127817.0,355.31
,,providers_b,sum_payment_amount,MAD z-score >= 8 (extreme outlier),,11327440.0,760.26
,,providers_b,sum_payment_amount,MAD z-score >= 8 (extreme outlier),,10952355.0,1040.04
,,providers_b,sum_payment_amount,MAD z-score >= 8 (extreme outlier),,510793.0,339.7
,,providers_b,sum_payment_amount,MAD z-score >= 8 (extreme outlier),,10440891.0,1741.33
,,providers_b,sum_payment_amount,MAD z-score >= 8 (extreme outlier),,10964359.0,3102.25
,,providers_b,sum_payment_amount,MAD z-score >= 8 (extreme outlier),,10944934.0,313.82
,,providers_b,sum_payment_amount,MAD z-score >= 8 (extreme outlier),,10477417.0,323.64
,,providers_b,sum_payment_amount,MAD z-score >= 8 (extreme outlier),,119461.0,1154.0
,,providers_b,sum_payment_amount,MAD z-score >= 8 (extreme outlier),,2789121.0,11570.56
,,providers_b,sum_payment_amount,MAD z-score >= 8 (extreme outlier),,9430815.0,413.48
,,providers_b,sum_payment_amount,MAD z-score >= 8 (extreme outlier),,1393118.0,297.56
,,providers_b,sum_payment_amount,MAD z-score >= 8 (extreme outlier),,10948257.0,2649.54
,,providers_b,sum_payment_amount,MAD z-score >= 8 (extreme outlier),,147340.0,4868.59
,,providers_b,sum_payment_amount,MAD z-score >= 8 (extreme outlier),,332162.0,1480.0900000000001
,,providers_b,sum_payment_amount,MAD z-score >= 8 (extreme outlier),,265521.0,647.32
,,providers_b,sum_payment_amount,MAD z-score >= 8 (extreme outlier),,3777050.0,503.86
,,providers_b,sum_payment_amount,MAD z-score >= 8 (extreme outlier),,11198064.0,591.7
,,providers_b,sum_payment_amount,MAD z-score >= 8 (extreme outlier),,10612937.0,287.74
,,providers_b,sum_payment_amount,MAD z-score >= 8 (extreme outlier),,272717.0,5500.0
,,providers_b,sum_payment_amount,MAD z-score >= 8 (extreme outlier),,11157567.0,383.53
,,providers_b,sum_payment_amount,MAD z-score >= 8 (extreme outlier),,1042760.0,4131.43
,,providers_b,sum_payment_amount,MAD z-score >= 8 (extreme outlier),,574532.0,308.14
,,providers_b,sum_payment_amount,MAD z-score >= 8 (extreme outlier),,968981.0,729.27
,,providers_b,sum_payment_amount,MAD z-score >= 8 (extreme outlier),,10470229.0,456.05
,,providers_b,sum_payment_amount,MAD z-score >= 8 (extreme outlier),,183104.0,1180.5
,,providers_b,sum_payment_amount,MAD z-score >= 8 (extreme outlier),,10506602.0,768.76
,,providers_b,sum_payment_amount,MAD z-score >= 8 (extreme outlier),,1160806.0,336.4
,,providers_b,sum_payment_amount,MAD z-score >= 8 (extreme outlier),,215974.0,1469.11
,,providers_b,sum_payment_amount,MAD z-score >= 8 (extreme outlier),,159184.0,529.4300000000001
,,providers_b,sum_payment_amount,MAD z-score >= 8 (extreme outlier),,105020.0,951.87
,,providers_b,sum_payment_amount,MAD z-score >= 8 (extreme outlier),,7230018.0,3879.85
,,providers_b,sum_payment_amount,MAD z-score >= 8 (extreme outlier),,275977.0,292.55
,,providers_b,sum_payment_amount,MAD z-score >= 8 (extreme outlier),,6146000.0,374.14
,,providers_b,sum_payment_amount,MAD z-score >= 8 (extreme outlier),,11466005.0,10014.93
,,providers_b,sum_payment_amount,MAD z-score >= 8 (extreme outlier),,6158420.0,420.72
,,providers_b,sum_payment_amount,MAD z-score >= 8 (extreme outlier),,443153.0,861.49
,,providers_b,sum_payment_amount,MAD z-score >= 8 (extreme outlier),,699205.0,377.23
,,providers_b,sum_payment_amount,MAD z-score >= 8 (extreme outlier),,7233307.0,305.43
,,providers_b,sum_payment_amount,MAD z-score >= 8 (extreme outlier),,8720871.0,1535.69
,,providers_b,sum_payment_amount,MAD z-score >= 8 (extreme outlier),,2824441.0,360.95
,,providers_b,sum_payment_amount,MAD z-score >= 8 (extreme outlier),,1034194.0,2720.71
,,providers_b,sum_payment_amount,MAD z-score >= 8 (extreme outlier),,10797119.0,313.13
,,providers_b,sum_payment_amount,MAD z-score >= 8 (extreme outlier),,1252446.0,20538.82
,,providers_b,sum_payment_amount,MAD z-score >= 8 (extreme outlier),,925172.0,327.21
,,providers_b,sum_payment_amount,MAD z-score >= 8 (extreme outlier),,687803.0,436.18
,,providers_b,sum_payment_amount,MAD z-score >= 8 (extreme outlier),,11445089.0,297.8
,,providers_b,sum_payment_amount,MAD z-score >= 8 (extreme outlier),,960443.0,13038.48
,,providers_b,sum_payment_amount,MAD z-score >= 8 (extreme outlier),,1145771.0,520.94
,,providers_b,sum_payment_amount,MAD z-score >= 8 (extreme outlier),,1112000.0,25550.39
,,providers_b,sum_payment_amount,MAD z-score >= 8 (extreme outlier),,3451264.0,322.05
,,providers_b,sum_payment_amount,MAD z-score >= 8 (extreme outlier),,567928.0,901.4300000000001
,,providers_b,sum_payment_amount,MAD z-score >= 8 (extreme outlier),,226005.0,310.95
,,providers_b,sum_payment_amount,MAD z-score >= 8 (extreme outlier),,11265172.0,1905.26
,,providers_b,sum_payment_amount,MAD z-score >= 8 (extreme outlier),,325003.0,1596.04
,,providers_b,sum_payment_amount,MAD z-score >= 8 (extreme outlier),,456570.0,6740.53
,,providers_b,sum_payment_amount,MAD z-score >= 8 (extreme outlier),,356152.0,59800.0
,,providers_b,sum_payment_amount,MAD z-score >= 8 (extreme outlier),,7051558.0,361.3
,,providers_b,sum_payment_amount,MAD z-score >= 8 (extreme outlier),,247322.0,525.28
,,providers_b,sum_payment_amount,MAD z-score >= 8 (extreme outlier),,11129614.0,323.96000000000004
,,providers_b,sum_payment_amount,MAD z-score >= 8 (extreme outlier),,656982.0,350.0
,,providers_b,sum_payment_amount,MAD z-score >= 8 (extreme outlier),,683863.0,304.42
,,providers_b,sum_payment_amount,MAD z-score >= 8 (extreme outlier),,349756.0,278.58
,,providers_b,sum_payment_amount,MAD z-score >= 8 (extreme outlier),,49749.0,280.85
,,providers_b,sum_payment_amount,MAD z-score >= 8 (extreme outlier),,21421.0,378.84999999999997
,,providers_b,sum_payment_amount,MAD z-score >= 8 (extreme outlier),,6112324.0,2082.94
,,providers_b,sum_payment_amount,MAD z-score >= 8 (extreme outlier),,11020453.0,1792.1599999999999
,,providers_b,sum_payment_amount,MAD z-score >= 8 (extreme outlier),,10801426.0,303.91
,,providers_b,sum_payment_amount,MAD z-score >= 8 (extreme outlier),,10485029.0,292.72
,,providers_b,sum_payment_amount,MAD z-score >= 8 (extreme outlier),,11394118.0,305.83
,,providers_b,sum_payment_amount,MAD z-score >= 8 (extreme outlier),,129888.0,1104.0
,,providers_b,sum_payment_amount,MAD z-score >= 8 (extreme outlier),,56852.0,4457.64
,,providers_b,sum_payment_amount,MAD z-score >= 8 (extreme outlier),,317520.0,745.46
,,providers_b,sum_payment_amount,MAD z-score >= 8 (extreme outlier),,209690.0,416.38
,,providers_b,sum_payment_amount,MAD z-score >= 8 (extreme outlier),,317408.0,4562.12
,,providers_b,sum_payment_amount,MAD z-score >= 8 (extreme outlier),,47319.0,376.69
,,providers_b,sum_payment_amount,MAD z-score >= 8 (extreme outlier),,894764.0,302.94
,,providers_b,sum_payment_amount,MAD z-score >= 8 (extreme outlier),,1136856.0,427.79
,,providers_b,sum_payment_amount,MAD z-score >= 8 (extreme outlier),,1318743.0,667.64
,,providers_b,sum_payment_amount,MAD z-score >= 8 (extreme outlier),,178885.0,900.0
,,providers_b,sum_payment_amount,MAD z-score >= 8 (extreme outlier),,659562.0,3639.75
,,providers_b,sum_payment_amount,MAD z-score >= 8 (extreme outlier),,10801832.0,278.23
,,providers_b,sum_payment_amount,MAD z-score >= 8 (extreme outlier),,755062.0,353.97
,,providers_b,sum_payment_amount,MAD z-score >= 8 (extreme outlier),,7076641.0,1450.98
,,providers_b,sum_payment_amount,MAD z-score >= 8 (extreme outlier),,169352.0,295.0
,,providers_b,sum_payment_amount,MAD z-score >= 8 (extreme outlier),,683085.0,329.07
,,providers_b,sum_payment_amount,MAD z-score >= 8 (extreme outlier),,11070786.0,1986.1000000000001
,,providers_b,sum_payment_amount,MAD z-score >= 8 (extreme outlier),,941696.0,403.19
,,providers_b,sum_payment_amount,MAD z-score >= 8 (extreme outlier),,1166180.0,3643.58
,,providers_b,sum_payment_amount,MAD z-score >= 8 (extreme outlier),,11552474.0,1963.14
,,providers_b,sum_payment_amount,MAD z-score >= 8 (extreme outlier),,42518.0,397.94
,,providers_b,sum_payment_amount,MAD z-score >= 8 (extreme outlier),,11137074.0,425.27
,,providers_b,sum_payment_amount,MAD z-score >= 8 (extreme outlier),,10465917.0,428.95
,,providers_b,sum_payment_amount,MAD z-score >= 8 (extreme outlier),,1282168.0,307.68
,,providers_b,sum_payment_amount,MAD z-score >= 8 (extreme outlier),,234597.0,335.08
,,providers_b,sum_payment_amount,MAD z-score >= 8 (extreme outlier),,4017861.0,3356.16
,,providers_b,sum_payment_amount,MAD z-score >= 8 (extreme outlier),,10958077.0,973.58
,,providers_b,sum_payment_amount,MAD z-score >= 8 (extreme outlier),,31627.0,485.6
,,providers_b,sum_payment_amount,MAD z-score >= 8 (extreme outlier),,11357281.0,275.26
,,providers_b,sum_payment_amount,MAD z-score >= 8 (extreme outlier),,988511.0,837.9100000000001
,,providers_b,sum_payment_amount,MAD z-score >= 8 (extreme outlier),,698705.0,2750.0
,,providers_b,sum_payment_amount,MAD z-score >= 8 (extreme outlier),,331330.0,5040.1
,,providers_b,sum_payment_amount,MAD z-score >= 8 (extreme outlier),,1164979.0,1876.02
,,providers_b,sum_payment_amount,MAD z-score >= 8 (extreme outlier),,222275.0,3213.6
,,providers_b,sum_payment_amount,MAD z-score >= 8 (extreme outlier),,137855.0,2400.0
,,providers_b,sum_payment_amount,MAD z-score >= 8 (extreme outlier),,209905.0,1957.07
,,providers_b,sum_payment_amount,MAD z-score >= 8 (extreme outlier),,2792274.0,1472.57
,,providers_b,sum_payment_amount,MAD z-score >= 8 (extreme outlier),,606438.0,305.0
,,providers_b,sum_payment_amount,MAD z-score >= 8 (extreme outlier),,540730.0,2001.54
,,providers_b,sum_payment_amount,MAD z-score >= 8 (extreme outlier),,5702830.0,1649.76
,,providers_b,sum_payment_amount,MAD z-score >= 8 (extreme outlier),,1276696.0,643.11
,,providers_b,sum_payment_amount,MAD z-score >= 8 (extreme outlier),,1139679.0,1799.93
,,providers_b,sum_payment_amount,MAD z-score >= 8 (extreme outlier),,11435761.0,298.35
,,providers_b,sum_payment_amount,MAD z-score >= 8 (extreme outlier),,101790.0,25451.13
,,providers_b,sum_payment_amount,MAD z-score >= 8 (extreme outlier),,465672.0,455.65999999999997
,,providers_b,sum_payment_amount,MAD z-score >= 8 (extreme outlier),,11037706.0,350.46000000000004
,,providers_b,sum_payment_amount,MAD z-score >= 8 (extreme outlier),,237302.0,1130.56
,,providers_b,sum_payment_amount,MAD z-score >= 8 (extreme outlier),,4222899.0,2725.0
,,providers_b,sum_payment_amount,MAD z-score >= 8 (extreme outlier),,92524.0,601.25
,,providers_b,sum_payment_amount,MAD z-score >= 8 (extreme outlier),,695511.0,323.72
,,providers_b,sum_payment_amount,MAD z-score >= 8 (extreme outlier),,281602.0,305.25
,,providers_b,sum_payment_amount,MAD z-score >= 8 (extreme outlier),,312885.0,2025.0
,,providers_b,sum_payment_amount,MAD z-score >= 8 (extreme outlier),,672488.0,331.6
,,providers_b,sum_payment_amount,MAD z-score >= 8 (extreme outlier),,6934844.0,8081.28
,,providers_b,sum_payment_amount,MAD z-score >= 8 (extreme outlier),,395183.0,6665.48
,,providers_b,sum_payment_amount,MAD z-score >= 8 (extreme outlier),,143187.0,1450.3999999999999
,,providers_b,sum_payment_amount,MAD z-score >= 8 (extreme outlier),,159835.0,350.37
,,providers_b,sum_payment_amount,MAD z-score >= 8 (extreme outlier),,10610487.0,1878.95
,,providers_b,sum_payment_amount,MAD z-score >= 8 (extreme outlier),,1187071.0,2371.18
,,providers_b,sum_payment_amount,MAD z-score >= 8 (extreme outlier),,703915.0,375.0
,,providers_b,sum_payment_amount,MAD z-score >= 8 (extreme outlier),,3950422.0,311.65
,,providers_b,sum_payment_amount,MAD z-score >= 8 (extreme outlier),,721522.0,401.0
,,providers_b,sum_payment_amount,MAD z-score >= 8 (extreme outlier),,442137.0,709.5
,,providers_b,sum_payment_amount,MAD z-score >= 8 (extreme outlier),,87051.0,1800.63
,,providers_b,sum_payment_amount,MAD z-score >= 8 (extreme outlier),,10492657.0,885.72
,,providers_b,sum_payment_amount,MAD z-score >= 8 (extreme outlier),,11675.0,6195.85
,,providers_b,sum_payment_amount,MAD z-score >= 8 (extreme outlier),,1307358.0,94277.77
,,providers_b,sum_payment_amount,MAD z-score >= 8 (extreme outlier),,11524382.0,388.4
,,providers_b,sum_payment_amount,MAD z-score >= 8 (extreme outlier),,201430.0,801.7
,,providers_b,sum_payment_amount,MAD z-score >= 8 (extreme outlier),,619589.0,791.4
,,providers_b,sum_payment_amount,MAD z-score >= 8 (extreme outlier),,932660.0,589.49
,,providers_b,sum_payment_amount,MAD z-score >= 8 (extreme outlier),,11274864.0,285.42
,,providers_b,sum_payment_amount,MAD z-score >= 8 (extreme outlier),,1112597.0,12868.99
,,providers_b,sum_payment_amount,MAD z-score >= 8 (extreme outlier),,10952418.0,3443.23
,,providers_b,sum_payment_amount,MAD z-score >= 8 (extreme outlier),,360286.0,448.90999999999997
,,providers_b,sum_payment_amount,MAD z-score >= 8 (extreme outlier),,7358959.0,15935.86
,,providers_b,sum_payment_amount,MAD z-score >= 8 (extreme outlier),,11279006.0,302.78
,,providers_b,sum_payment_amount,MAD z-score >= 8 (extreme outlier),,2774743.0,418.78
,,providers_b,sum_payment_amount,MAD z-score >= 8 (extreme outlier),,778246.0,345.5
,,providers_b,sum_payment_amount,MAD z-score >= 8 (extreme outlier),,11191779.0,395.85
,,providers_b,sum_payment_amount,MAD z-score >= 8 (extreme outlier),,11031116.0,354.62
,,providers_b,sum_payment_amount,MAD z-score >= 8 (extreme outlier),,266933.0,436.43
,,providers_b,sum_payment_amount,MAD z-score >= 8 (extreme outlier),,1381842.0,333.79
,,providers_b,sum_payment_amount,MAD z-score >= 8 (extreme outlier),,541473.0,1138.94
,,providers_b,sum_payment_amount,MAD z-score >= 8 (extreme outlier),,10883272.0,939.3
,,providers_b,sum_payment_amount,MAD z-score >= 8 (extreme outlier),,895081.0,8802.25
,,providers_b,sum_payment_amount,MAD z-score >= 8 (extreme outlier),,633106.0,2207.06
,,providers_b,sum_payment_amount,MAD z-score >= 8 (extreme outlier),,308951.0,286.13
,,providers_b,sum_payment_amount,MAD z-score >= 8 (extreme outlier),,255930.0,377.21000000000004
,,providers_b,sum_payment_amount,MAD z-score >= 8 (extreme outlier),,8802798.0,1519.93
,,providers_b,sum_payment_amount,MAD z-score >= 8 (extreme outlier),,128283.0,391.17
,,providers_b,sum_payment_amount,MAD z-score >= 8 (extreme outlier),,11551375.0,1017.01
,,providers_b,sum_payment_amount,MAD z-score >= 8 (extreme outlier),,44382.0,10266.42
,,providers_b,sum_payment_amount,MAD z-score >= 8 (extreme outlier),,1079505.0,320.07
,,providers_b,sum_payment_amount,MAD z-score >= 8 (extreme outlier),,10748299.0,1436.39
,,providers_b,sum_payment_amount,MAD z-score >= 8 (extreme outlier),,10950020.0,556.85
,,providers_b,sum_payment_amount,MAD z-score >= 8 (extreme outlier),,149902.0,416.78999999999996
,,providers_b,sum_payment_amount,MAD z-score >= 8 (extreme outlier),,728357.0,1004.19
,,providers_b,sum_payment_amount,MAD z-score >= 8 (extreme outlier),,260773.0,351.40999999999997
,,providers_b,sum_payment_amount,MAD z-score >= 8 (extreme outlier),,107616.0,7990.24
,,providers_b,sum_payment_amount,MAD z-score >= 8 (extreme outlier),,128763.0,416.63
,,providers_b,sum_payment_amount,MAD z-score >= 8 (extreme outlier),,1390643.0,901.5
,,providers_b,sum_payment_amount,MAD z-score >= 8 (extreme outlier),,1366537.0,1405.34
,,providers_b,sum_payment_amount,MAD z-score >= 8 (extreme outlier),,1395698.0,16800.0
,,providers_b,sum_payment_amount,MAD z-score >= 8 (extreme outlier),,1073974.0,329.0
,,providers_b,sum_payment_amount,MAD z-score >= 8 (extreme outlier),,11227535.0,577.3
,,providers_b,sum_payment_amount,MAD z-score >= 8 (extreme outlier),,1089361.0,471.0
,,providers_b,sum_payment_amount,MAD z-score >= 8 (extreme outlier),,113474.0,377.73
,,providers_b,sum_payment_amount,MAD z-score >= 8 (extreme outlier),,312987.0,1500.0
,,providers_b,sum_payment_amount,MAD z-score >= 8 (extreme outlier),,1334509.0,274.16
,,providers_b,sum_payment_amount,MAD z-score >= 8 (extreme outlier),,8795216.0,670.3199999999999
,,providers_b,sum_payment_amount,MAD z-score >= 8 (extreme outlier),,4906644.0,637.6
,,providers_b,sum_payment_amount,MAD z-score >= 8 (extreme outlier),,259328.0,434.47
,,providers_b,sum_payment_amount,MAD z-score >= 8 (extreme outlier),,9423977.0,1066.75
,,providers_b,sum_payment_amount,MAD z-score >= 8 (extreme outlier),,27531.0,400.15
,,providers_b,sum_payment_amount,MAD z-score >= 8 (extreme outlier),,81057.0,2667.82
,,providers_b,sum_payment_amount,MAD z-score >= 8 (extreme outlier),,175668.0,275.25
,,providers_b,sum_payment_amount,MAD z-score >= 8 (extreme outlier),,11271490.0,331.55
,,providers_b,sum_payment_amount,MAD z-score >= 8 (extreme outlier),,1291987.0,413.8
,,providers_b,sum_payment_amount,MAD z-score >= 8 (extreme outlier),,11551790.0,1000.0
,,providers_b,sum_payment_amount,MAD z-score >= 8 (extreme outlier),,6800580.0,340.18
,,providers_b,sum_payment_amount,MAD z-score >= 8 (extreme outlier),,361592.0,1059.04
,,providers_b,sum_payment_amount,MAD z-score >= 8 (extreme outlier),,10474152.0,339.97
,,providers_b,sum_payment_amount,MAD z-score >= 8 (extreme outlier),,737574.0,1497.05
,,providers_b,sum_payment_amount,MAD z-score >= 8 (extreme outlier),,272396.0,408.67
,,providers_b,sum_payment_amount,MAD z-score >= 8 (extreme outlier),,10121999.0,660.48
,,providers_b,sum_payment_amount,MAD z-score >= 8 (extreme outlier),,354900.0,1339.54
,,providers_b,sum_payment_amount,MAD z-score >= 8 (extreme outlier),,359235.0,6997.18
,,providers_b,sum_payment_amount,MAD z-score >= 8 (extreme outlier),,10508795.0,344.81
,,providers_b,sum_payment_amount,MAD z-score >= 8 (extreme outlier),,2512367.0,3325.0
,,providers_b,sum_payment_amount,MAD z-score >= 8 (extreme outlier),,654001.0,1810.04
,,providers_b,sum_payment_amount,MAD z-score >= 8 (extreme outlier),,11146490.0,545.91
,,providers_b,sum_payment_amount,MAD z-score >= 8 (extreme outlier),,418883.0,2269.78
,,providers_b,sum_payment_amount,MAD z-score >= 8 (extreme outlier),,10762112.0,443.25
,,providers_b,sum_payment_amount,MAD z-score >= 8 (extreme outlier),,2218.0,9038.35
,,providers_b,sum_payment_amount,MAD z-score >= 8 (extreme outlier),,642403.0,290.67
,,providers_b,sum_payment_amount,MAD z-score >= 8 (extreme outlier),,4872.0,447.86
,,providers_b,sum_payment_amount,MAD z-score >= 8 (extreme outlier),,348253.0,280.95
,,providers_b,sum_payment_amount,MAD z-score >= 8 (extreme outlier),,68216.0,528.22
,,providers_b,sum_payment_amount,MAD z-score >= 8 (extreme outlier),,234468.0,338.38
,,providers_b,sum_payment_amount,MAD z-score >= 8 (extreme outlier),,166787.0,515.0
,,providers_b,sum_payment_amount,MAD z-score >= 8 (extreme outlier),,209682.0,19107.58
,,providers_b,sum_payment_amount,MAD z-score >= 8 (extreme outlier),,857346.0,276.24
,,providers_b,sum_payment_amount,MAD z-score >= 8 (extreme outlier),,1391222.0,320.0
,,providers_b,sum_payment_amount,MAD z-score >= 8 (extreme outlier),,11306407.0,5000.0
,,providers_b,sum_payment_amount,MAD z-score >= 8 (extreme outlier),,129966.0,410.71999999999997
,,providers_b,sum_payment_amount,MAD z-score >= 8 (extreme outlier),,643113.0,10439.130000000001
,,providers_b,sum_payment_amount,MAD z-score >= 8 (extreme outlier),,2785022.0,306.88
,,providers_b,sum_payment_amount,MAD z-score >= 8 (extreme outlier),,332631.0,6242.46
,,providers_b,sum_payment_amount,MAD z-score >= 8 (extreme outlier),,4109237.0,312.05
,,providers_b,sum_payment_amount,MAD z-score >= 8 (extreme outlier),,897492.0,750.0
,,providers_b,sum_payment_amount,MAD z-score >= 8 (extreme outlier),,750211.0,363.43
,,providers_b,sum_payment_amount,MAD z-score >= 8 (extreme outlier),,11198800.0,580.94
,,providers_b,sum_payment_amount,MAD z-score >= 8 (extreme outlier),,71881.0,358.78999999999996
,,providers_b,sum_payment_amount,MAD z-score >= 8 (extreme outlier),,503993.0,104260.01
,,providers_b,sum_payment_amount,MAD z-score >= 8 (extreme outlier),,9607842.0,484.95
,,providers_b,sum_payment_amount,MAD z-score >= 8 (extreme outlier),,82578.0,356.62
,,providers_b,sum_payment_amount,MAD z-score >= 8 (extreme outlier),,513555.0,526.85
,,providers_b,sum_payment_amount,MAD z-score >= 8 (extreme outlier),,258381.0,22648.309999999998
,,providers_b,sum_payment_amount,MAD z-score >= 8 (extreme outlier),,47847.0,1613.78
,,providers_b,sum_payment_amount,MAD z-score >= 8 (extreme outlier),,10921737.0,1658.27
,,providers_b,sum_payment_amount,MAD z-score >= 8 (extreme outlier),,39266.0,406.7
,,providers_b,sum_payment_amount,MAD z-score >= 8 (extreme outlier),,440100.0,1025.01
,,providers_b,sum_payment_amount,MAD z-score >= 8 (extreme outlier),,10609761.0,16429.22
,,providers_b,sum_payment_amount,MAD z-score >= 8 (extreme outlier),,235053.0,801.34
,,providers_b,sum_payment_amount,MAD z-score >= 8 (extreme outlier),,262326.0,312.9
,,providers_b,sum_payment_amount,MAD z-score >= 8 (extreme outlier),,625314.0,787.5
,,providers_b,sum_payment_amount,MAD z-score >= 8 (extreme outlier),,11276509.0,1754.43
,,providers_b,sum_payment_amount,MAD z-score >= 8 (extreme outlier),,1215811.0,385.83
,,providers_b,sum_payment_amount,MAD z-score >= 8 (extreme outlier),,1305795.0,1034.47
,,providers_b,sum_payment_amount,MAD z-score >= 8 (extreme outlier),,11399786.0,315.93
,,providers_b,sum_payment_amount,MAD z-score >= 8 (extreme outlier),,10884074.0,279.21000000000004
,,providers_b,sum_payment_amount,MAD z-score >= 8 (extreme outlier),,11198232.0,277.08
,,providers_b,sum_payment_amount,MAD z-score >= 8 (extreme outlier),,994495.0,698.97
,,providers_b,sum_payment_amount,MAD z-score >= 8 (extreme outlier),,2303499.0,279.94
,,providers_b,sum_payment_amount,MAD z-score >= 8 (extreme outlier),,591383.0,314.49
,,providers_b,sum_payment_amount,MAD z-score >= 8 (extreme outlier),,360594.0,287.66
,,providers_b,sum_payment_amount,MAD z-score >= 8 (extreme outlier),,10858121.0,297.95
,,providers_b,sum_payment_amount,MAD z-score >= 8 (extreme outlier),,7222222.0,450.0
,,providers_b,sum_payment_amount,MAD z-score >= 8 (extreme outlier),,308874.0,15251.199999999999
,,providers_b,sum_payment_amount,MAD z-score >= 8 (extreme outlier),,1331535.0,274.36
,,providers_b,sum_payment_amount,MAD z-score >= 8 (extreme outlier),,228033.0,275.69
,,providers_b,sum_payment_amount,MAD z-score >= 8 (extreme outlier),,981231.0,617.88
,,providers_b,sum_payment_amount,MAD z-score >= 8 (extreme outlier),,11400817.0,370.34
,,providers_b,sum_payment_amount,MAD z-score >= 8 (extreme outlier),,248178.0,327.03
,,providers_b,sum_payment_amount,MAD z-score >= 8 (extreme outlier),,11267521.0,309.12
,,providers_b,sum_payment_amount,MAD z-score >= 8 (extreme outlier),,149613.0,800.0
,,providers_b,sum_payment_amount,MAD z-score >= 8 (extreme outlier),,638867.0,274.72
,,providers_b,sum_payment_amount,MAD z-score >= 8 (extreme outlier),,5703768.0,801.67
,,providers_b,sum_payment_amount,MAD z-score >= 8 (extreme outlier),,551674.0,528.22
,,providers_b,sum_payment_amount,MAD z-score >= 8 (extreme outlier),,10484102.0,323.65
,,providers_b,sum_payment_amount,MAD z-score >= 8 (extreme outlier),,5703628.0,896.0
,,providers_b,sum_payment_amount,MAD z-score >= 8 (extreme outlier),,83064.0,273.9
,,providers_b,sum_payment_amount,MAD z-score >= 8 (extreme outlier),,11378955.0,309.73
,,providers_b,sum_payment_amount,MAD z-score >= 8 (extreme outlier),,360766.0,19583.19
,,providers_b,sum_payment_amount,MAD z-score >= 8 (extreme outlier),,10738949.0,288.22
,,providers_b,sum_payment_amount,MAD z-score >= 8 (extreme outlier),,245593.0,2510.8
,,providers_b,sum_payment_amount,MAD z-score >= 8 (extreme outlier),,10420793.0,401.36
,,providers_b,sum_payment_amount,MAD z-score >= 8 (extreme outlier),,53773.0,14914.310000000001
,,providers_b,sum_payment_amount,MAD z-score >= 8 (extreme outlier),,243191.0,4896.64
,,providers_b,sum_payment_amount,MAD z-score >= 8 (extreme outlier),,346358.0,324.13
,,providers_b,sum_payment_amount,MAD z-score >= 8 (extreme outlier),,11098324.0,2755.12
,,providers_b,sum_payment_amount,MAD z-score >= 8 (extreme outlier),,10734067.0,5545.65
,,providers_b,sum_payment_amount,MAD z-score >= 8 (extreme outlier),,4389295.0,3277.04
,,providers_b,sum_payment_amount,MAD z-score >= 8 (extreme outlier),,317922.0,46360.770000000004
,,providers_b,sum_payment_amount,MAD z-score >= 8 (extreme outlier),,9829703.0,1731.62
,,providers_b,sum_payment_amount,MAD z-score >= 8 (extreme outlier),,10448990.0,286.92
,,providers_b,sum_payment_amount,MAD z-score >= 8 (extreme outlier),,340065.0,19559.1
,,providers_b,sum_payment_amount,MAD z-score >= 8 (extreme outlier),,275489.0,714.11
,,providers_b,sum_payment_amount,MAD z-score >= 8 (extreme outlier),,197890.0,282.46
,,providers_b,sum_payment_amount,MAD z-score >= 8 (extreme outlier),,151693.0,458.19
,,providers_b,sum_payment_amount,MAD z-score >= 8 (extreme outlier),,303599.0,49668.39
,,providers_b,sum_payment_amount,MAD z-score >= 8 (extreme outlier),,372086.0,1000.0
,,providers_b,sum_payment_amount,MAD z-score >= 8 (extreme outlier),,1382391.0,5922.570000000001
,,providers_b,sum_payment_amount,MAD z-score >= 8 (extreme outlier),,332067.0,4716.9
,,providers_b,sum_payment_amount,MAD z-score >= 8 (extreme outlier),,1291933.0,374.52
,,providers_b,sum_payment_amount,MAD z-score >= 8 (extreme outlier),,1211099.0,1694.45
,,providers_b,sum_payment_amount,MAD z-score >= 8 (extreme outlier),,10553723.0,299.12
,,providers_b,sum_payment_amount,MAD z-score >= 8 (extreme outlier),,10875055.0,33534.4
,,providers_b,sum_payment_amount,MAD z-score >= 8 (extreme outlier),,250349.0,283.55
,,providers_b,sum_payment_amount,MAD z-score >= 8 (extreme outlier),,656171.0,1891.06
,,providers_b,sum_payment_amount,MAD z-score >= 8 (extreme outlier),,10522549.0,309.97
,,providers_b,sum_payment_amount,MAD z-score >= 8 (extreme outlier),,10549647.0,316.64
,,providers_b,sum_payment_amount,MAD z-score >= 8 (extreme outlier),,183683.0,393.19
,,providers_b,sum_payment_amount,MAD z-score >= 8 (extreme outlier),,206555.0,1202.38
,,providers_b,sum_payment_amount,MAD z-score >= 8 (extreme outlier),,847188.0,550.0
,,providers_b,sum_payment_amount,MAD z-score >= 8 (extreme outlier),,1004770.0,284.13
,,providers_b,sum_payment_amount,MAD z-score >= 8 (extreme outlier),,5021338.0,358.69
,,providers_b,sum_payment_amount,MAD z-score >= 8 (extreme outlier),,214437.0,3795.0
,,providers_b,sum_payment_amount,MAD z-score >= 8 (extreme outlier),,277192.0,4450.87
,,providers_b,sum_payment_amount,MAD z-score >= 8 (extreme outlier),,177980.0,459.87
,,providers_b,sum_payment_amount,MAD z-score >= 8 (extreme outlier),,165273.0,2000.0
,,providers_b,sum_payment_amount,MAD z-score >= 8 (extreme outlier),,18126.0,289.31
,,providers_b,sum_payment_amount,MAD z-score >= 8 (extreme outlier),,170612.0,385.52
,,providers_b,sum_payment_amount,MAD z-score >= 8 (extreme outlier),,199920.0,284.95
,,providers_b,sum_payment_amount,MAD z-score >= 8 (extreme outlier),,10807323.0,318.88
,,providers_b,sum_payment_amount,MAD z-score >= 8 (extreme outlier),,31005.0,3400.0
,,providers_b,sum_payment_amount,MAD z-score >= 8 (extreme outlier),,274787.0,397.33
,,providers_b,sum_payment_amount,MAD z-score >= 8 (extreme outlier),,156151.0,4000.0
,,providers_b,sum_payment_amount,MAD z-score >= 8 (extreme outlier),,1395690.0,11223.93
,,providers_b,sum_payment_amount,MAD z-score >= 8 (extreme outlier),,314723.0,44200.0
,,providers_b,sum_payment_amount,MAD z-score >= 8 (extreme outlier),,372250.0,414.25
,,providers_b,sum_payment_amount,MAD z-score >= 8 (extreme outlier),,236493.0,4988.59
,,providers_b,sum_payment_amount,MAD z-score >= 8 (extreme outlier),,320412.0,400.0
,,providers_b,sum_payment_amount,MAD z-score >= 8 (extreme outlier),,161838.0,33945.33
,,providers_b,sum_payment_amount,MAD z-score >= 8 (extreme outlier),,10576168.0,1446.8999999999999
,,providers_b,sum_payment_amount,MAD z-score >= 8 (extreme outlier),,255584.0,2918.1
,,providers_b,sum_payment_amount,MAD z-score >= 8 (extreme outlier),,10659014.0,326.1
,,providers_b,sum_payment_amount,MAD z-score >= 8 (extreme outlier),,435618.0,2200.0
,,providers_b,sum_payment_amount,MAD z-score >= 8 (extreme outlier),,11257294.0,378.46
,,providers_b,sum_payment_amount,MAD z-score >= 8 (extreme outlier),,2791737.0,603.6700000000001
,,providers_b,sum_payment_amount,MAD z-score >= 8 (extreme outlier),,1191713.0,293.78
,,providers_b,sum_payment_amount,MAD z-score >= 8 (extreme outlier),,1368039.0,7714.76
,,providers_b,sum_payment_amount,MAD z-score >= 8 (extreme outlier),,338302.0,481.32
,,providers_b,sum_payment_amount,MAD z-score >= 8 (extreme outlier),,163038.0,385260.89999999997
,,providers_b,sum_payment_amount,MAD z-score >= 8 (extreme outlier),,10563721.0,413.48
,,providers_b,sum_payment_amount,MAD z-score >= 8 (extreme outlier),,211820.0,2154.6
,,providers_b,sum_payment_amount,MAD z-score >= 8 (extreme outlier),,303044.0,564.85
,,providers_b,sum_payment_amount,MAD z-score >= 8 (extreme outlier),,1283388.0,1421.6
,,providers_b,sum_payment_amount,MAD z-score >= 8 (extreme outlier),,222679.0,313.36
,,providers_b,sum_payment_amount,MAD z-score >= 8 (extreme outlier),,818226.0,9093.19
,,providers_b,sum_payment_amount,MAD z-score >= 8 (extreme outlier),,126077.0,303.92
,,providers_b,sum_payment_amount,MAD z-score >= 8 (extreme outlier),,225829.0,68326.36
,,providers_b,sum_payment_amount,MAD z-score >= 8 (extreme outlier),,184217.0,1112.54
,,providers_b,sum_payment_amount,MAD z-score >= 8 (extreme outlier),,66055.0,276.01
,,providers_b,sum_payment_amount,MAD z-score >= 8 (extreme outlier),,545532.0,290.09000000000003
,,providers_b,sum_payment_amount,MAD z-score >= 8 (extreme outlier),,957307.0,359.74
,,providers_b,sum_payment_amount,MAD z-score >= 8 (extreme outlier),,11286761.0,399.84000000000003
,,providers_b,sum_payment_amount,MAD z-score >= 8 (extreme outlier),,10678660.0,297.37
,,providers_b,sum_payment_amount,MAD z-score >= 8 (extreme outlier),,67196.0,2500.0
,,providers_b,sum_payment_amount,MAD z-score >= 8 (extreme outlier),,73016.0,1350.0
,,providers_b,sum_payment_amount,MAD z-score >= 8 (extreme outlier),,10963087.0,288.81
,,providers_b,sum_payment_amount,MAD z-score >= 8 (extreme outlier),,68331.0,322.24
,,providers_b,sum_payment_amount,MAD z-score >= 8 (extreme outlier),,291311.0,36984.42
,,providers_b,sum_payment_amount,MAD z-score >= 8 (extreme outlier),,578474.0,2109.55
,,providers_b,sum_payment_amount,MAD z-score >= 8 (extreme outlier),,7691882.0,845.77
,,providers_b,sum_payment_amount,MAD z-score >= 8 (extreme outlier),,11377083.0,460.86
,,providers_b,sum_payment_amount,MAD z-score >= 8 (extreme outlier),,11346863.0,289.65
,,providers_b,sum_payment_amount,MAD z-score >= 8 (extreme outlier),,10735915.0,357.92
,,providers_b,sum_payment_amount,MAD z-score >= 8 (extreme outlier),,248209.0,2000.0
,,providers_b,sum_payment_amount,MAD z-score >= 8 (extreme outlier),,56195.0,2500.0
,,providers_b,sum_payment_amount,MAD z-score >= 8 (extreme outlier),,887266.0,962.6999999999999
,,providers_b,sum_payment_amount,MAD z-score >= 8 (extreme outlier),,10730416.0,298.51
,,providers_b,sum_payment_amount,MAD z-score >= 8 (extreme outlier),,626935.0,622.51
,,providers_b,sum_payment_amount,MAD z-score >= 8 (extreme outlier),,11037895.0,1845.16
,,providers_b,sum_payment_amount,MAD z-score >= 8 (extreme outlier),,10553233.0,542.96
,,providers_b,sum_payment_amount,MAD z-score >= 8 (extreme outlier),,344804.0,531.5699999999999
,,providers_b,sum_payment_amount,MAD z-score >= 8 (extreme outlier),,741748.0,330.07
,,providers_b,sum_payment_amount,MAD z-score >= 8 (extreme outlier),,11219477.0,299.77
,,providers_b,sum_payment_amount,MAD z-score >= 8 (extreme outlier),,235477.0,295.90999999999997
,,providers_b,sum_payment_amount,MAD z-score >= 8 (extreme outlier),,147652.0,1567.8500000000001
,,providers_b,sum_payment_amount,MAD z-score >= 8 (extreme outlier),,7641772.0,350.0
,,providers_b,sum_payment_amount,MAD z-score >= 8 (extreme outlier),,11060907.0,1405.29
,,providers_b,sum_payment_amount,MAD z-score >= 8 (extreme outlier),,200610.0,311.81
,,providers_b,sum_payment_amount,MAD z-score >= 8 (extreme outlier),,803787.0,516.74
,,providers_b,sum_payment_amount,MAD z-score >= 8 (extreme outlier),,2775433.0,360.56
,,providers_b,sum_payment_amount,MAD z-score >= 8 (extreme outlier),,11249532.0,304.77
,,providers_b,sum_payment_amount,MAD z-score >= 8 (extreme outlier),,454557.0,619.27
,,providers_b,sum_payment_amount,MAD z-score >= 8 (extreme outlier),,56478.0,3220.36
,,providers_b,sum_payment_amount,MAD z-score >= 8 (extreme outlier),,10729678.0,341.5
,,providers_b,sum_payment_amount,MAD z-score >= 8 (extreme outlier),,1329301.0,1251.27
,,providers_b,sum_payment_amount,MAD z-score >= 8 (extreme outlier),,9149921.0,319.96
,,providers_b,sum_payment_amount,MAD z-score >= 8 (extreme outlier),,10465538.0,320.74
,,providers_b,sum_payment_amount,MAD z-score >= 8 (extreme outlier),,1384608.0,3973.88
,,providers_b,sum_payment_amount,MAD z-score >= 8 (extreme outlier),,10811437.0,1739.9
,,providers_b,sum_payment_amount,MAD z-score >= 8 (extreme outlier),,10743076.0,274.94
,,providers_b,sum_payment_amount,MAD z-score >= 8 (extreme outlier),,523416.0,1531.25
,,providers_b,sum_payment_amount,MAD z-score >= 8 (extreme outlier),,63898.0,1996.03
,,providers_b,sum_payment_amount,MAD z-score >= 8 (extreme outlier),,531440.0,400.0
,,providers_b,sum_payment_amount,MAD z-score >= 8 (extreme outlier),,44165.0,980.8199999999999
,,providers_b,sum_payment_amount,MAD z-score >= 8 (extreme outlier),,10786511.0,1604.9900000000002
,,providers_b,sum_payment_amount,MAD z-score >= 8 (extreme outlier),,143324.0,294.48
,,providers_b,sum_payment_amount,MAD z-score >= 8 (extreme outlier),,10751366.0,464.29
,,providers_b,sum_payment_amount,MAD z-score >= 8 (extreme outlier),,11316276.0,1322.58
,,providers_b,sum_payment_amount,MAD z-score >= 8 (extreme outlier),,572230.0,942.91
,,providers_b,sum_payment_amount,MAD z-score >= 8 (extreme outlier),,254919.0,760.62
,,providers_b,sum_payment_amount,MAD z-score >= 8 (extreme outlier),,509181.0,692.06
,,providers_b,sum_payment_amount,MAD z-score >= 8 (extreme outlier),,130786.0,727.3
,,providers_b,sum_payment_amount,MAD z-score >= 8 (extreme outlier),,270618.0,3125.0
,,providers_b,sum_payment_amount,MAD z-score >= 8 (extreme outlier),,317799.0,917.01
,,providers_b,sum_payment_amount,MAD z-score >= 8 (extreme outlier),,344658.0,402.28000000000003
,,providers_b,sum_payment_amount,MAD z-score >= 8 (extreme outlier),,11062818.0,330.33
,,providers_b,sum_payment_amount,MAD z-score >= 8 (extreme outlier),,49321.0,429.94
,,providers_b,sum_payment_amount,MAD z-score >= 8 (extreme outlier),,9162112.0,1275.0
,,providers_b,sum_payment_amount,MAD z-score >= 8 (extreme outlier),,10787473.0,288.41999999999996
,,providers_b,sum_payment_amount,MAD z-score >= 8 (extreme outlier),,602455.0,737.25
,,providers_b,sum_payment_amount,MAD z-score >= 8 (extreme outlier),,10446647.0,321.03999999999996
,,providers_b,sum_payment_amount,MAD z-score >= 8 (extreme outlier),,84875.0,9194.31
,,providers_b,sum_payment_amount,MAD z-score >= 8 (extreme outlier),,1383438.0,12500.0
,,providers_b,sum_payment_amount,MAD z-score >= 8 (extreme outlier),,31334.0,376.48
,,providers_b,sum_payment_amount,MAD z-score >= 8 (extreme outlier),,131879.0,1903.0
,,providers_b,sum_payment_amount,MAD z-score >= 8 (extreme outlier),,1125783.0,8079.13
,,providers_b,sum_payment_amount,MAD z-score >= 8 (extreme outlier),,1101814.0,310.44
,,providers_b,sum_payment_amount,MAD z-score >= 8 (extreme outlier),,313.0,283.67
,,providers_b,sum_payment_amount,MAD z-score >= 8 (extreme outlier),,10773762.0,360.0
,,providers_b,sum_payment_amount,MAD z-score >= 8 (extreme outlier),,166266.0,6081.7
,,providers_b,sum_payment_amount,MAD z-score >= 8 (extreme outlier),,1381536.0,291.65
,,providers_b,sum_payment_amount,MAD z-score >= 8 (extreme outlier),,1376461.0,7470.5599999999995
,,providers_b,sum_payment_amount,MAD z-score >= 8 (extreme outlier),,288766.0,21354.6
,,providers_b,sum_payment_amount,MAD z-score >= 8 (extreme outlier),,10661670.0,1432.26
,,providers_b,sum_payment_amount,MAD z-score >= 8 (extreme outlier),,118586.0,848.61
,,providers_b,sum_payment_amount,MAD z-score >= 8 (extreme outlier),,11321061.0,2382.05
,,providers_b,sum_payment_amount,MAD z-score >= 8 (extreme outlier),,311585.0,336.99
,,providers_b,sum_payment_amount,MAD z-score >= 8 (extreme outlier),,1375239.0,40013.33
,,providers_b,sum_payment_amount,MAD z-score >= 8 (extreme outlier),,750101.0,2137.62
,,providers_b,sum_payment_amount,MAD z-score >= 8 (extreme outlier),,218164.0,4000.0
,,providers_b,sum_payment_amount,MAD z-score >= 8 (extreme outlier),,2775233.0,319.01
,,providers_b,sum_payment_amount,MAD z-score >= 8 (extreme outlier),,162384.0,355.27
,,providers_b,sum_payment_amount,MAD z-score >= 8 (extreme outlier),,11226536.0,1777.38
,,providers_b,sum_payment_amount,MAD z-score >= 8 (extreme outlier),,11356314.0,606.28
,,providers_b,sum_payment_amount,MAD z-score >= 8 (extreme outlier),,267326.0,501.82
,,providers_b,sum_payment_amount,MAD z-score >= 8 (extreme outlier),,292578.0,338.23
,,providers_b,sum_payment_amount,MAD z-score >= 8 (extreme outlier),,40147.0,4923.18
,,providers_b,sum_payment_amount,MAD z-score >= 8 (extreme outlier),,246235.0,1183.79
,,providers_b,sum_payment_amount,MAD z-score >= 8 (extreme outlier),,747962.0,2888.4700000000003
,,providers_b,sum_payment_amount,MAD z-score >= 8 (extreme outlier),,5512906.0,334.05
,,providers_b,sum_payment_amount,MAD z-score >= 8 (extreme outlier),,1052635.0,617.8699999999999
,,providers_b,sum_payment_amount,MAD z-score >= 8 (extreme outlier),,287506.0,290.01
,,providers_b,sum_payment_amount,MAD z-score >= 8 (extreme outlier),,10934908.0,315.08
,,providers_b,sum_payment_amount,MAD z-score >= 8 (extreme outlier),,297578.0,2100.0
,,providers_b,sum_payment_amount,MAD z-score >= 8 (extreme outlier),,8797761.0,294.26
,,providers_b,sum_payment_amount,MAD z-score >= 8 (extreme outlier),,283572.0,294.0
,,providers_b,sum_payment_amount,MAD z-score >= 8 (extreme outlier),,8791860.0,900.0
,,providers_b,sum_payment_amount,MAD z-score >= 8 (extreme outlier),,10787297.0,1903.46
,,providers_b,sum_payment_amount,MAD z-score >= 8 (extreme outlier),,147201.0,4731.7699999999995
,,providers_b,sum_payment_amount,MAD z-score >= 8 (extreme outlier),,1306494.0,1500.0
,,providers_b,sum_payment_amount,MAD z-score >= 8 (extreme outlier),,2834.0,12000.0
,,providers_b,sum_payment_amount,MAD z-score >= 8 (extreme outlier),,170008.0,3135.0
,,providers_b,sum_payment_amount,MAD z-score >= 8 (extreme outlier),,1085350.0,937.27
,,providers_b,sum_payment_amount,MAD z-score >= 8 (extreme outlier),,56036.0,10408.130000000001
,,providers_b,sum_payment_amount,MAD z-score >= 8 (extreme outlier),,11136567.0,912.5
,,providers_b,sum_payment_amount,MAD z-score >= 8 (extreme outlier),,264945.0,1650.0
,,providers_b,sum_payment_amount,MAD z-score >= 8 (extreme outlier),,1330932.0,1164.15
,,providers_b,sum_payment_amount,MAD z-score >= 8 (extreme outlier),,11247520.0,286.06
,,providers_b,sum_payment_amount,MAD z-score >= 8 (extreme outlier),,11157881.0,356.99
,,providers_b,sum_payment_amount,MAD z-score >= 8 (extreme outlier),,10730684.0,297.96999999999997
,,providers_b,sum_payment_amount,MAD z-score >= 8 (extreme outlier),,24158.0,286.41
,,providers_b,sum_payment_amount,MAD z-score >= 8 (extreme outlier),,2783124.0,289.96000000000004
,,providers_b,sum_payment_amount,MAD z-score >= 8 (extreme outlier),,11382400.0,304.54
,,providers_b,sum_payment_amount,MAD z-score >= 8 (extreme outlier),,11353546.0,454.57
,,providers_b,sum_payment_amount,MAD z-score >= 8 (extreme outlier),,10704208.0,464.29
,,providers_b,sum_payment_amount,MAD z-score >= 8 (extreme outlier),,749935.0,318.4
,,providers_b,sum_payment_amount,MAD z-score >= 8 (extreme outlier),,532287.0,14455.0
,,providers_b,sum_payment_amount,MAD z-score >= 8 (extreme outlier),,767542.0,38355.520000000004
,,providers_b,sum_payment_amount,MAD z-score >= 8 (extreme outlier),,10782116.0,333.33
,,providers_b,sum_payment_amount,MAD z-score >= 8 (extreme outlier),,10440831.0,385.67
,,providers_b,sum_payment_amount,MAD z-score >= 8 (extreme outlier),,398342.0,5440.0
,,providers_b,sum_payment_amount,MAD z-score >= 8 (extreme outlier),,11079119.0,362.94
,,providers_b,sum_payment_amount,MAD z-score >= 8 (extreme outlier),,59111.0,2600.0
,,providers_b,sum_payment_amount,MAD z-score >= 8 (extreme outlier),,291409.0,515.31
,,providers_b,sum_payment_amount,MAD z-score >= 8 (extreme outlier),,672937.0,637.72
,,providers_b,sum_payment_amount,MAD z-score >= 8 (extreme outlier),,890963.0,500.0
,,providers_b,sum_payment_amount,MAD z-score >= 8 (extreme outlier),,99293.0,387.9
,,providers_b,sum_payment_amount,MAD z-score >= 8 (extreme outlier),,873661.0,1215.96
,,providers_b,sum_payment_amount,MAD z-score >= 8 (extreme outlier),,125689.0,2136.0
,,providers_b,sum_payment_amount,MAD z-score >= 8 (extreme outlier),,10630791.0,357.40999999999997
,,providers_b,sum_payment_amount,MAD z-score >= 8 (extreme outlier),,570252.0,591.46
,,providers_b,sum_payment_amount,MAD z-score >= 8 (extreme outlier),,20691.0,450.0
,,providers_b,sum_payment_amount,MAD z-score >= 8 (extreme outlier),,709921.0,293.44
,,providers_b,sum_payment_amount,MAD z-score >= 8 (extreme outlier),,350824.0,353.35
,,providers_b,sum_payment_amount,MAD z-score >= 8 (extreme outlier),,786400.0,397.49
,,providers_b,sum_payment_amount,MAD z-score >= 8 (extreme outlier),,30888.0,345.3
,,providers_b,sum_payment_amount,MAD z-score >= 8 (extreme outlier),,44315.0,806.8
,,providers_b,sum_payment_amount,MAD z-score >= 8 (extreme outlier),,11249709.0,278.67
,,providers_b,sum_payment_amount,MAD z-score >= 8 (extreme outlier),,10749896.0,299.78
,,providers_b,sum_payment_amount,MAD z-score >= 8 (extreme outlier),,14455.0,4685.13
,,providers_b,sum_payment_amount,MAD z-score >= 8 (extreme outlier),,1816763.0,327.83000000000004
,,providers_b,sum_payment_amount,MAD z-score >= 8 (extreme outlier),,146474.0,290.17
,,providers_b,sum_payment_amount,MAD z-score >= 8 (extreme outlier),,141501.0,321.53999999999996
,,providers_b,sum_payment_amount,MAD z-score >= 8 (extreme outlier),,963677.0,698.87
,,providers_b,sum_payment_amount,MAD z-score >= 8 (extreme outlier),,11528436.0,314.15999999999997
,,providers_b,sum_payment_amount,MAD z-score >= 8 (extreme outlier),,11098757.0,282.94
,,providers_b,sum_payment_amount,MAD z-score >= 8 (extreme outlier),,1381601.0,297.9
,,providers_b,sum_payment_amount,MAD z-score >= 8 (extreme outlier),,164039.0,278.61
,,providers_b,sum_payment_amount,MAD z-score >= 8 (extreme outlier),,10807419.0,452.79999999999995
,,providers_b,sum_payment_amount,MAD z-score >= 8 (extreme outlier),,180148.0,302.67
,,providers_b,sum_payment_amount,MAD z-score >= 8 (extreme outlier),,1037285.0,10875.0
,,providers_b,sum_payment_amount,MAD z-score >= 8 (extreme outlier),,1320408.0,4678.32
,,providers_b,sum_payment_amount,MAD z-score >= 8 (extreme outlier),,1307117.0,13609.5
,,providers_b,sum_payment_amount,MAD z-score >= 8 (extreme outlier),,1145740.0,8165.0
,,providers_b,sum_payment_amount,MAD z-score >= 8 (extreme outlier),,10833300.0,460.89
,,providers_b,sum_payment_amount,MAD z-score >= 8 (extreme outlier),,10990485.0,382.62
,,providers_b,sum_payment_amount,MAD z-score >= 8 (extreme outlier),,1332152.0,452.04999999999995
,,providers_b,sum_payment_amount,MAD z-score >= 8 (extreme outlier),,10706851.0,394.2
,,providers_b,sum_payment_amount,MAD z-score >= 8 (extreme outlier),,10630144.0,360.29999999999995
,,providers_b,sum_payment_amount,MAD z-score >= 8 (extreme outlier),,154954.0,287.87
,,providers_b,sum_payment_amount,MAD z-score >= 8 (extreme outlier),,807865.0,431.11
,,providers_b,sum_payment_amount,MAD z-score >= 8 (extreme outlier),,11133741.0,316.61
,,providers_b,sum_payment_amount,MAD z-score >= 8 (extreme outlier),,344431.0,312.03
,,providers_b,sum_payment_amount,MAD z-score >= 8 (extreme outlier),,270349.0,410.51
,,providers_b,sum_payment_amount,MAD z-score >= 8 (extreme outlier),,10779928.0,274.43
,,providers_b,sum_payment_amount,MAD z-score >= 8 (extreme outlier),,270775.0,615.87
,,providers_b,sum_payment_amount,MAD z-score >= 8 (extreme outlier),,179845.0,12522.21
,,providers_b,sum_payment_amount,MAD z-score >= 8 (extreme outlier),,11435080.0,550.0
,,providers_b,sum_payment_amount,MAD z-score >= 8 (extreme outlier),,321975.0,3978.7599999999998
,,providers_b,sum_payment_amount,MAD z-score >= 8 (extreme outlier),,64154.0,388.8
,,providers_b,sum_payment_amount,MAD z-score >= 8 (extreme outlier),,110242.0,114648.75
,,providers_b,sum_payment_amount,MAD z-score >= 8 (extreme outlier),,10608020.0,387.75
,,providers_b,sum_payment_amount,MAD z-score >= 8 (extreme outlier),,166820.0,1775.81
,,providers_b,sum_payment_amount,MAD z-score >= 8 (extreme outlier),,1255326.0,689.15
,,providers_b,sum_payment_amount,MAD z-score >= 8 (extreme outlier),,571269.0,344.12
,,providers_b,sum_payment_amount,MAD z-score >= 8 (extreme outlier),,2785608.0,386.68
,,providers_b,sum_payment_amount,MAD z-score >= 8 (extreme outlier),,5693823.0,323.8
,,providers_b,sum_payment_amount,MAD z-score >= 8 (extreme outlier),,3171869.0,284.16
,,providers_b,sum_payment_amount,MAD z-score >= 8 (extreme outlier),,329514.0,1459.2
,,providers_b,sum_payment_amount,MAD z-score >= 8 (extreme outlier),,11380330.0,1910.2
,,providers_b,sum_payment_amount,MAD z-score >= 8 (extreme outlier),,8640222.0,299.6
,,providers_b,sum_payment_amount,MAD z-score >= 8 (extreme outlier),,361922.0,389.44
,,providers_b,sum_payment_amount,MAD z-score >= 8 (extreme outlier),,2859260.0,3173.5499999999997
,,providers_b,sum_payment_amount,MAD z-score >= 8 (extreme outlier),,11304691.0,893.0
,,providers_b,sum_payment_amount,MAD z-score >= 8 (extreme outlier),,1129304.0,2633.25
,,providers_b,sum_payment_amount,MAD z-score >= 8 (extreme outlier),,39476.0,654.64
,,providers_b,sum_payment_amount,MAD z-score >= 8 (extreme outlier),,12478.0,3573.25
,,providers_b,sum_payment_amount,MAD z-score >= 8 (extreme outlier),,1150383.0,422.83
,,providers_b,sum_payment_amount,MAD z-score >= 8 (extreme outlier),,462838.0,400.53
,,providers_b,sum_payment_amount,MAD z-score >= 8 (extreme outlier),,351893.0,290.7
,,providers_b,sum_payment_amount,MAD z-score >= 8 (extreme outlier),,4223689.0,2158.8
,,providers_b,sum_payment_amount,MAD z-score >= 8 (extreme outlier),,2053433.0,370.76
,,providers_b,sum_payment_amount,MAD z-score >= 8 (extreme outlier),,1334371.0,23237.16
,,providers_b,sum_payment_amount,MAD z-score >= 8 (extreme outlier),,915297.0,307.34
,,providers_b,sum_payment_amount,MAD z-score >= 8 (extreme outlier),,10665702.0,447.69
,,providers_b,sum_payment_amount,MAD z-score >= 8 (extreme outlier),,10906319.0,818.76
,,providers_b,sum_payment_amount,MAD z-score >= 8 (extreme outlier),,751152.0,871.3
,,providers_b,sum_payment_amount,MAD z-score >= 8 (extreme outlier),,3995649.0,1545.3600000000001
,,providers_b,sum_payment_amount,MAD z-score >= 8 (extreme outlier),,11057976.0,755.74
,,providers_b,sum_payment_amount,MAD z-score >= 8 (extreme outlier),,1380148.0,300.5
,,providers_b,sum_payment_amount,MAD z-score >= 8 (extreme outlier),,228004.0,654.24
,,providers_b,sum_payment_amount,MAD z-score >= 8 (extreme outlier),,147653.0,351.87
,,providers_b,sum_payment_amount,MAD z-score >= 8 (extreme outlier),,11146867.0,328.57
,,providers_b,sum_payment_amount,MAD z-score >= 8 (extreme outlier),,224343.0,1500.0
,,providers_b,sum_payment_amount,MAD z-score >= 8 (extreme outlier),,1243607.0,759.46
,,providers_b,sum_payment_amount,MAD z-score >= 8 (extreme outlier),,180541.0,765.3199999999999
,,providers_b,sum_payment_amount,MAD z-score >= 8 (extreme outlier),,1720838.0,593.12
,,providers_b,sum_payment_amount,MAD z-score >= 8 (extreme outlier),,33547.0,3976.37
,,providers_b,sum_payment_amount,MAD z-score >= 8 (extreme outlier),,10600065.0,3735.22
,,providers_b,sum_payment_amount,MAD z-score >= 8 (extreme outlier),,335986.0,499.85
,,providers_b,sum_payment_amount,MAD z-score >= 8 (extreme outlier),,11399052.0,306.13
,,providers_b,sum_payment_amount,MAD z-score >= 8 (extreme outlier),,1264779.0,413.48
,,providers_b,sum_payment_amount,MAD z-score >= 8 (extreme outlier),,1387391.0,18827.95
,,providers_b,sum_payment_amount,MAD z-score >= 8 (extreme outlier),,1018186.0,855.36
,,providers_b,sum_payment_amount,MAD z-score >= 8 (extreme outlier),,266534.0,663.4000000000001
,,providers_b,sum_payment_amount,MAD z-score >= 8 (extreme outlier),,10651546.0,450.28999999999996
,,providers_b,sum_payment_amount,MAD z-score >= 8 (extreme outlier),,10914607.0,291.19
,,providers_b,sum_payment_amount,MAD z-score >= 8 (extreme outlier),,62787.0,415.06
,,providers_b,sum_payment_amount,MAD z-score >= 8 (extreme outlier),,833428.0,1147.79
,,providers_b,sum_payment_amount,MAD z-score >= 8 (extreme outlier),,5704272.0,16137.59
,,providers_b,sum_payment_amount,MAD z-score >= 8 (extreme outlier),,658797.0,1702.11
,,providers_b,sum_payment_amount,MAD z-score >= 8 (extreme outlier),,56171.0,552.76
,,providers_b,sum_payment_amount,MAD z-score >= 8 (extreme outlier),,10829349.0,3770.59
,,providers_b,sum_payment_amount,MAD z-score >= 8 (extreme outlier),,1382089.0,363.33
,,providers_b,sum_payment_amount,MAD z-score >= 8 (extreme outlier),,691036.0,4711.74
,,providers_b,sum_payment_amount,MAD z-score >= 8 (extreme outlier),,663963.0,3549.59
,,providers_b,sum_payment_amount,MAD z-score >= 8 (extreme outlier),,10481573.0,1456.83
,,providers_b,sum_payment_amount,MAD z-score >= 8 (extreme outlier),,4308234.0,500.0
,,providers_b,sum_payment_amount,MAD z-score >= 8 (extreme outlier),,1231338.0,1250.0
,,providers_b,sum_payment_amount,MAD z-score >= 8 (extreme outlier),,10935045.0,313.03000000000003
,,providers_b,sum_payment_amount,MAD z-score >= 8 (extreme outlier),,138415.0,353.97
,,providers_b,sum_payment_amount,MAD z-score >= 8 (extreme outlier),,11079142.0,285.8
,,providers_b,sum_payment_amount,MAD z-score >= 8 (extreme outlier),,604814.0,3458579.23
,,providers_b,sum_payment_amount,MAD z-score >= 8 (extreme outlier),,11320308.0,333.39
,,providers_b,sum_payment_amount,MAD z-score >= 8 (extreme outlier),,4229426.0,713.85
,,providers_b,sum_payment_amount,MAD z-score >= 8 (extreme outlier),,1189167.0,761.71
,,providers_b,sum_payment_amount,MAD z-score >= 8 (extreme outlier),,7348579.0,3344.6299999999997
,,providers_b,sum_payment_amount,MAD z-score >= 8 (extreme outlier),,10460818.0,1921.18
,,providers_b,sum_payment_amount,MAD z-score >= 8 (extreme outlier),,250391.0,341.22
,,providers_b,sum_payment_amount,MAD z-score >= 8 (extreme outlier),,4225668.0,17250.0
,,providers_b,sum_payment_amount,MAD z-score >= 8 (extreme outlier),,11275619.0,352.18
,,providers_b,sum_payment_amount,MAD z-score >= 8 (extreme outlier),,1263956.0,373.56
,,providers_b,sum_payment_amount,MAD z-score >= 8 (extreme outlier),,573972.0,998.06
,,providers_b,sum_payment_amount,MAD z-score >= 8 (extreme outlier),,11493628.0,346.6
,,providers_b,sum_payment_amount,MAD z-score >= 8 (extreme outlier),,1303477.0,33821.05
,,providers_b,sum_payment_amount,MAD z-score >= 8 (extreme outlier),,1216324.0,325.97
,,providers_b,sum_payment_amount,MAD z-score >= 8 (extreme outlier),,596412.0,627.38
,,providers_b,sum_payment_amount,MAD z-score >= 8 (extreme outlier),,273984.0,338.46
,,providers_b,sum_payment_amount,MAD z-score >= 8 (extreme outlier),,11320944.0,374.37
,,providers_b,sum_payment_amount,MAD z-score >= 8 (extreme outlier),,258621.0,675.0
,,providers_b,sum_payment_amount,MAD z-score >= 8 (extreme outlier),,961115.0,296.74
,,providers_b,sum_payment_amount,MAD z-score >= 8 (extreme outlier),,212775.0,1400.0
,,providers_b,sum_payment_amount,MAD z-score >= 8 (extreme outlier),,264250.0,274.22
,,providers_b,sum_payment_amount,MAD z-score >= 8 (extreme outlier),,10591711.0,1776.9
,,providers_b,sum_payment_amount,MAD z-score >= 8 (extreme outlier),,2820662.0,302.8
,,providers_b,sum_payment_amount,MAD z-score >= 8 (extreme outlier),,298978.0,500.36
,,providers_b,sum_payment_amount,MAD z-score >= 8 (extreme outlier),,2514.0,387.54
,,providers_b,sum_payment_amount,MAD z-score >= 8 (extreme outlier),,205078.0,35114.69
,,providers_b,sum_payment_amount,MAD z-score >= 8 (extreme outlier),,8080232.0,754.0
,,providers_b,sum_payment_amount,MAD z-score >= 8 (extreme outlier),,33207.0,500.0
,,providers_b,sum_payment_amount,MAD z-score >= 8 (extreme outlier),,304091.0,865.7
,,providers_b,sum_payment_amount,MAD z-score >= 8 (extreme outlier),,697163.0,2612.5
,,providers_b,sum_payment_amount,MAD z-score >= 8 (extreme outlier),,129893.0,466.39
,,providers_b,sum_payment_amount,MAD z-score >= 8 (extreme outlier),,10653094.0,456.18
,,providers_b,sum_payment_amount,MAD z-score >= 8 (extreme outlier),,10490175.0,306.09000000000003
,,providers_b,sum_payment_amount,MAD z-score >= 8 (extreme outlier),,11424905.0,525.72
,,providers_b,sum_payment_amount,MAD z-score >= 8 (extreme outlier),,1043626.0,690.0
,,providers_b,sum_payment_amount,MAD z-score >= 8 (extreme outlier),,10474056.0,316.17
,,providers_b,sum_payment_amount,MAD z-score >= 8 (extreme outlier),,860879.0,488.1
,,providers_b,sum_payment_amount,MAD z-score >= 8 (extreme outlier),,11197.0,320.35
,,providers_b,sum_payment_amount,MAD z-score >= 8 (extreme outlier),,284865.0,1046.57
,,providers_b,sum_payment_amount,MAD z-score >= 8 (extreme outlier),,11222935.0,354.0
,,providers_b,sum_payment_amount,MAD z-score >= 8 (extreme outlier),,10708022.0,430.03
,,providers_b,sum_payment_amount,MAD z-score >= 8 (extreme outlier),,10659416.0,314.69
,,providers_b,sum_payment_amount,MAD z-score >= 8 (extreme outlier),,6748786.0,774.72
,,providers_b,sum_payment_amount,MAD z-score >= 8 (extreme outlier),,44329.0,1553.56
,,providers_b,sum_payment_amount,MAD z-score >= 8 (extreme outlier),,331922.0,1000.0
,,providers_b,sum_payment_amount,MAD z-score >= 8 (extreme outlier),,577402.0,2609.03
,,providers_b,sum_payment_amount,MAD z-score >= 8 (extreme outlier),,1551.0,612.14
,,providers_b,sum_payment_amount,MAD z-score >= 8 (extreme outlier),,299971.0,289.85
,,providers_b,sum_payment_amount,MAD z-score >= 8 (extreme outlier),,737835.0,397.40999999999997
,,providers_b,sum_payment_amount,MAD z-score >= 8 (extreme outlier),,10837532.0,305.5
,,providers_b,sum_payment_amount,MAD z-score >= 8 (extreme outlier),,529877.0,701.7
,,providers_b,sum_payment_amount,MAD z-score >= 8 (extreme outlier),,190227.0,362.04
,,providers_b,sum_payment_amount,MAD z-score >= 8 (extreme outlier),,6310689.0,387.18
,,providers_b,sum_payment_amount,MAD z-score >= 8 (extreme outlier),,356985.0,2935.5
,,providers_b,sum_payment_amount,MAD z-score >= 8 (extreme outlier),,4209241.0,1590.42
,,providers_b,sum_payment_amount,MAD z-score >= 8 (extreme outlier),,21893.0,1042.43
,,providers_b,sum_payment_amount,MAD z-score >= 8 (extreme outlier),,790632.0,328.82
,,providers_b,sum_payment_amount,MAD z-score >= 8 (extreme outlier),,10951787.0,1278.68
,,providers_b,sum_payment_amount,MAD z-score >= 8 (extreme outlier),,11015636.0,436.1
,,providers_b,sum_payment_amount,MAD z-score >= 8 (extreme outlier),,10925493.0,390.17
,,providers_b,sum_payment_amount,MAD z-score >= 8 (extreme outlier),,5504642.0,394.44
,,providers_b,sum_payment_amount,MAD z-score >= 8 (extreme outlier),,265648.0,2226.96
,,providers_b,sum_payment_amount,MAD z-score >= 8 (extreme outlier),,10642533.0,344.87
,,providers_b,sum_payment_amount,MAD z-score >= 8 (extreme outlier),,841136.0,297.99
,,providers_b,sum_payment_amount,MAD z-score >= 8 (extreme outlier),,937336.0,1500.0
,,providers_b,sum_payment_amount,MAD z-score >= 8 (extreme outlier),,10470438.0,1255.2
,,providers_b,sum_payment_amount,MAD z-score >= 8 (extreme outlier),,82226.0,2892.05
,,providers_b,sum_payment_amount,MAD z-score >= 8 (extreme outlier),,146695.0,11649.56
,,providers_b,sum_payment_amount,MAD z-score >= 8 (extreme outlier),,148316.0,1179.04
,,providers_b,sum_payment_amount,MAD z-score >= 8 (extreme outlier),,228395.0,310.39
,,providers_b,sum_payment_amount,MAD z-score >= 8 (extreme outlier),,1393260.0,2054.89
,,providers_b,sum_payment_amount,MAD z-score >= 8 (extreme outlier),,483357.0,1068.91
,,providers_b,sum_payment_amount,MAD z-score >= 8 (extreme outlier),,56436.0,1526.0500000000002
,,providers_b,sum_payment_amount,MAD z-score >= 8 (extreme outlier),,1377097.0,280.91
,,providers_b,sum_payment_amount,MAD z-score >= 8 (extreme outlier),,3535.0,1987.29
,,providers_b,sum_payment_amount,MAD z-score >= 8 (extreme outlier),,743388.0,313.1
,,providers_b,sum_payment_amount,MAD z-score >= 8 (extreme outlier),,10593856.0,298.48
,,providers_b,sum_payment_amount,MAD z-score >= 8 (extreme outlier),,671082.0,6000.0
,,providers_b,sum_payment_amount,MAD z-score >= 8 (extreme outlier),,4418838.0,1128.29
,,providers_b,sum_payment_amount,MAD z-score >= 8 (extreme outlier),,10921250.0,288.37
,,providers_b,sum_payment_amount,MAD z-score >= 8 (extreme outlier),,135799.0,2818.49
,,providers_b,sum_payment_amount,MAD z-score >= 8 (extreme outlier),,245347.0,302.02
,,providers_b,sum_payment_amount,MAD z-score >= 8 (extreme outlier),,305062.0,746.35
,,providers_b,sum_payment_amount,MAD z-score >= 8 (extreme outlier),,205586.0,296.5
,,providers_b,sum_payment_amount,MAD z-score >= 8 (extreme outlier),,656878.0,6000.0
,,providers_b,sum_payment_amount,MAD z-score >= 8 (extreme outlier),,10774106.0,863.5999999999999
,,providers_b,sum_payment_amount,MAD z-score >= 8 (extreme outlier),,10622465.0,328.95
,,providers_b,sum_payment_amount,MAD z-score >= 8 (extreme outlier),,3042959.0,375.33
,,providers_b,sum_payment_amount,MAD z-score >= 8 (extreme outlier),,1154904.0,502.18
,,providers_b,sum_payment_amount,MAD z-score >= 8 (extreme outlier),,22112.0,9690.0
,,providers_b,sum_payment_amount,MAD z-score >= 8 (extreme outlier),,306050.0,1933.54
,,providers_b,sum_payment_amount,MAD z-score >= 8 (extreme outlier),,332649.0,829.3299999999999
,,providers_b,sum_payment_amount,MAD z-score >= 8 (extreme outlier),,11253386.0,316.6
,,providers_b,sum_payment_amount,MAD z-score >= 8 (extreme outlier),,11039727.0,285.87
,,providers_b,sum_payment_amount,MAD z-score >= 8 (extreme outlier),,1185975.0,283.1
,,providers_b,sum_payment_amount,MAD z-score >= 8 (extreme outlier),,10785976.0,550.14
,,providers_b,sum_payment_amount,MAD z-score >= 8 (extreme outlier),,594649.0,356.56
,,providers_b,sum_payment_amount,MAD z-score >= 8 (extreme outlier),,10472571.0,300.01
,,providers_b,sum_payment_amount,MAD z-score >= 8 (extreme outlier),,11227844.0,680.4
,,providers_b,sum_payment_amount,MAD z-score >= 8 (extreme outlier),,747808.0,328.61
,,providers_b,sum_payment_amount,MAD z-score >= 8 (extreme outlier),,1005625.0,869.8499999999999
,,providers_b,sum_payment_amount,MAD z-score >= 8 (extreme outlier),,11207477.0,384.79
,,providers_b,sum_payment_amount,MAD z-score >= 8 (extreme outlier),,10429156.0,60364.44
,,providers_b,sum_payment_amount,MAD z-score >= 8 (extreme outlier),,10637579.0,303.05
,,providers_b,sum_payment_amount,MAD z-score >= 8 (extreme outlier),,3928399.0,292.41999999999996
,,providers_b,sum_payment_amount,MAD z-score >= 8 (extreme outlier),,11004160.0,974.52
,,providers_b,sum_payment_amount,MAD z-score >= 8 (extreme outlier),,10466719.0,296.97
,,providers_b,sum_payment_amount,MAD z-score >= 8 (extreme outlier),,46038.0,554.41
,,providers_b,sum_payment_amount,MAD z-score >= 8 (extreme outlier),,10765140.0,817.52
,,providers_b,sum_payment_amount,MAD z-score >= 8 (extreme outlier),,585213.0,378.0
,,providers_b,sum_payment_amount,MAD z-score >= 8 (extreme outlier),,39083.0,385.0
,,providers_b,sum_payment_amount,MAD z-score >= 8 (extreme outlier),,712910.0,290.39
,,providers_b,sum_payment_amount,MAD z-score >= 8 (extreme outlier),,1262266.0,3240.0
,,providers_b,sum_payment_amount,MAD z-score >= 8 (extreme outlier),,287809.0,450.61
,,providers_b,sum_payment_amount,MAD z-score >= 8 (extreme outlier),,588154.0,289.24
,,providers_b,sum_payment_amount,MAD z-score >= 8 (extreme outlier),,2779877.0,1668.13
,,providers_b,sum_payment_amount,MAD z-score >= 8 (extreme outlier),,88801.0,535.94
,,providers_b,sum_payment_amount,MAD z-score >= 8 (extreme outlier),,319878.0,10660.0
,,providers_b,sum_payment_amount,MAD z-score >= 8 (extreme outlier),,10883558.0,1450.06
,,providers_b,sum_payment_amount,MAD z-score >= 8 (extreme outlier),,11360420.0,292.99
,,providers_b,sum_payment_amount,MAD z-score >= 8 (extreme outlier),,716629.0,1371.64
,,providers_b,sum_payment_amount,MAD z-score >= 8 (extreme outlier),,298661.0,309.0
,,providers_b,sum_payment_amount,MAD z-score >= 8 (extreme outlier),,139255.0,518.03
,,providers_b,sum_payment_amount,MAD z-score >= 8 (extreme outlier),,10824150.0,283.9
,,providers_b,sum_payment_amount,MAD z-score >= 8 (extreme outlier),,1286124.0,458.57
,,providers_b,sum_payment_amount,MAD z-score >= 8 (extreme outlier),,924838.0,16221.810000000001
,,providers_b,sum_payment_amount,MAD z-score >= 8 (extreme outlier),,207662.0,309.07
,,providers_b,sum_payment_amount,MAD z-score >= 8 (extreme outlier),,58285.0,281.41999999999996
,,providers_b,sum_payment_amount,MAD z-score >= 8 (extreme outlier),,10077818.0,10014.93
,,providers_b,sum_payment_amount,MAD z-score >= 8 (extreme outlier),,180736.0,363.73
,,providers_b,sum_payment_amount,MAD z-score >= 8 (extreme outlier),,685362.0,957.57
,,providers_b,sum_payment_amount,MAD z-score >= 8 (extreme outlier),,104247.0,981.1
,,providers_b,sum_payment_amount,MAD z-score >= 8 (extreme outlier),,11114208.0,1594.4
,,providers_b,sum_payment_amount,MAD z-score >= 8 (extreme outlier),,1220713.0,420.42
,,providers_b,sum_payment_amount,MAD z-score >= 8 (extreme outlier),,10555957.0,1234.4
,,providers_b,sum_payment_amount,MAD z-score >= 8 (extreme outlier),,635679.0,1200.0
,,providers_b,sum_payment_amount,MAD z-score >= 8 (extreme outlier),,1219844.0,8400.0
,,providers_b,sum_payment_amount,MAD z-score >= 8 (extreme outlier),,212060.0,477.0
,,providers_b,sum_payment_amount,MAD z-score >= 8 (extreme outlier),,23347.0,276.49
,,providers_b,sum_payment_amount,MAD z-score >= 8 (extreme outlier),,412064.0,616.3199999999999
,,providers_b,sum_payment_amount,MAD z-score >= 8 (extreme outlier),,10898402.0,1352.14
,,providers_b,sum_payment_amount,MAD z-score >= 8 (extreme outlier),,1340435.0,2369.73
,,providers_b,sum_payment_amount,MAD z-score >= 8 (extreme outlier),,11830.0,1451.96
,,providers_b,sum_payment_amount,MAD z-score >= 8 (extreme outlier),,973486.0,435.98
,,providers_b,sum_payment_amount,MAD z-score >= 8 (extreme outlier),,382299.0,40334.13
,,providers_b,sum_payment_amount,MAD z-score >= 8 (extreme outlier),,5738748.0,387.85
,,providers_b,sum_payment_amount,MAD z-score >= 8 (extreme outlier),,808981.0,2300.0
,,providers_b,sum_payment_amount,MAD z-score >= 8 (extreme outlier),,107627.0,410.78999999999996
,,providers_b,sum_payment_amount,MAD z-score >= 8 (extreme outlier),,933074.0,4994.3
,,providers_b,sum_payment_amount,MAD z-score >= 8 (extreme outlier),,306534.0,297.41
,,providers_b,sum_payment_amount,MAD z-score >= 8 (extreme outlier),,11250595.0,295.74
,,providers_b,sum_payment_amount,MAD z-score >= 8 (extreme outlier),,10643316.0,283.16
,,providers_b,sum_payment_amount,MAD z-score >= 8 (extreme outlier),,476706.0,126489.18
,,providers_b,sum_payment_amount,MAD z-score >= 8 (extreme outlier),,8403862.0,1260.55
,,providers_b,sum_payment_amount,MAD z-score >= 8 (extreme outlier),,286204.0,401.83
,,providers_b,sum_payment_amount,MAD z-score >= 8 (extreme outlier),,17324.0,954.51
,,providers_b,sum_payment_amount,MAD z-score >= 8 (extreme outlier),,910599.0,400.0
,,providers_b,sum_payment_amount,MAD z-score >= 8 (extreme outlier),,645529.0,7750.0
,,providers_b,sum_payment_amount,MAD z-score >= 8 (extreme outlier),,11159019.0,1612.43
,,providers_b,sum_payment_amount,MAD z-score >= 8 (extreme outlier),,71314.0,277.71
,,providers_b,sum_payment_amount,MAD z-score >= 8 (extreme outlier),,667962.0,1802.35
,,providers_b,sum_payment_amount,MAD z-score >= 8 (extreme outlier),,1161713.0,2500.0
,,providers_b,sum_payment_amount,MAD z-score >= 8 (extreme outlier),,1219985.0,334.44
,,providers_b,sum_payment_amount,MAD z-score >= 8 (extreme outlier),,297569.0,839.0
,,providers_b,sum_payment_amount,MAD z-score >= 8 (extreme outlier),,11381099.0,273.76
,,providers_b,sum_payment_amount,MAD z-score >= 8 (extreme outlier),,11212117.0,389.94
,,providers_b,sum_payment_amount,MAD z-score >= 8 (extreme outlier),,260181.0,646.11
,,providers_b,sum_payment_amount,MAD z-score >= 8 (extreme outlier),,1281625.0,2655.78
,,providers_b,sum_payment_amount,MAD z-score >= 8 (extreme outlier),,94145.0,390.93
,,providers_b,sum_payment_amount,MAD z-score >= 8 (extreme outlier),,706792.0,578.22
,,providers_b,sum_payment_amount,MAD z-score >= 8 (extreme outlier),,258551.0,1482.96
,,providers_b,sum_payment_amount,MAD z-score >= 8 (extreme outlier),,10584772.0,287.03
,,providers_b,sum_payment_amount,MAD z-score >= 8 (extreme outlier),,50985.0,344.23
,,providers_b,sum_payment_amount,MAD z-score >= 8 (extreme outlier),,1394869.0,3269.8
,,providers_b,sum_payment_amount,MAD z-score >= 8 (extreme outlier),,11135333.0,279.32
,,providers_b,sum_payment_amount,MAD z-score >= 8 (extreme outlier),,9574128.0,1427.96
,,providers_b,sum_payment_amount,MAD z-score >= 8 (extreme outlier),,11417673.0,413.48
,,providers_b,sum_payment_amount,MAD z-score >= 8 (extreme outlier),,569647.0,275.51
,,providers_b,sum_payment_amount,MAD z-score >= 8 (extreme outlier),,3145.0,8375.46
,,providers_b,sum_payment_amount,MAD z-score >= 8 (extreme outlier),,11501465.0,593.14
,,providers_b,sum_payment_amount,MAD z-score >= 8 (extreme outlier),,11253796.0,357.65999999999997
,,providers_b,sum_payment_amount,MAD z-score >= 8 (extreme outlier),,551760.0,15500.0
,,providers_b,sum_payment_amount,MAD z-score >= 8 (extreme outlier),,752203.0,450.0
,,providers_b,sum_payment_amount,MAD z-score >= 8 (extreme outlier),,801008.0,321.78999999999996
,,providers_b,sum_payment_amount,MAD z-score >= 8 (extreme outlier),,11432303.0,12530.0
,,providers_b,sum_payment_amount,MAD z-score >= 8 (extreme outlier),,13987.0,347.92
,,providers_b,sum_payment_amount,MAD z-score >= 8 (extreme outlier),,264667.0,374.11
,,providers_b,sum_payment_amount,MAD z-score >= 8 (extreme outlier),,10556033.0,370.12
,,providers_b,sum_payment_amount,MAD z-score >= 8 (extreme outlier),,651167.0,4000.0
,,providers_b,sum_payment_amount,MAD z-score >= 8 (extreme outlier),,11269040.0,737.75
,,providers_b,sum_payment_amount,MAD z-score >= 8 (extreme outlier),,180700.0,452.46
,,providers_b,sum_payment_amount,MAD z-score >= 8 (extreme outlier),,927150.0,1186.25
,,providers_b,sum_payment_amount,MAD z-score >= 8 (extreme outlier),,603159.0,354.67
,,providers_b,sum_payment_amount,MAD z-score >= 8 (extreme outlier),,206563.0,1000.0
,,providers_b,sum_payment_amount,MAD z-score >= 8 (extreme outlier),,181730.0,4732.98
,,providers_b,sum_payment_amount,MAD z-score >= 8 (extreme outlier),,10571271.0,450.88
,,providers_b,sum_payment_amount,MAD z-score >= 8 (extreme outlier),,10859556.0,1620.55
,,providers_b,sum_payment_amount,MAD z-score >= 8 (extreme outlier),,172589.0,373.87
,,providers_b,sum_payment_amount,MAD z-score >= 8 (extreme outlier),,7231697.0,14793.79
,,providers_b,sum_payment_amount,MAD z-score >= 8 (extreme outlier),,738190.0,700.0
,,providers_b,sum_payment_amount,MAD z-score >= 8 (extreme outlier),,1171389.0,5202.33
,,providers_b,sum_payment_amount,MAD z-score >= 8 (extreme outlier),,5194749.0,1013.44
,,providers_b,sum_payment_amount,MAD z-score >= 8 (extreme outlier),,1050085.0,1267.79
,,providers_b,sum_payment_amount,MAD z-score >= 8 (extreme outlier),,137108.0,5373.07
,,providers_b,sum_payment_amount,MAD z-score >= 8 (extreme outlier),,11312083.0,281.65
,,providers_b,sum_payment_amount,MAD z-score >= 8 (extreme outlier),,112106.0,1477.4
,,providers_b,sum_payment_amount,MAD z-score >= 8 (extreme outlier),,10786345.0,3216.25
,,providers_b,sum_payment_amount,MAD z-score >= 8 (extreme outlier),,777889.0,458.12
,,providers_b,sum_payment_amount,MAD z-score >= 8 (extreme outlier),,1109570.0,346.51
,,providers_b,sum_payment_amount,MAD z-score >= 8 (extreme outlier),,4224279.0,1609.03
,,providers_b,sum_payment_amount,MAD z-score >= 8 (extreme outlier),,11345111.0,303.45
,,providers_b,sum_payment_amount,MAD z-score >= 8 (extreme outlier),,13836.0,1207.74
,,providers_b,sum_payment_amount,MAD z-score >= 8 (extreme outlier),,195724.0,550.0
,,providers_b,sum_payment_amount,MAD z-score >= 8 (extreme outlier),,11163759.0,301.76
,,providers_b,sum_payment_amount,MAD z-score >= 8 (extreme outlier),,73645.0,341.1
,,providers_b,sum_payment_amount,MAD z-score >= 8 (extreme outlier),,468619.0,382.92
,,providers_b,sum_payment_amount,MAD z-score >= 8 (extreme outlier),,246552.0,1593.45
,,providers_b,sum_payment_amount,MAD z-score >= 8 (extreme outlier),,324326.0,440.14000000000004
,,providers_b,sum_payment_amount,MAD z-score >= 8 (extreme outlier),,156685.0,1365.0
,,providers_b,sum_payment_amount,MAD z-score >= 8 (extreme outlier),,233955.0,344.15999999999997
,,providers_b,sum_payment_amount,MAD z-score >= 8 (extreme outlier),,10474953.0,1819.34
,,providers_b,sum_payment_amount,MAD z-score >= 8 (extreme outlier),,4664813.0,281.82
,,providers_b,sum_payment_amount,MAD z-score >= 8 (extreme outlier),,10121158.0,375.63
,,providers_b,sum_payment_amount,MAD z-score >= 8 (extreme outlier),,1176186.0,316.33
,,providers_b,sum_payment_amount,MAD z-score >= 8 (extreme outlier),,357838.0,768.52
,,providers_b,sum_payment_amount,MAD z-score >= 8 (extreme outlier),,431526.0,672.4599999999999
,,providers_b,sum_payment_amount,MAD z-score >= 8 (extreme outlier),,10584356.0,343.79
,,providers_b,sum_payment_amount,MAD z-score >= 8 (extreme outlier),,433656.0,546.66
,,providers_b,sum_payment_amount,MAD z-score >= 8 (extreme outlier),,40512.0,6500.0
,,providers_b,sum_payment_amount,MAD z-score >= 8 (extreme outlier),,157616.0,383.87
,,providers_b,sum_payment_amount,MAD z-score >= 8 (extreme outlier),,8805219.0,550.0
,,providers_b,sum_payment_amount,MAD z-score >= 8 (extreme outlier),,5234923.0,381.69000000000005
,,providers_b,sum_payment_amount,MAD z-score >= 8 (extreme outlier),,680611.0,3130.0
,,providers_b,sum_payment_amount,MAD z-score >= 8 (extreme outlier),,944473.0,1570.71
,,providers_b,sum_payment_amount,MAD z-score >= 8 (extreme outlier),,441575.0,16798.1
,,providers_b,sum_payment_amount,MAD z-score >= 8 (extreme outlier),,1291569.0,2547.49
,,providers_b,sum_payment_amount,MAD z-score >= 8 (extreme outlier),,10433697.0,281.39
,,providers_b,sum_payment_amount,MAD z-score >= 8 (extreme outlier),,234460.0,384.4
,,providers_b,sum_payment_amount,MAD z-score >= 8 (extreme outlier),,836784.0,278.17
,,providers_b,sum_payment_amount,MAD z-score >= 8 (extreme outlier),,1394804.0,43266.380000000005
,,providers_b,sum_payment_amount,MAD z-score >= 8 (extreme outlier),,10985513.0,292.04
,,providers_b,sum_payment_amount,MAD z-score >= 8 (extreme outlier),,5939256.0,1200.0
,,providers_b,sum_payment_amount,MAD z-score >= 8 (extreme outlier),,156636.0,602.0
,,providers_b,sum_payment_amount,MAD z-score >= 8 (extreme outlier),,230872.0,411.6
,,providers_b,sum_payment_amount,MAD z-score >= 8 (extreme outlier),,594988.0,561.81
,,providers_b,sum_payment_amount,MAD z-score >= 8 (extreme outlier),,1170313.0,444.73
,,providers_b,sum_payment_amount,MAD z-score >= 8 (extreme outlier),,4769592.0,749.5699999999999
,,providers_b,sum_payment_amount,MAD z-score >= 8 (extreme outlier),,10603.0,500.0
,,providers_b,sum_payment_amount,MAD z-score >= 8 (extreme outlier),,156214.0,806.67
,,providers_b,sum_payment_amount,MAD z-score >= 8 (extreme outlier),,7226803.0,750.0
,,providers_b,sum_payment_amount,MAD z-score >= 8 (extreme outlier),,2785547.0,675.0
,,providers_b,sum_payment_amount,MAD z-score >= 8 (extreme outlier),,11376945.0,1061.18
,,providers_b,sum_payment_amount,MAD z-score >= 8 (extreme outlier),,181598.0,318.85
,,providers_b,sum_payment_amount,MAD z-score >= 8 (extreme outlier),,770963.0,402.11
,,providers_b,sum_payment_amount,MAD z-score >= 8 (extreme outlier),,825270.0,290.96999999999997
,,providers_b,sum_payment_amount,MAD z-score >= 8 (extreme outlier),,1017904.0,307.33
,,providers_b,sum_payment_amount,MAD z-score >= 8 (extreme outlier),,197166.0,13553.04
,,providers_b,sum_payment_amount,MAD z-score >= 8 (extreme outlier),,3569489.0,1174.08
,,providers_b,sum_payment_amount,MAD z-score >= 8 (extreme outlier),,297295.0,306.82
,,providers_b,sum_payment_amount,MAD z-score >= 8 (extreme outlier),,163850.0,1125.0
,,providers_b,sum_payment_amount,MAD z-score >= 8 (extreme outlier),,2790876.0,2328.94
,,providers_b,sum_payment_amount,MAD z-score >= 8 (extreme outlier),,231791.0,4012.9
,,providers_b,sum_payment_amount,MAD z-score >= 8 (extreme outlier),,109074.0,6290.74
,,providers_b,sum_payment_amount,MAD z-score >= 8 (extreme outlier),,4542158.0,8333.33
,,providers_b,sum_payment_amount,MAD z-score >= 8 (extreme outlier),,165563.0,377.46000000000004
,,providers_b,sum_payment_amount,MAD z-score >= 8 (extreme outlier),,35343.0,9796.55
,,providers_b,sum_payment_amount,MAD z-score >= 8 (extreme outlier),,451301.0,4357.0
,,providers_b,sum_payment_amount,MAD z-score >= 8 (extreme outlier),,808076.0,793.07
,,providers_b,sum_payment_amount,MAD z-score >= 8 (extreme outlier),,31637.0,293.35
,,providers_b,sum_payment_amount,MAD z-score >= 8 (extreme outlier),,244061.0,5518.4400000000005
,,providers_b,sum_payment_amount,MAD z-score >= 8 (extreme outlier),,1174148.0,2432.98
,,providers_b,sum_payment_amount,MAD z-score >= 8 (extreme outlier),,10424794.0,2981.84
,,providers_b,sum_payment_amount,MAD z-score >= 8 (extreme outlier),,989982.0,3585.93
,,providers_b,sum_payment_amount,MAD z-score >= 8 (extreme outlier),,105495.0,2011.57
,,providers_b,sum_payment_amount,MAD z-score >= 8 (extreme outlier),,10753466.0,4094.5699999999997
,,providers_b,sum_payment_amount,MAD z-score >= 8 (extreme outlier),,345292.0,893.98
,,providers_b,sum_payment_amount,MAD z-score >= 8 (extreme outlier),,289724.0,2924.47
,,providers_b,sum_payment_amount,MAD z-score >= 8 (extreme outlier),,176556.0,737.66
,,providers_b,sum_payment_amount,MAD z-score >= 8 (extreme outlier),,9998891.0,299.18
,,providers_b,sum_payment_amount,MAD z-score >= 8 (extreme outlier),,268998.0,504.0
,,providers_b,sum_payment_amount,MAD z-score >= 8 (extreme outlier),,11079104.0,376.98
,,providers_b,sum_payment_amount,MAD z-score >= 8 (extreme outlier),,169737.0,400.92
,,providers_b,sum_payment_amount,MAD z-score >= 8 (extreme outlier),,4221782.0,322.03
,,providers_b,sum_payment_amount,MAD z-score >= 8 (extreme outlier),,11349402.0,981.94
,,providers_b,sum_payment_amount,MAD z-score >= 8 (extreme outlier),,851760.0,3797.88
,,providers_b,sum_payment_amount,MAD z-score >= 8 (extreme outlier),,7221149.0,294.1
,,providers_b,sum_payment_amount,MAD z-score >= 8 (extreme outlier),,11002350.0,541.26
,,providers_b,sum_payment_amount,MAD z-score >= 8 (extreme outlier),,76260.0,1500.0
,,providers_b,sum_payment_amount,MAD z-score >= 8 (extreme outlier),,1040138.0,75764.19
,,providers_b,sum_payment_amount,MAD z-score >= 8 (extreme outlier),,10776917.0,340.9
,,providers_b,sum_payment_amount,MAD z-score >= 8 (extreme outlier),,307987.0,331.09
,,providers_b,sum_payment_amount,MAD z-score >= 8 (extreme outlier),,458085.0,1570.89
,,providers_b,sum_payment_amount,MAD z-score >= 8 (extreme outlier),,10624814.0,355.27
,,providers_b,sum_payment_amount,MAD z-score >= 8 (extreme outlier),,1579775.0,2032.29
,,providers_b,sum_payment_amount,MAD z-score >= 8 (extreme outlier),,359086.0,1163.75
,,providers_b,sum_payment_amount,MAD z-score >= 8 (extreme outlier),,112673.0,521.3
,,providers_b,sum_payment_amount,MAD z-score >= 8 (extreme outlier),,344451.0,351.67
,,providers_b,sum_payment_amount,MAD z-score >= 8 (extreme outlier),,10845285.0,896.5
,,providers_b,sum_payment_amount,MAD z-score >= 8 (extreme outlier),,1283197.0,1479.9
,,providers_b,sum_payment_amount,MAD z-score >= 8 (extreme outlier),,245901.0,505.76
,,providers_b,sum_payment_amount,MAD z-score >= 8 (extreme outlier),,283494.0,275.07
,,providers_b,sum_payment_amount,MAD z-score >= 8 (extreme outlier),,494374.0,600.0
,,providers_b,sum_payment_amount,MAD z-score >= 8 (extreme outlier),,11307296.0,1399.49
,,providers_b,sum_payment_amount,MAD z-score >= 8 (extreme outlier),,218770.0,596.96
,,providers_b,sum_payment_amount,MAD z-score >= 8 (extreme outlier),,98907.0,374.51
,,providers_b,sum_payment_amount,MAD z-score >= 8 (extreme outlier),,10499413.0,317.08
,,providers_b,sum_payment_amount,MAD z-score >= 8 (extreme outlier),,1305509.0,1967.4199999999998
,,providers_b,sum_payment_amount,MAD z-score >= 8 (extreme outlier),,333410.0,1953.93
,,providers_b,sum_payment_amount,MAD z-score >= 8 (extreme outlier),,245178.0,1500.0
,,providers_b,sum_payment_amount,MAD z-score >= 8 (extreme outlier),,841294.0,291.55
,,providers_b,sum_payment_amount,MAD z-score >= 8 (extreme outlier),,367757.0,1325.62
,,providers_b,sum_payment_amount,MAD z-score >= 8 (extreme outlier),,110178.0,860.4
,,providers_b,sum_payment_amount,MAD z-score >= 8 (extreme outlier),,123000.0,3613.3
,,providers_b,sum_payment_amount,MAD z-score >= 8 (extreme outlier),,273839.0,562.85
,,providers_b,sum_payment_amount,MAD z-score >= 8 (extreme outlier),,183962.0,451.81
,,providers_b,sum_payment_amount,MAD z-score >= 8 (extreme outlier),,249353.0,2423.78
,,providers_b,sum_payment_amount,MAD z-score >= 8 (extreme outlier),,126494.0,50084.74
,,providers_b,sum_payment_amount,MAD z-score >= 8 (extreme outlier),,179406.0,4774.34
,,providers_b,sum_payment_amount,MAD z-score >= 8 (extreme outlier),,10946635.0,292.8
,,providers_b,sum_payment_amount,MAD z-score >= 8 (extreme outlier),,141692.0,2000.0
,,providers_b,sum_payment_amount,MAD z-score >= 8 (extreme outlier),,197509.0,2000.0
,,providers_b,sum_payment_amount,MAD z-score >= 8 (extreme outlier),,305812.0,273.68
,,providers_b,sum_payment_amount,MAD z-score >= 8 (extreme outlier),,11430510.0,1200.0
,,providers_b,sum_payment_amount,MAD z-score >= 8 (extreme outlier),,11364510.0,303.25
,,providers_b,sum_payment_amount,MAD z-score >= 8 (extreme outlier),,208506.0,1050.05
,,providers_b,sum_payment_amount,MAD z-score >= 8 (extreme outlier),,10991118.0,296.01
,,providers_b,sum_payment_amount,MAD z-score >= 8 (extreme outlier),,90183.0,414.27
,,providers_b,sum_payment_amount,MAD z-score >= 8 (extreme outlier),,63422.0,287.1
,,providers_b,sum_payment_amount,MAD z-score >= 8 (extreme outlier),,108405.0,501.59999999999997
,,providers_b,sum_payment_amount,MAD z-score >= 8 (extreme outlier),,10935124.0,338.73
,,providers_b,sum_payment_amount,MAD z-score >= 8 (extreme outlier),,11012901.0,351.11
,,providers_b,sum_payment_amount,MAD z-score >= 8 (extreme outlier),,435095.0,287.36
,,providers_b,sum_payment_amount,MAD z-score >= 8 (extreme outlier),,11417826.0,1176.11
,,providers_b,sum_payment_amount,MAD z-score >= 8 (extreme outlier),,250129.0,585.78
,,providers_b,sum_payment_amount,MAD z-score >= 8 (extreme outlier),,548750.0,295.48
,,providers_b,sum_payment_amount,MAD z-score >= 8 (extreme outlier),,221527.0,806.25
,,providers_b,sum_payment_amount,MAD z-score >= 8 (extreme outlier),,154556.0,1650.0
,,providers_b,sum_payment_amount,MAD z-score >= 8 (extreme outlier),,10528634.0,388.85
,,providers_b,sum_payment_amount,MAD z-score >= 8 (extreme outlier),,10590685.0,565.41
,,providers_b,sum_payment_amount,MAD z-score >= 8 (extreme outlier),,615233.0,371.29
,,providers_b,sum_payment_amount,MAD z-score >= 8 (extreme outlier),,205627.0,281.81
,,providers_b,sum_payment_amount,MAD z-score >= 8 (extreme outlier),,683646.0,478.36
,,providers_b,sum_payment_amount,MAD z-score >= 8 (extreme outlier),,704309.0,406.61
,,providers_b,sum_payment_amount,MAD z-score >= 8 (extreme outlier),,10782547.0,2062.53
,,providers_b,sum_payment_amount,MAD z-score >= 8 (extreme outlier),,211791.0,45994.14
,,providers_b,sum_payment_amount,MAD z-score >= 8 (extreme outlier),,10895655.0,357.4
,,providers_b,sum_payment_amount,MAD z-score >= 8 (extreme outlier),,828167.0,370.16
,,providers_b,sum_payment_amount,MAD z-score >= 8 (extreme outlier),,8802700.0,1384.6
,,providers_b,sum_payment_amount,MAD z-score >= 8 (extreme outlier),,7907420.0,1583.88
,,providers_b,sum_payment_amount,MAD z-score >= 8 (extreme outlier),,10465160.0,274.21000000000004
,,providers_b,sum_payment_amount,MAD z-score >= 8 (extreme outlier),,991543.0,4020.99
,,providers_b,sum_payment_amount,MAD z-score >= 8 (extreme outlier),,7149.0,730.4
,,providers_b,sum_payment_amount,MAD z-score >= 8 (extreme outlier),,54165.0,506.0
,,providers_b,sum_payment_amount,MAD z-score >= 8 (extreme outlier),,249612.0,1430.7
,,providers_b,sum_payment_amount,MAD z-score >= 8 (extreme outlier),,11169284.0,516.08
,,providers_b,sum_payment_amount,MAD z-score >= 8 (extreme outlier),,347844.0,889.02
,,providers_b,sum_payment_amount,MAD z-score >= 8 (extreme outlier),,123316.0,1859.2800000000002
,,providers_b,sum_payment_amount,MAD z-score >= 8 (extreme outlier),,1158879.0,284.15
,,providers_b,sum_payment_amount,MAD z-score >= 8 (extreme outlier),,3817342.0,341.58
,,providers_b,sum_payment_amount,MAD z-score >= 8 (extreme outlier),,9380412.0,1449.67
,,providers_b,sum_payment_amount,MAD z-score >= 8 (extreme outlier),,419353.0,1571.71
,,providers_b,sum_payment_amount,MAD z-score >= 8 (extreme outlier),,6122919.0,458.08
,,providers_b,sum_payment_amount,MAD z-score >= 8 (extreme outlier),,293935.0,9156.04
,,providers_b,sum_payment_amount,MAD z-score >= 8 (extreme outlier),,412.0,295.65999999999997
,,providers_b,sum_payment_amount,MAD z-score >= 8 (extreme outlier),,266140.0,282.39
,,providers_b,sum_payment_amount,MAD z-score >= 8 (extreme outlier),,1227665.0,2183.66
,,providers_b,sum_payment_amount,MAD z-score >= 8 (extreme outlier),,10553711.0,302.98
,,providers_b,sum_payment_amount,MAD z-score >= 8 (extreme outlier),,1108849.0,475.72
,,providers_b,sum_payment_amount,MAD z-score >= 8 (extreme outlier),,10835937.0,497.35
,,providers_b,sum_payment_amount,MAD z-score >= 8 (extreme outlier),,32963.0,17491.989999999998
,,providers_b,sum_payment_amount,MAD z-score >= 8 (extreme outlier),,311804.0,89388.16
,,providers_b,sum_payment_amount,MAD z-score >= 8 (extreme outlier),,415560.0,391.37
,,providers_b,sum_payment_amount,MAD z-score >= 8 (extreme outlier),,195663.0,867.78
,,providers_b,sum_payment_amount,MAD z-score >= 8 (extreme outlier),,10596838.0,278.08
,,providers_b,sum_payment_amount,MAD z-score >= 8 (extreme outlier),,263788.0,1129.16
,,providers_b,sum_payment_amount,MAD z-score >= 8 (extreme outlier),,10425687.0,616.16
,,providers_b,sum_payment_amount,MAD z-score >= 8 (extreme outlier),,809271.0,435.8
,,providers_b,sum_payment_amount,MAD z-score >= 8 (extreme outlier),,1335850.0,3541.8199999999997
,,providers_b,sum_payment_amount,MAD z-score >= 8 (extreme outlier),,598547.0,342.28000000000003
,,providers_b,sum_payment_amount,MAD z-score >= 8 (extreme outlier),,369623.0,308.04
,,providers_b,sum_payment_amount,MAD z-score >= 8 (extreme outlier),,6155178.0,1775.58
,,providers_b,sum_payment_amount,MAD z-score >= 8 (extreme outlier),,2784320.0,4362.5199999999995
,,providers_b,sum_payment_amount,MAD z-score >= 8 (extreme outlier),,11387338.0,304.51
,,providers_b,sum_payment_amount,MAD z-score >= 8 (extreme outlier),,57304.0,554.6600000000001
,,providers_b,sum_payment_amount,MAD z-score >= 8 (extreme outlier),,112149.0,4500.0
,,providers_b,sum_payment_amount,MAD z-score >= 8 (extreme outlier),,259115.0,579.41
,,providers_b,sum_payment_amount,MAD z-score >= 8 (extreme outlier),,11123945.0,273.9
,,providers_b,sum_payment_amount,MAD z-score >= 8 (extreme outlier),,10442440.0,284.4
,,providers_b,sum_payment_amount,MAD z-score >= 8 (extreme outlier),,11118598.0,939.75
,,providers_b,sum_payment_amount,MAD z-score >= 8 (extreme outlier),,205656.0,2000.0
,,providers_b,sum_payment_amount,MAD z-score >= 8 (extreme outlier),,2790256.0,377.34
,,providers_b,sum_payment_amount,MAD z-score >= 8 (extreme outlier),,236115.0,342.84
,,providers_b,sum_payment_amount,MAD z-score >= 8 (extreme outlier),,85128.0,274.77
,,providers_b,sum_payment_amount,MAD z-score >= 8 (extreme outlier),,76247.0,278.65999999999997
,,providers_b,sum_payment_amount,MAD z-score >= 8 (extreme outlier),,7224501.0,334.27
,,providers_b,sum_payment_amount,MAD z-score >= 8 (extreme outlier),,10899156.0,283.37
,,providers_b,sum_payment_amount,MAD z-score >= 8 (extreme outlier),,1361042.0,326.44
,,providers_b,sum_payment_amount,MAD z-score >= 8 (extreme outlier),,340653.0,493.31
,,providers_b,sum_payment_amount,MAD z-score >= 8 (extreme outlier),,48247.0,458.9
,,providers_b,sum_payment_amount,MAD z-score >= 8 (extreme outlier),,316229.0,1308.48
,,providers_b,sum_payment_amount,MAD z-score >= 8 (extreme outlier),,8800292.0,2250.0
,,providers_b,sum_payment_amount,MAD z-score >= 8 (extreme outlier),,10579703.0,390.63
,,providers_b,sum_payment_amount,MAD z-score >= 8 (extreme outlier),,738717.0,364.43
,,providers_b,sum_payment_amount,MAD z-score >= 8 (extreme outlier),,863244.0,21283.58
,,providers_b,sum_payment_amount,MAD z-score >= 8 (extreme outlier),,125054.0,96329.49
,,providers_b,sum_payment_amount,MAD z-score >= 8 (extreme outlier),,4184406.0,325.05
,,providers_b,sum_payment_amount,MAD z-score >= 8 (extreme outlier),,11015732.0,1145.43
,,providers_b,sum_payment_amount,MAD z-score >= 8 (extreme outlier),,57792.0,12780.0
,,providers_b,sum_payment_amount,MAD z-score >= 8 (extreme outlier),,41892.0,332.14
,,providers_b,sum_payment_amount,MAD z-score >= 8 (extreme outlier),,2781813.0,2303.06
,,providers_b,sum_payment_amount,MAD z-score >= 8 (extreme outlier),,107311.0,429.4
,,providers_b,sum_payment_amount,MAD z-score >= 8 (extreme outlier),,10782303.0,304.22
,,providers_b,sum_payment_amount,MAD z-score >= 8 (extreme outlier),,1317816.0,278.21999999999997
,,providers_b,sum_payment_amount,MAD z-score >= 8 (extreme outlier),,1017230.0,952.4399999999999
,,providers_b,sum_payment_amount,MAD z-score >= 8 (extreme outlier),,2779842.0,801.09
,,providers_b,sum_payment_amount,MAD z-score >= 8 (extreme outlier),,12686.0,5800.0
,,providers_b,sum_payment_amount,MAD z-score >= 8 (extreme outlier),,203666.0,6247.05
,,providers_b,sum_payment_amount,MAD z-score >= 8 (extreme outlier),,128513.0,327.28
,,providers_b,sum_payment_amount,MAD z-score >= 8 (extreme outlier),,11274731.0,1456.8500000000001
,,providers_b,sum_payment_amount,MAD z-score >= 8 (extreme outlier),,10632508.0,396.75
,,providers_b,sum_payment_amount,MAD z-score >= 8 (extreme outlier),,937235.0,305.93
,,providers_b,sum_payment_amount,MAD z-score >= 8 (extreme outlier),,342903.0,41666.65
,,providers_b,sum_payment_amount,MAD z-score >= 8 (extreme outlier),,5702069.0,1092.47
,,providers_b,sum_payment_amount,MAD z-score >= 8 (extreme outlier),,866021.0,2035.1
,,providers_b,sum_payment_amount,MAD z-score >= 8 (extreme outlier),,439346.0,772.01
,,providers_b,sum_payment_amount,MAD z-score >= 8 (extreme outlier),,1365940.0,1000.0
,,providers_b,sum_payment_amount,MAD z-score >= 8 (extreme outlier),,3647586.0,448.34999999999997
,,providers_b,sum_payment_amount,MAD z-score >= 8 (extreme outlier),,10779009.0,1617.15
,,providers_b,sum_payment_amount,MAD z-score >= 8 (extreme outlier),,11116172.0,885.72
,,providers_b,sum_payment_amount,MAD z-score >= 8 (extreme outlier),,140683.0,952.55
,,providers_b,sum_payment_amount,MAD z-score >= 8 (extreme outlier),,1325513.0,319.96
,,providers_b,sum_payment_amount,MAD z-score >= 8 (extreme outlier),,11472912.0,2101.52
,,providers_b,sum_payment_amount,MAD z-score >= 8 (extreme outlier),,23443.0,2000.0
,,providers_b,sum_payment_amount,MAD z-score >= 8 (extreme outlier),,1202242.0,1236.33
,,providers_b,sum_payment_amount,MAD z-score >= 8 (extreme outlier),,431884.0,807.55
,,providers_b,sum_payment_amount,MAD z-score >= 8 (extreme outlier),,11233878.0,640.31
,,providers_b,sum_payment_amount,MAD z-score >= 8 (extreme outlier),,334593.0,285.38
,,providers_b,sum_payment_amount,MAD z-score >= 8 (extreme outlier),,758475.0,1226.61
,,providers_b,sum_payment_amount,MAD z-score >= 8 (extreme outlier),,1478186.0,10781.14
,,providers_b,sum_payment_amount,MAD z-score >= 8 (extreme outlier),,351845.0,1391.02
,,providers_b,sum_payment_amount,MAD z-score >= 8 (extreme outlier),,1317604.0,2782.45
,,providers_b,sum_payment_amount,MAD z-score >= 8 (extreme outlier),,520369.0,341.09000000000003
,,providers_b,sum_payment_amount,MAD z-score >= 8 (extreme outlier),,406269.0,1433.8200000000002
,,providers_b,sum_payment_amount,MAD z-score >= 8 (extreme outlier),,8796112.0,584.74
,,providers_b,sum_payment_amount,MAD z-score >= 8 (extreme outlier),,96572.0,336.68
,,providers_b,sum_payment_amount,MAD z-score >= 8 (extreme outlier),,216738.0,402.64
,,providers_b,sum_payment_amount,MAD z-score >= 8 (extreme outlier),,695409.0,46523.89
,,providers_b,sum_payment_amount,MAD z-score >= 8 (extreme outlier),,10302960.0,274.75
,,providers_b,sum_payment_amount,MAD z-score >= 8 (extreme outlier),,33559.0,2368.2
,,providers_b,sum_payment_amount,MAD z-score >= 8 (extreme outlier),,1190202.0,361.01
,,providers_b,sum_payment_amount,MAD z-score >= 8 (extreme outlier),,3428999.0,5000.0
,,providers_b,sum_payment_amount,MAD z-score >= 8 (extreme outlier),,48470.0,1200.0
,,providers_b,sum_payment_amount,MAD z-score >= 8 (extreme outlier),,278846.0,750.0
,,providers_b,sum_payment_amount,MAD z-score >= 8 (extreme outlier),,453024.0,500.0
,,providers_b,sum_payment_amount,MAD z-score >= 8 (extreme outlier),,496476.0,317.5
,,providers_b,sum_payment_amount,MAD z-score >= 8 (extreme outlier),,1215869.0,148839.32
,,providers_b,sum_payment_amount,MAD z-score >= 8 (extreme outlier),,652388.0,5139.84
,,providers_b,sum_payment_amount,MAD z-score >= 8 (extreme outlier),,1090407.0,315.41
,,providers_b,sum_payment_amount,MAD z-score >= 8 (extreme outlier),,360309.0,404.28
,,providers_b,sum_payment_amount,MAD z-score >= 8 (extreme outlier),,183252.0,1644.02
,,providers_b,sum_payment_amount,MAD z-score >= 8 (extreme outlier),,672040.0,1260.55
,,providers_b,sum_payment_amount,MAD z-score >= 8 (extreme outlier),,161190.0,554.11
,,providers_b,sum_payment_amount,MAD z-score >= 8 (extreme outlier),,756578.0,317.65
,,providers_b,sum_payment_amount,MAD z-score >= 8 (extreme outlier),,455060.0,723.96
,,providers_b,sum_payment_amount,MAD z-score >= 8 (extreme outlier),,775208.0,3702.9799999999996
,,providers_b,sum_payment_amount,MAD z-score >= 8 (extreme outlier),,1313090.0,1021.17
,,providers_b,sum_payment_amount,MAD z-score >= 8 (extreme outlier),,153706.0,504.0
,,providers_b,sum_payment_amount,MAD z-score >= 8 (extreme outlier),,447570.0,499.44
,,providers_b,sum_payment_amount,MAD z-score >= 8 (extreme outlier),,1189682.0,3000.0
,,providers_b,sum_payment_amount,MAD z-score >= 8 (extreme outlier),,5702793.0,291.95000000000005
,,providers_b,sum_payment_amount,MAD z-score >= 8 (extreme outlier),,245375.0,333.1
,,providers_b,sum_payment_amount,MAD z-score >= 8 (extreme outlier),,2787976.0,577.4
,,providers_b,sum_payment_amount,MAD z-score >= 8 (extreme outlier),,10983878.0,316.51
,,providers_b,sum_payment_amount,MAD z-score >= 8 (extreme outlier),,311785.0,4178.85
,,providers_b,sum_payment_amount,MAD z-score >= 8 (extreme outlier),,1231353.0,841.66
,,providers_b,sum_payment_amount,MAD z-score >= 8 (extreme outlier),,10530821.0,389.93
,,providers_b,sum_payment_amount,MAD z-score >= 8 (extreme outlier),,191839.0,851.9
,,providers_b,sum_payment_amount,MAD z-score >= 8 (extreme outlier),,71315.0,616.53
,,providers_b,sum_payment_amount,MAD z-score >= 8 (extreme outlier),,10900540.0,290.72
,,providers_b,sum_payment_amount,MAD z-score >= 8 (extreme outlier),,480434.0,1500.0
,,providers_b,sum_payment_amount,MAD z-score >= 8 (extreme outlier),,114610.0,1609.25
,,providers_b,sum_payment_amount,MAD z-score >= 8 (extreme outlier),,664831.0,543.48
,,providers_b,sum_payment_amount,MAD z-score >= 8 (extreme outlier),,6706326.0,752.7
,,providers_b,sum_payment_amount,MAD z-score >= 8 (extreme outlier),,2787058.0,2500.0
,,providers_b,sum_payment_amount,MAD z-score >= 8 (extreme outlier),,7221682.0,843.44
,,providers_b,sum_payment_amount,MAD z-score >= 8 (extreme outlier),,10175733.0,2609.03
,,providers_b,sum_payment_amount,MAD z-score >= 8 (extreme outlier),,128281.0,800.0
,,providers_b,sum_payment_amount,MAD z-score >= 8 (extreme outlier),,10156848.0,500.2
,,providers_b,sum_payment_amount,MAD z-score >= 8 (extreme outlier),,314508.0,306.7
,,providers_b,sum_payment_amount,MAD z-score >= 8 (extreme outlier),,14197.0,1985.5
,,providers_b,sum_payment_amount,MAD z-score >= 8 (extreme outlier),,380659.0,1367.53
,,providers_b,sum_payment_amount,MAD z-score >= 8 (extreme outlier),,83188.0,426.63
,,providers_b,sum_payment_amount,MAD z-score >= 8 (extreme outlier),,330005.0,1107.05
,,providers_b,sum_payment_amount,MAD z-score >= 8 (extreme outlier),,716555.0,304.75
,,providers_b,sum_payment_amount,MAD z-score >= 8 (extreme outlier),,10701445.0,23259.78
,,providers_b,sum_payment_amount,MAD z-score >= 8 (extreme outlier),,343564.0,352.82
,,providers_b,sum_payment_amount,MAD z-score >= 8 (extreme outlier),,130686.0,10040.3
,,providers_b,sum_payment_amount,MAD z-score >= 8 (extreme outlier),,21824.0,309.95
,,providers_b,sum_payment_amount,MAD z-score >= 8 (extreme outlier),,266055.0,817.0
,,providers_b,sum_payment_amount,MAD z-score >= 8 (extreme outlier),,764963.0,288.21999999999997
,,providers_b,sum_payment_amount,MAD z-score >= 8 (extreme outlier),,259437.0,1905.5
,,providers_b,sum_payment_amount,MAD z-score >= 8 (extreme outlier),,208863.0,384.44
,,providers_b,sum_payment_amount,MAD z-score >= 8 (extreme outlier),,83522.0,418.31
,,providers_b,sum_payment_amount,MAD z-score >= 8 (extreme outlier),,10965987.0,274.63
,,providers_b,sum_payment_amount,MAD z-score >= 8 (extreme outlier),,8980254.0,510.0
,,providers_b,sum_payment_amount,MAD z-score >= 8 (extreme outlier),,22108.0,322.93
,,providers_b,sum_payment_amount,MAD z-score >= 8 (extreme outlier),,284665.0,440.48
,,providers_b,sum_payment_amount,MAD z-score >= 8 (extreme outlier),,11389050.0,421.11
,,providers_b,sum_payment_amount,MAD z-score >= 8 (extreme outlier),,10684085.0,371.23
,,providers_b,sum_payment_amount,MAD z-score >= 8 (extreme outlier),,69110.0,5308.03
,,providers_b,sum_payment_amount,MAD z-score >= 8 (extreme outlier),,96978.0,744.15
,,providers_b,sum_payment_amount,MAD z-score >= 8 (extreme outlier),,1382360.0,1095.73
,,providers_b,sum_payment_amount,MAD z-score >= 8 (extreme outlier),,783945.0,372.7
,,providers_b,sum_payment_amount,MAD z-score >= 8 (extreme outlier),,833441.0,700.0
,,providers_b,sum_payment_amount,MAD z-score >= 8 (extreme outlier),,1026087.0,291.15
,,providers_b,sum_payment_amount,MAD z-score >= 8 (extreme outlier),,5206939.0,800.0
,,providers_b,sum_payment_amount,MAD z-score >= 8 (extreme outlier),,347890.0,509.58
,,providers_b,sum_payment_amount,MAD z-score >= 8 (extreme outlier),,11322615.0,358.74
,,providers_b,sum_payment_amount,MAD z-score >= 8 (extreme outlier),,8512805.0,300.3
,,providers_b,sum_payment_amount,MAD z-score >= 8 (extreme outlier),,29591.0,720.7
,,providers_b,sum_payment_amount,MAD z-score >= 8 (extreme outlier),,148455.0,2320.28
,,providers_b,sum_payment_amount,MAD z-score >= 8 (extreme outlier),,314889.0,280.64
,,providers_b,sum_payment_amount,MAD z-score >= 8 (extreme outlier),,10894397.0,289.5
,,providers_b,sum_payment_amount,MAD z-score >= 8 (extreme outlier),,64336.0,403.0
,,providers_b,sum_payment_amount,MAD z-score >= 8 (extreme outlier),,10767052.0,286.29
,,providers_b,sum_payment_amount,MAD z-score >= 8 (extreme outlier),,5442588.0,2017.5800000000002
,,providers_b,sum_payment_amount,MAD z-score >= 8 (extreme outlier),,395586.0,3360.0
,,providers_b,sum_payment_amount,MAD z-score >= 8 (extreme outlier),,11209747.0,295.93
,,providers_b,sum_payment_amount,MAD z-score >= 8 (extreme outlier),,852309.0,1498.8200000000002
,,providers_b,sum_payment_amount,MAD z-score >= 8 (extreme outlier),,110051.0,288.78
,,providers_b,sum_payment_amount,MAD z-score >= 8 (extreme outlier),,10684943.0,284.85
,,providers_b,sum_payment_amount,MAD z-score >= 8 (extreme outlier),,334945.0,100086.19
,,providers_b,sum_payment_amount,MAD z-score >= 8 (extreme outlier),,343571.0,8570.0
,,providers_b,sum_payment_amount,MAD z-score >= 8 (extreme outlier),,10499669.0,298.89
,,providers_b,sum_payment_amount,MAD z-score >= 8 (extreme outlier),,1364803.0,1417.2199999999998
,,providers_b,sum_payment_amount,MAD z-score >= 8 (extreme outlier),,11009517.0,307.05
,,providers_b,sum_payment_amount,MAD z-score >= 8 (extreme outlier),,10679885.0,295.74
,,providers_b,sum_payment_amount,MAD z-score >= 8 (extreme outlier),,10554472.0,333.3
,,providers_b,sum_payment_amount,MAD z-score >= 8 (extreme outlier),,605555.0,6000.0
,,providers_b,sum_payment_amount,MAD z-score >= 8 (extreme outlier),,2103215.0,2119.56
,,providers_b,sum_payment_amount,MAD z-score >= 8 (extreme outlier),,749948.0,4800.0
,,providers_b,sum_payment_amount,MAD z-score >= 8 (extreme outlier),,11252944.0,274.46
,,providers_b,sum_payment_amount,MAD z-score >= 8 (extreme outlier),,10452387.0,329.51
,,providers_b,sum_payment_amount,MAD z-score >= 8 (extreme outlier),,1113602.0,1053.94
,,providers_b,sum_payment_amount,MAD z-score >= 8 (extreme outlier),,5701525.0,359.39
,,providers_b,sum_payment_amount,MAD z-score >= 8 (extreme outlier),,11351800.0,336.69
,,providers_b,sum_payment_amount,MAD z-score >= 8 (extreme outlier),,625419.0,476.71999999999997
,,providers_b,sum_payment_amount,MAD z-score >= 8 (extreme outlier),,311645.0,6400.0
,,providers_b,sum_payment_amount,MAD z-score >= 8 (extreme outlier),,984728.0,373.02
,,providers_b,sum_payment_amount,MAD z-score >= 8 (extreme outlier),,1627978.0,343.88
,,providers_b,sum_payment_amount,MAD z-score >= 8 (extreme outlier),,451295.0,3042.52
,,providers_b,sum_payment_amount,MAD z-score >= 8 (extreme outlier),,147731.0,1146.47
,,providers_b,sum_payment_amount,MAD z-score >= 8 (extreme outlier),,26958.0,21337.2
,,providers_b,sum_payment_amount,MAD z-score >= 8 (extreme outlier),,10893894.0,389.8
,,providers_b,sum_payment_amount,MAD z-score >= 8 (extreme outlier),,325914.0,324.9
,,providers_b,sum_payment_amount,MAD z-score >= 8 (extreme outlier),,259326.0,4124.68
,,providers_b,sum_payment_amount,MAD z-score >= 8 (extreme outlier),,11068403.0,394.56
,,providers_b,sum_payment_amount,MAD z-score >= 8 (extreme outlier),,109974.0,1035.97
,,providers_b,sum_payment_amount,MAD z-score >= 8 (extreme outlier),,4213385.0,1103.35
,,providers_b,sum_payment_amount,MAD z-score >= 8 (extreme outlier),,56309.0,379.77
,,providers_b,sum_payment_amount,MAD z-score >= 8 (extreme outlier),,8805250.0,369.25
,,providers_b,sum_payment_amount,MAD z-score >= 8 (extreme outlier),,65233.0,4987.86
,,providers_b,sum_payment_amount,MAD z-score >= 8 (extreme outlier),,10464.0,315.96000000000004
,,providers_b,sum_payment_amount,MAD z-score >= 8 (extreme outlier),,9648503.0,281.74
,,providers_b,sum_payment_amount,MAD z-score >= 8 (extreme outlier),,84806.0,413.48
,,providers_b,sum_payment_amount,MAD z-score >= 8 (extreme outlier),,168461.0,317.44
,,providers_b,sum_payment_amount,MAD z-score >= 8 (extreme outlier),,1175208.0,720.84
,,providers_b,sum_payment_amount,MAD z-score >= 8 (extreme outlier),,1282526.0,1068.45
,,providers_b,sum_payment_amount,MAD z-score >= 8 (extreme outlier),,10491283.0,973.99
,,providers_b,sum_payment_amount,MAD z-score >= 8 (extreme outlier),,46003.0,1800.0
,,providers_b,sum_payment_amount,MAD z-score >= 8 (extreme outlier),,1372075.0,1491.73
,,providers_b,sum_payment_amount,MAD z-score >= 8 (extreme outlier),,103188.0,403.18
,,providers_b,sum_payment_amount,MAD z-score >= 8 (extreme outlier),,11208422.0,494.19
,,providers_b,sum_payment_amount,MAD z-score >= 8 (extreme outlier),,250356.0,363.21000000000004
,,providers_b,sum_payment_amount,MAD z-score >= 8 (extreme outlier),,989327.0,900.5999999999999
,,providers_b,sum_payment_amount,MAD z-score >= 8 (extreme outlier),,10653489.0,355.0
,,providers_b,sum_payment_amount,MAD z-score >= 8 (extreme outlier),,129538.0,585.29
,,providers_b,sum_payment_amount,MAD z-score >= 8 (extreme outlier),,10031868.0,21009.36
,,providers_b,sum_payment_amount,MAD z-score >= 8 (extreme outlier),,70988.0,546.47
,,providers_b,sum_payment_amount,MAD z-score >= 8 (extreme outlier),,10476254.0,614.81
,,providers_b,sum_payment_amount,MAD z-score >= 8 (extreme outlier),,33138.0,327.32
,,providers_b,sum_payment_amount,MAD z-score >= 8 (extreme outlier),,367221.0,954.52
,,providers_b,sum_payment_amount,MAD z-score >= 8 (extreme outlier),,612534.0,6000.0
,,providers_b,sum_payment_amount,MAD z-score >= 8 (extreme outlier),,49833.0,60000.0
,,providers_b,sum_payment_amount,MAD z-score >= 8 (extreme outlier),,1215688.0,3231.31
,,providers_b,sum_payment_amount,MAD z-score >= 8 (extreme outlier),,450984.0,1300.0
,,providers_b,sum_payment_amount,MAD z-score >= 8 (extreme outlier),,1281750.0,4949.21
,,providers_b,sum_payment_amount,MAD z-score >= 8 (extreme outlier),,10717693.0,331.35
,,providers_b,sum_payment_amount,MAD z-score >= 8 (extreme outlier),,1177018.0,564.09
,,providers_b,sum_payment_amount,MAD z-score >= 8 (extreme outlier),,10786791.0,397.5
,,providers_b,sum_payment_amount,MAD z-score >= 8 (extreme outlier),,19242.0,360.54
,,providers_b,sum_payment_amount,MAD z-score >= 8 (extreme outlier),,10779519.0,470.54
,,providers_b,sum_payment_amount,MAD z-score >= 8 (extreme outlier),,233145.0,285.9
,,providers_b,sum_payment_amount,MAD z-score >= 8 (extreme outlier),,455748.0,1715.1399999999999
,,providers_b,sum_payment_amount,MAD z-score >= 8 (extreme outlier),,10767713.0,920.0
,,providers_b,sum_payment_amount,MAD z-score >= 8 (extreme outlier),,4220747.0,279.24
,,providers_b,sum_payment_amount,MAD z-score >= 8 (extreme outlier),,4225464.0,1588.98
,,providers_b,sum_payment_amount,MAD z-score >= 8 (extreme outlier),,309498.0,629.61
,,providers_b,sum_payment_amount,MAD z-score >= 8 (extreme outlier),,11514450.0,485.06
,,providers_b,sum_payment_amount,MAD z-score >= 8 (extreme outlier),,293639.0,279.92
,,providers_b,sum_payment_amount,MAD z-score >= 8 (extreme outlier),,11319512.0,315.92
,,providers_b,sum_payment_amount,MAD z-score >= 8 (extreme outlier),,349192.0,282.03999999999996
,,providers_b,sum_payment_amount,MAD z-score >= 8 (extreme outlier),,52211.0,288.83
,,providers_b,sum_payment_amount,MAD z-score >= 8 (extreme outlier),,191036.0,332.46
,,providers_b,sum_payment_amount,MAD z-score >= 8 (extreme outlier),,10730165.0,374.76
,,providers_b,sum_payment_amount,MAD z-score >= 8 (extreme outlier),,1189316.0,345.42
,,providers_b,sum_payment_amount,MAD z-score >= 8 (extreme outlier),,108470.0,802.42
,,providers_b,sum_payment_amount,MAD z-score >= 8 (extreme outlier),,11051216.0,371.04
,,providers_b,sum_payment_amount,MAD z-score >= 8 (extreme outlier),,175041.0,402.83
,,providers_b,sum_payment_amount,MAD z-score >= 8 (extreme outlier),,11117253.0,750.0
,,providers_b,sum_payment_amount,MAD z-score >= 8 (extreme outlier),,1398975.0,1246.7
,,providers_b,sum_payment_amount,MAD z-score >= 8 (extreme outlier),,82905.0,2859.04
,,providers_b,sum_payment_amount,MAD z-score >= 8 (extreme outlier),,880472.0,1498.4499999999998
,,providers_b,sum_payment_amount,MAD z-score >= 8 (extreme outlier),,5700055.0,950.0
,,providers_b,sum_payment_amount,MAD z-score >= 8 (extreme outlier),,177616.0,8552.66
,,providers_b,sum_payment_amount,MAD z-score >= 8 (extreme outlier),,436242.0,758.77
,,providers_b,sum_payment_amount,MAD z-score >= 8 (extreme outlier),,695095.0,288.89
,,providers_b,sum_payment_amount,MAD z-score >= 8 (extreme outlier),,10502228.0,344.54
,,providers_b,sum_payment_amount,MAD z-score >= 8 (extreme outlier),,263610.0,458.14
,,providers_b,sum_payment_amount,MAD z-score >= 8 (extreme outlier),,4280210.0,1982.2
,,providers_b,sum_payment_amount,MAD z-score >= 8 (extreme outlier),,10474279.0,318.71999999999997
,,providers_b,sum_payment_amount,MAD z-score >= 8 (extreme outlier),,11315289.0,318.14
,,providers_b,sum_payment_amount,MAD z-score >= 8 (extreme outlier),,339222.0,29457.69
,,providers_b,sum_payment_amount,MAD z-score >= 8 (extreme outlier),,1291193.0,5940.0
,,providers_b,sum_payment_amount,MAD z-score >= 8 (extreme outlier),,10545802.0,280.0
,,providers_b,sum_payment_amount,MAD z-score >= 8 (extreme outlier),,136923.0,3302.42
,,providers_b,sum_payment_amount,MAD z-score >= 8 (extreme outlier),,1269868.0,1400.0
,,providers_b,sum_payment_amount,MAD z-score >= 8 (extreme outlier),,10642943.0,450.03
,,providers_b,sum_payment_amount,MAD z-score >= 8 (extreme outlier),,2791490.0,1086.56
,,providers_b,sum_payment_amount,MAD z-score >= 8 (extreme outlier),,30930.0,290.03999999999996
,,providers_b,sum_payment_amount,MAD z-score >= 8 (extreme outlier),,10438524.0,329.82
,,providers_b,sum_payment_amount,MAD z-score >= 8 (extreme outlier),,23095.0,45589.2
,,providers_b,sum_payment_amount,MAD z-score >= 8 (extreme outlier),,10871878.0,322.5
,,providers_b,sum_payment_amount,MAD z-score >= 8 (extreme outlier),,28888.0,16826.67
,,providers_b,sum_payment_amount,MAD z-score >= 8 (extreme outlier),,1058410.0,1777.0900000000001
,,providers_b,sum_payment_amount,MAD z-score >= 8 (extreme outlier),,2795810.0,362.15
,,providers_b,sum_payment_amount,MAD z-score >= 8 (extreme outlier),,76396.0,455.58
,,providers_b,sum_payment_amount,MAD z-score >= 8 (extreme outlier),,396173.0,13620.87
,,providers_b,sum_payment_amount,MAD z-score >= 8 (extreme outlier),,1247439.0,595.3199999999999
,,providers_b,sum_payment_amount,MAD z-score >= 8 (extreme outlier),,179239.0,1500.0
,,providers_b,sum_payment_amount,MAD z-score >= 8 (extreme outlier),,26923.0,2928.59
,,providers_b,sum_payment_amount,MAD z-score >= 8 (extreme outlier),,228667.0,35666.61
,,providers_b,sum_payment_amount,MAD z-score >= 8 (extreme outlier),,1349644.0,1231.85
,,providers_b,sum_payment_amount,MAD z-score >= 8 (extreme outlier),,76567.0,364.48
,,providers_b,sum_payment_amount,MAD z-score >= 8 (extreme outlier),,4815004.0,697.12
,,providers_b,sum_payment_amount,MAD z-score >= 8 (extreme outlier),,297883.0,3599.6099999999997
,,providers_b,sum_payment_amount,MAD z-score >= 8 (extreme outlier),,11423736.0,295.02
,,providers_b,sum_payment_amount,MAD z-score >= 8 (extreme outlier),,7118121.0,279.54
,,providers_b,sum_payment_amount,MAD z-score >= 8 (extreme outlier),,620288.0,815.08
,,providers_b,sum_payment_amount,MAD z-score >= 8 (extreme outlier),,11404338.0,424.75
,,providers_b,sum_payment_amount,MAD z-score >= 8 (extreme outlier),,1373417.0,12215.039999999999
,,providers_b,sum_payment_amount,MAD z-score >= 8 (extreme outlier),,31072.0,25487.16
,,providers_b,sum_payment_amount,MAD z-score >= 8 (extreme outlier),,526027.0,2812.5
,,providers_b,sum_payment_amount,MAD z-score >= 8 (extreme outlier),,1380420.0,1618.49
,,providers_b,sum_payment_amount,MAD z-score >= 8 (extreme outlier),,4484914.0,4396.6
,,providers_b,sum_payment_amount,MAD z-score >= 8 (extreme outlier),,10594679.0,296.67
,,providers_b,sum_payment_amount,MAD z-score >= 8 (extreme outlier),,564640.0,5186.74
,,providers_b,sum_payment_amount,MAD z-score >= 8 (extreme outlier),,11033563.0,792.21
,,providers_b,sum_payment_amount,MAD z-score >= 8 (extreme outlier),,52993.0,330.07
,,providers_b,sum_payment_amount,MAD z-score >= 8 (extreme outlier),,50054.0,2432.79
,,providers_b,sum_payment_amount,MAD z-score >= 8 (extreme outlier),,59208.0,400.0
,,providers_b,sum_payment_amount,MAD z-score >= 8 (extreme outlier),,655953.0,784.8
,,providers_b,sum_payment_amount,MAD z-score >= 8 (extreme outlier),,1379171.0,662.41
,,providers_b,sum_payment_amount,MAD z-score >= 8 (extreme outlier),,11454865.0,1200.72
,,providers_b,sum_payment_amount,MAD z-score >= 8 (extreme outlier),,1384102.0,1820.04
,,providers_b,sum_payment_amount,MAD z-score >= 8 (extreme outlier),,814779.0,560.94
,,providers_b,sum_payment_amount,MAD z-score >= 8 (extreme outlier),,5554008.0,1000.0
,,providers_b,sum_payment_amount,MAD z-score >= 8 (extreme outlier),,10879999.0,337.6
,,providers_b,sum_payment_amount,MAD z-score >= 8 (extreme outlier),,331214.0,858.4
,,providers_b,sum_payment_amount,MAD z-score >= 8 (extreme outlier),,19522.0,534.58
,,providers_b,sum_payment_amount,MAD z-score >= 8 (extreme outlier),,209493.0,352.38
,,providers_b,sum_payment_amount,MAD z-score >= 8 (extreme outlier),,767475.0,420.0
,,providers_b,sum_payment_amount,MAD z-score >= 8 (extreme outlier),,322382.0,279.78
,,providers_b,sum_payment_amount,MAD z-score >= 8 (extreme outlier),,8803722.0,300.0
,,providers_b,sum_payment_amount,MAD z-score >= 8 (extreme outlier),,127983.0,783.27
,,providers_b,sum_payment_amount,MAD z-score >= 8 (extreme outlier),,422189.0,420.0
,,providers_b,sum_payment_amount,MAD z-score >= 8 (extreme outlier),,7233280.0,1047.23
,,providers_b,sum_payment_amount,MAD z-score >= 8 (extreme outlier),,176347.0,340.72
,,providers_b,sum_payment_amount,MAD z-score >= 8 (extreme outlier),,11004862.0,306.5
,,providers_b,sum_payment_amount,MAD z-score >= 8 (extreme outlier),,241387.0,389.38
,,providers_b,sum_payment_amount,MAD z-score >= 8 (extreme outlier),,791067.0,432.11
,,providers_b,sum_payment_amount,MAD z-score >= 8 (extreme outlier),,88959.0,557.32
,,providers_b,sum_payment_amount,MAD z-score >= 8 (extreme outlier),,601698.0,815.86
,,providers_b,sum_payment_amount,MAD z-score >= 8 (extreme outlier),,287796.0,137147.38
,,providers_b,sum_payment_amount,MAD z-score >= 8 (extreme outlier),,414875.0,4900.0
,,providers_b,sum_payment_amount,MAD z-score >= 8 (extreme outlier),,11365089.0,342.53000000000003
,,providers_b,sum_payment_amount,MAD z-score >= 8 (extreme outlier),,11004831.0,424.49
,,providers_b,sum_payment_amount,MAD z-score >= 8 (extreme outlier),,22054.0,516.92
,,providers_b,sum_payment_amount,MAD z-score >= 8 (extreme outlier),,103493.0,292.7
,,providers_b,sum_payment_amount,MAD z-score >= 8 (extreme outlier),,57872.0,622.9
,,providers_b,sum_payment_amount,MAD z-score >= 8 (extreme outlier),,586053.0,1277.6599999999999
,,providers_b,sum_payment_amount,MAD z-score >= 8 (extreme outlier),,136660.0,59104.7
,,providers_b,sum_payment_amount,MAD z-score >= 8 (extreme outlier),,11183165.0,542.75
,,providers_b,sum_payment_amount,MAD z-score >= 8 (extreme outlier),,851174.0,494.5
,,providers_b,sum_payment_amount,MAD z-score >= 8 (extreme outlier),,43617.0,415.98
,,providers_b,sum_payment_amount,MAD z-score >= 8 (extreme outlier),,23614.0,1196.3
,,providers_b,sum_payment_amount,MAD z-score >= 8 (extreme outlier),,11390911.0,1098.95
,,providers_b,sum_payment_amount,MAD z-score >= 8 (extreme outlier),,1393560.0,1216.15
,,providers_b,sum_payment_amount,MAD z-score >= 8 (extreme outlier),,133277.0,3923.09
,,providers_b,sum_payment_amount,MAD z-score >= 8 (extreme outlier),,1085528.0,398.4
,,providers_b,sum_payment_amount,MAD z-score >= 8 (extreme outlier),,10639883.0,381.37
,,providers_b,sum_payment_amount,MAD z-score >= 8 (extreme outlier),,11227184.0,1243.96
,,providers_b,sum_payment_amount,MAD z-score >= 8 (extreme outlier),,241438.0,2485.0
,,providers_b,sum_payment_amount,MAD z-score >= 8 (extreme outlier),,133849.0,2103.1
,,providers_b,sum_payment_amount,MAD z-score >= 8 (extreme outlier),,187400.0,9063.58
,,providers_b,sum_payment_amount,MAD z-score >= 8 (extreme outlier),,10527903.0,1059.79
,,providers_b,sum_payment_amount,MAD z-score >= 8 (extreme outlier),,199416.0,329.71
,,providers_b,sum_payment_amount,MAD z-score >= 8 (extreme outlier),,11385078.0,366.75
,,providers_b,sum_payment_amount,MAD z-score >= 8 (extreme outlier),,82439.0,5632.9
,,providers_b,sum_payment_amount,MAD z-score >= 8 (extreme outlier),,309374.0,18146.21
,,providers_b,sum_payment_amount,MAD z-score >= 8 (extreme outlier),,10814591.0,310.87
,,providers_b,sum_payment_amount,MAD z-score >= 8 (extreme outlier),,84551.0,14413.83
,,providers_b,sum_payment_amount,MAD z-score >= 8 (extreme outlier),,11094078.0,1380.65
,,providers_b,sum_payment_amount,MAD z-score >= 8 (extreme outlier),,90080.0,12600.0
,,providers_b,sum_payment_amount,MAD z-score >= 8 (extreme outlier),,124564.0,1539.08
,,providers_b,sum_payment_amount,MAD z-score >= 8 (extreme outlier),,267762.0,698.65
,,providers_b,sum_payment_amount,MAD z-score >= 8 (extreme outlier),,490310.0,556.32
,,providers_b,sum_payment_amount,MAD z-score >= 8 (extreme outlier),,10569036.0,289.01
,,providers_b,sum_payment_amount,MAD z-score >= 8 (extreme outlier),,13564.0,1512.3999999999999
,,providers_b,sum_payment_amount,MAD z-score >= 8 (extreme outlier),,912148.0,4000.0
,,providers_b,sum_payment_amount,MAD z-score >= 8 (extreme outlier),,349351.0,321.07
,,providers_b,sum_payment_amount,MAD z-score >= 8 (extreme outlier),,1376134.0,447.4
,,providers_b,sum_payment_amount,MAD z-score >= 8 (extreme outlier),,83052.0,377.33
,,providers_b,sum_payment_amount,MAD z-score >= 8 (extreme outlier),,123250.0,497.45
,,providers_b,sum_payment_amount,MAD z-score >= 8 (extreme outlier),,1390991.0,1500.0
,,providers_b,sum_payment_amount,MAD z-score >= 8 (extreme outlier),,1391064.0,21117.120000000003
,,providers_b,sum_payment_amount,MAD z-score >= 8 (extreme outlier),,4530439.0,279.33
,,providers_b,sum_payment_amount,MAD z-score >= 8 (extreme outlier),,125137.0,411.74
,,providers_b,sum_payment_amount,MAD z-score >= 8 (extreme outlier),,11051908.0,374.7
,,providers_b,sum_payment_amount,MAD z-score >= 8 (extreme outlier),,11497196.0,467.56
,,providers_b,sum_payment_amount,MAD z-score >= 8 (extreme outlier),,11388158.0,417.98
,,providers_b,sum_payment_amount,MAD z-score >= 8 (extreme outlier),,607703.0,510.0
,,providers_b,sum_payment_amount,MAD z-score >= 8 (extreme outlier),,235384.0,7442.77
,,providers_b,sum_payment_amount,MAD z-score >= 8 (extreme outlier),,176240.0,298.38
,,providers_b,sum_payment_amount,MAD z-score >= 8 (extreme outlier),,258711.0,1099.84
,,providers_b,sum_payment_amount,MAD z-score >= 8 (extreme outlier),,4851021.0,652.9599999999999
,,providers_b,sum_payment_amount,MAD z-score >= 8 (extreme outlier),,171955.0,500.39
,,providers_b,sum_payment_amount,MAD z-score >= 8 (extreme outlier),,48550.0,7500.0
,,providers_b,sum_payment_amount,MAD z-score >= 8 (extreme outlier),,5700138.0,2604.37
,,providers_b,sum_payment_amount,MAD z-score >= 8 (extreme outlier),,291712.0,312.45
,,providers_b,sum_payment_amount,MAD z-score >= 8 (extreme outlier),,257296.0,8437.42
,,providers_b,sum_payment_amount,MAD z-score >= 8 (extreme outlier),,11310794.0,922.88
,,providers_b,sum_payment_amount,MAD z-score >= 8 (extreme outlier),,28617.0,2072.21
,,providers_b,sum_payment_amount,MAD z-score >= 8 (extreme outlier),,471824.0,7540.0
,,providers_b,sum_payment_amount,MAD z-score >= 8 (extreme outlier),,1077881.0,496.71000000000004
,,providers_b,sum_payment_amount,MAD z-score >= 8 (extreme outlier),,99366.0,19049.07
,,providers_b,sum_payment_amount,MAD z-score >= 8 (extreme outlier),,1297.0,389.36
,,providers_b,sum_payment_amount,MAD z-score >= 8 (extreme outlier),,348447.0,510.55
,,providers_b,sum_payment_amount,MAD z-score >= 8 (extreme outlier),,143231.0,293.02
,,providers_b,sum_payment_amount,MAD z-score >= 8 (extreme outlier),,387444.0,1000.0
,,providers_b,sum_payment_amount,MAD z-score >= 8 (extreme outlier),,6713335.0,1018.5699999999999
,,providers_b,sum_payment_amount,MAD z-score >= 8 (extreme outlier),,36166.0,318.40999999999997
,,providers_b,sum_payment_amount,MAD z-score >= 8 (extreme outlier),,7293395.0,937.61
,,providers_b,sum_payment_amount,MAD z-score >= 8 (extreme outlier),,769306.0,1168.07
,,providers_b,sum_payment_amount,MAD z-score >= 8 (extreme outlier),,193713.0,315.77
,,providers_b,sum_payment_amount,MAD z-score >= 8 (extreme outlier),,11364049.0,986.25
,,providers_b,sum_payment_amount,MAD z-score >= 8 (extreme outlier),,324611.0,334.69
,,providers_b,sum_payment_amount,MAD z-score >= 8 (extreme outlier),,10438923.0,335.25
,,providers_b,sum_payment_amount,MAD z-score >= 8 (extreme outlier),,134275.0,928.9
,,providers_b,sum_payment_amount,MAD z-score >= 8 (extreme outlier),,10831856.0,399.56
,,providers_b,sum_payment_amount,MAD z-score >= 8 (extreme outlier),,10869738.0,316.56
,,providers_b,sum_payment_amount,MAD z-score >= 8 (extreme outlier),,755157.0,389.39
,,providers_b,sum_payment_amount,MAD z-score >= 8 (extreme outlier),,10949740.0,376.2
,,providers_b,sum_payment_amount,MAD z-score >= 8 (extreme outlier),,1160934.0,3924.0499999999997
,,providers_b,sum_payment_amount,MAD z-score >= 8 (extreme outlier),,55782.0,552.71
,,providers_b,sum_payment_amount,MAD z-score >= 8 (extreme outlier),,2787232.0,394.18
,,providers_b,sum_payment_amount,MAD z-score >= 8 (extreme outlier),,735674.0,2121.7799999999997
,,providers_b,sum_payment_amount,MAD z-score >= 8 (extreme outlier),,10830872.0,771.4
,,providers_b,sum_payment_amount,MAD z-score >= 8 (extreme outlier),,453034.0,621.86
,,providers_b,sum_payment_amount,MAD z-score >= 8 (extreme outlier),,223592.0,381.0
,,providers_b,sum_payment_amount,MAD z-score >= 8 (extreme outlier),,162952.0,3524.3
,,providers_b,sum_payment_amount,MAD z-score >= 8 (extreme outlier),,907005.0,33905.78
,,providers_b,sum_payment_amount,MAD z-score >= 8 (extreme outlier),,1387477.0,5707.660000000001
,,providers_b,sum_payment_amount,MAD z-score >= 8 (extreme outlier),,973602.0,1832.32
,,providers_b,sum_payment_amount,MAD z-score >= 8 (extreme outlier),,360301.0,280.85
,,providers_b,sum_payment_amount,MAD z-score >= 8 (extreme outlier),,192510.0,6130.03
,,providers_b,sum_payment_amount,MAD z-score >= 8 (extreme outlier),,299147.0,14015.84
,,providers_b,sum_payment_amount,MAD z-score >= 8 (extreme outlier),,322981.0,433.65000000000003
,,providers_b,sum_payment_amount,MAD z-score >= 8 (extreme outlier),,275658.0,328.76
,,providers_b,sum_payment_amount,MAD z-score >= 8 (extreme outlier),,251815.0,2093.71
,,providers_b,sum_payment_amount,MAD z-score >= 8 (extreme outlier),,353616.0,60000.0
,,providers_b,sum_payment_amount,MAD z-score >= 8 (extreme outlier),,265565.0,904.6
,,providers_b,sum_payment_amount,MAD z-score >= 8 (extreme outlier),,1373016.0,304.41999999999996
,,providers_b,sum_payment_amount,MAD z-score >= 8 (extreme outlier),,58640.0,7732.11
,,providers_b,sum_payment_amount,MAD z-score >= 8 (extreme outlier),,312566.0,18434.02
,,providers_b,sum_payment_amount,MAD z-score >= 8 (extreme outlier),,208827.0,396.06
,,providers_b,sum_payment_amount,MAD z-score >= 8 (extreme outlier),,2789755.0,293.49
,,providers_b,sum_payment_amount,MAD z-score >= 8 (extreme outlier),,10755260.0,280.25
,,providers_b,sum_payment_amount,MAD z-score >= 8 (extreme outlier),,599091.0,897.96
,,providers_b,sum_payment_amount,MAD z-score >= 8 (extreme outlier),,695567.0,13233.99
,,providers_b,sum_payment_amount,MAD z-score >= 8 (extreme outlier),,23342.0,2081.03
,,providers_b,sum_payment_amount,MAD z-score >= 8 (extreme outlier),,908978.0,2800.0
,,providers_b,sum_payment_amount,MAD z-score >= 8 (extreme outlier),,189148.0,1623.1200000000001
,,providers_b,sum_payment_amount,MAD z-score >= 8 (extreme outlier),,1029894.0,24022.36
,,providers_b,sum_payment_amount,MAD z-score >= 8 (extreme outlier),,310330.0,750.0
,,providers_b,sum_payment_amount,MAD z-score >= 8 (extreme outlier),,229149.0,278.87
,,providers_b,sum_payment_amount,MAD z-score >= 8 (extreme outlier),,11175818.0,401.03
,,providers_b,sum_payment_amount,MAD z-score >= 8 (extreme outlier),,258543.0,4257.8
,,providers_b,sum_payment_amount,MAD z-score >= 8 (extreme outlier),,832842.0,494.96
,,providers_b,sum_payment_amount,MAD z-score >= 8 (extreme outlier),,655942.0,1575.55
,,providers_b,sum_payment_amount,MAD z-score >= 8 (extreme outlier),,4225954.0,399.09000000000003
,,providers_b,sum_payment_amount,MAD z-score >= 8 (extreme outlier),,5705579.0,337.17
,,providers_b,sum_payment_amount,MAD z-score >= 8 (extreme outlier),,215365.0,2400.0
,,providers_b,sum_payment_amount,MAD z-score >= 8 (extreme outlier),,252028.0,450.21
,,providers_b,sum_payment_amount,MAD z-score >= 8 (extreme outlier),,11125451.0,281.93
,,providers_b,sum_payment_amount,MAD z-score >= 8 (extreme outlier),,993568.0,5992.34
,,providers_b,sum_payment_amount,MAD z-score >= 8 (extreme outlier),,78947.0,1888.8
,,providers_b,sum_payment_amount,MAD z-score >= 8 (extreme outlier),,15900.0,322.95
,,providers_b,sum_payment_amount,MAD z-score >= 8 (extreme outlier),,741232.0,321.63
,,providers_b,sum_payment_amount,MAD z-score >= 8 (extreme outlier),,162797.0,477.89
,,providers_b,sum_payment_amount,MAD z-score >= 8 (extreme outlier),,101482.0,372.37
,,providers_b,sum_payment_amount,MAD z-score >= 8 (extreme outlier),,1166464.0,387.39
,,providers_b,sum_payment_amount,MAD z-score >= 8 (extreme outlier),,10637104.0,284.63
,,providers_b,sum_payment_amount,MAD z-score >= 8 (extreme outlier),,9369578.0,345.08000000000004
,,providers_b,sum_payment_amount,MAD z-score >= 8 (extreme outlier),,17093.0,297.93
,,providers_b,sum_payment_amount,MAD z-score >= 8 (extreme outlier),,89050.0,313.42
,,providers_b,sum_payment_amount,MAD z-score >= 8 (extreme outlier),,498538.0,934.8
,,providers_b,sum_payment_amount,MAD z-score >= 8 (extreme outlier),,235273.0,2000.0
,,providers_b,sum_payment_amount,MAD z-score >= 8 (extreme outlier),,954803.0,460.9
,,providers_b,sum_payment_amount,MAD z-score >= 8 (extreme outlier),,1063101.0,3575.0
,,providers_b,sum_payment_amount,MAD z-score >= 8 (extreme outlier),,4220321.0,12069.47
,,providers_b,sum_payment_amount,MAD z-score >= 8 (extreme outlier),,162124.0,343.66
,,providers_b,sum_payment_amount,MAD z-score >= 8 (extreme outlier),,263724.0,274.67
,,providers_b,sum_payment_amount,MAD z-score >= 8 (extreme outlier),,7189728.0,276.34000000000003
,,providers_b,sum_payment_amount,MAD z-score >= 8 (extreme outlier),,28622.0,44212.0
,,providers_b,sum_payment_amount,MAD z-score >= 8 (extreme outlier),,11672.0,3596.0
,,providers_b,sum_payment_amount,MAD z-score >= 8 (extreme outlier),,11162859.0,363.69
,,providers_b,sum_payment_amount,MAD z-score >= 8 (extreme outlier),,733774.0,6600.0
,,providers_b,sum_payment_amount,MAD z-score >= 8 (extreme outlier),,313686.0,706.32
,,providers_b,sum_payment_amount,MAD z-score >= 8 (extreme outlier),,11262932.0,339.97
,,providers_b,sum_payment_amount,MAD z-score >= 8 (extreme outlier),,7227408.0,1318.19
,,providers_b,sum_payment_amount,MAD z-score >= 8 (extreme outlier),,821755.0,875.0
,,providers_b,sum_payment_amount,MAD z-score >= 8 (extreme outlier),,6439585.0,378.31
,,providers_b,sum_payment_amount,MAD z-score >= 8 (extreme outlier),,1327403.0,304.93
,,providers_b,sum_payment_amount,MAD z-score >= 8 (extreme outlier),,11028714.0,316.67
,,providers_b,sum_payment_amount,MAD z-score >= 8 (extreme outlier),,421121.0,39024.86
,,providers_b,sum_payment_amount,MAD z-score >= 8 (extreme outlier),,221798.0,305.19
,,providers_b,sum_payment_amount,MAD z-score >= 8 (extreme outlier),,10568553.0,1386.75
,,providers_b,sum_payment_amount,MAD z-score >= 8 (extreme outlier),,41231.0,16330.75
,,providers_b,sum_payment_amount,MAD z-score >= 8 (extreme outlier),,839815.0,5440.0
,,providers_b,sum_payment_amount,MAD z-score >= 8 (extreme outlier),,10147.0,2080.31
,,providers_b,sum_payment_amount,MAD z-score >= 8 (extreme outlier),,1001210.0,720.52
,,providers_b,sum_payment_amount,MAD z-score >= 8 (extreme outlier),,324814.0,296.67
,,providers_b,sum_payment_amount,MAD z-score >= 8 (extreme outlier),,333349.0,275.93
,,providers_b,sum_payment_amount,MAD z-score >= 8 (extreme outlier),,11134456.0,343.71000000000004
,,providers_b,sum_payment_amount,MAD z-score >= 8 (extreme outlier),,11239208.0,356.31
,,providers_b,sum_payment_amount,MAD z-score >= 8 (extreme outlier),,685261.0,6413.0
,,providers_b,sum_payment_amount,MAD z-score >= 8 (extreme outlier),,10472011.0,330.41999999999996
,,providers_b,sum_payment_amount,MAD z-score >= 8 (extreme outlier),,1229724.0,341.88
,,providers_b,sum_payment_amount,MAD z-score >= 8 (extreme outlier),,332703.0,2000.0
,,providers_b,sum_payment_amount,MAD z-score >= 8 (extreme outlier),,141989.0,7232.21
,,providers_b,sum_payment_amount,MAD z-score >= 8 (extreme outlier),,173201.0,934.04
,,providers_b,sum_payment_amount,MAD z-score >= 8 (extreme outlier),,2901875.0,288.1
,,providers_b,sum_payment_amount,MAD z-score >= 8 (extreme outlier),,153492.0,3707.6899999999996
,,providers_b,sum_payment_amount,MAD z-score >= 8 (extreme outlier),,354880.0,350.03999999999996
,,providers_b,sum_payment_amount,MAD z-score >= 8 (extreme outlier),,529227.0,1275.11
,,providers_b,sum_payment_amount,MAD z-score >= 8 (extreme outlier),,7919100.0,4558.36
,,providers_b,sum_payment_amount,MAD z-score >= 8 (extreme outlier),,915328.0,359.38
,,providers_b,sum_payment_amount,MAD z-score >= 8 (extreme outlier),,334092.0,323.02
,,providers_b,sum_payment_amount,MAD z-score >= 8 (extreme outlier),,10685146.0,333.2
,,providers_b,sum_payment_amount,MAD z-score >= 8 (extreme outlier),,129812.0,11091.59
,,providers_b,sum_payment_amount,MAD z-score >= 8 (extreme outlier),,10642170.0,412.39
,,providers_b,sum_payment_amount,MAD z-score >= 8 (extreme outlier),,11151348.0,8530.71
,,providers_b,sum_payment_amount,MAD z-score >= 8 (extreme outlier),,10797555.0,292.09000000000003
,,providers_b,sum_payment_amount,MAD z-score >= 8 (extreme outlier),,1282473.0,10000.0
,,providers_b,sum_payment_amount,MAD z-score >= 8 (extreme outlier),,9787153.0,787.5
,,providers_b,sum_payment_amount,MAD z-score >= 8 (extreme outlier),,1026770.0,8596.94
,,providers_b,sum_payment_amount,MAD z-score >= 8 (extreme outlier),,528081.0,500.39
,,providers_b,sum_payment_amount,MAD z-score >= 8 (extreme outlier),,10533926.0,599.97
,,providers_b,sum_payment_amount,MAD z-score >= 8 (extreme outlier),,302481.0,538.6
,,providers_b,sum_payment_amount,MAD z-score >= 8 (extreme outlier),,10787807.0,274.75
,,providers_b,sum_payment_amount,MAD z-score >= 8 (extreme outlier),,7232944.0,1470.19
,,providers_b,sum_payment_amount,MAD z-score >= 8 (extreme outlier),,11114383.0,315.06
,,providers_b,sum_payment_amount,MAD z-score >= 8 (extreme outlier),,1380792.0,1140.55
,,providers_b,sum_payment_amount,MAD z-score >= 8 (extreme outlier),,197814.0,63850.72
,,providers_b,sum_payment_amount,MAD z-score >= 8 (extreme outlier),,4222758.0,279.28999999999996
,,providers_b,sum_payment_amount,MAD z-score >= 8 (extreme outlier),,10693596.0,1965.74
,,providers_b,sum_payment_amount,MAD z-score >= 8 (extreme outlier),,1047894.0,378.47
,,providers_b,sum_payment_amount,MAD z-score >= 8 (extreme outlier),,68956.0,4225.0
,,providers_b,sum_payment_amount,MAD z-score >= 8 (extreme outlier),,19962.0,465.7
,,providers_b,sum_payment_amount,MAD z-score >= 8 (extreme outlier),,4220268.0,346.36
,,providers_b,sum_payment_amount,MAD z-score >= 8 (extreme outlier),,26623.0,307.7
,,providers_b,sum_payment_amount,MAD z-score >= 8 (extreme outlier),,592724.0,284.12
,,providers_b,sum_payment_amount,MAD z-score >= 8 (extreme outlier),,241111.0,8927.72
,,providers_b,sum_payment_amount,MAD z-score >= 8 (extreme outlier),,231432.0,19531.670000000002
,,providers_b,sum_payment_amount,MAD z-score >= 8 (extreme outlier),,221234.0,2096.88
,,providers_b,sum_payment_amount,MAD z-score >= 8 (extreme outlier),,631067.0,1192.6000000000001
,,providers_b,sum_payment_amount,MAD z-score >= 8 (extreme outlier),,430565.0,23981.23
,,providers_b,sum_payment_amount,MAD z-score >= 8 (extreme outlier),,237969.0,1620.0
,,providers_b,sum_payment_amount,MAD z-score >= 8 (extreme outlier),,11186094.0,673.49
,,providers_b,sum_payment_amount,MAD z-score >= 8 (extreme outlier),,10535844.0,301.18
,,providers_b,sum_payment_amount,MAD z-score >= 8 (extreme outlier),,356075.0,2187.08
,,providers_b,sum_payment_amount,MAD z-score >= 8 (extreme outlier),,10821392.0,384.12
,,providers_b,sum_payment_amount,MAD z-score >= 8 (extreme outlier),,73627.0,306.05
,,providers_b,sum_payment_amount,MAD z-score >= 8 (extreme outlier),,512327.0,392.77
,,providers_b,sum_payment_amount,MAD z-score >= 8 (extreme outlier),,189527.0,2362.5
,,providers_b,sum_payment_amount,MAD z-score >= 8 (extreme outlier),,11189521.0,281.0
,,providers_b,sum_payment_amount,MAD z-score >= 8 (extreme outlier),,670637.0,4635.5599999999995
,,providers_b,sum_payment_amount,MAD z-score >= 8 (extreme outlier),,224261.0,361.13
,,providers_b,sum_payment_amount,MAD z-score >= 8 (extreme outlier),,11291254.0,300.0
,,providers_b,sum_payment_amount,MAD z-score >= 8 (extreme outlier),,112217.0,403.33
,,providers_b,sum_payment_amount,MAD z-score >= 8 (extreme outlier),,1221858.0,2400.0
,,providers_b,sum_payment_amount,MAD z-score >= 8 (extreme outlier),,1155092.0,283.96
,,providers_b,sum_payment_amount,MAD z-score >= 8 (extreme outlier),,11146908.0,2289.63
,,providers_b,sum_payment_amount,MAD z-score >= 8 (extreme outlier),,4900804.0,23222.3
,,providers_b,sum_payment_amount,MAD z-score >= 8 (extreme outlier),,239756.0,276.07
,,providers_b,sum_payment_amount,MAD z-score >= 8 (extreme outlier),,262946.0,522.5
,,providers_b,sum_payment_amount,MAD z-score >= 8 (extreme outlier),,599306.0,304.65000000000003
,,providers_b,sum_payment_amount,MAD z-score >= 8 (extreme outlier),,234877.0,865.44
,,providers_b,sum_payment_amount,MAD z-score >= 8 (extreme outlier),,11075090.0,451.64
,,providers_b,sum_payment_amount,MAD z-score >= 8 (extreme outlier),,59556.0,1610.71
,,providers_b,sum_payment_amount,MAD z-score >= 8 (extreme outlier),,10560622.0,307.49
,,providers_b,sum_payment_amount,MAD z-score >= 8 (extreme outlier),,1120861.0,278.22
,,providers_b,sum_payment_amount,MAD z-score >= 8 (extreme outlier),,777943.0,1000.0
,,providers_b,sum_payment_amount,MAD z-score >= 8 (extreme outlier),,10487556.0,306.97
,,providers_b,sum_payment_amount,MAD z-score >= 8 (extreme outlier),,10750715.0,279.2
,,providers_b,sum_payment_amount,MAD z-score >= 8 (extreme outlier),,5001416.0,751.38
,,providers_b,sum_payment_amount,MAD z-score >= 8 (extreme outlier),,928321.0,1125.22
,,providers_b,sum_payment_amount,MAD z-score >= 8 (extreme outlier),,234535.0,4679.4800000000005
,,providers_b,sum_payment_amount,MAD z-score >= 8 (extreme outlier),,11036001.0,290.81
,,providers_b,sum_payment_amount,MAD z-score >= 8 (extreme outlier),,107951.0,1925.0
,,providers_b,sum_payment_amount,MAD z-score >= 8 (extreme outlier),,4218344.0,2140.62
,,providers_b,sum_payment_amount,MAD z-score >= 8 (extreme outlier),,10683870.0,274.07
,,providers_b,sum_payment_amount,MAD z-score >= 8 (extreme outlier),,11518853.0,322.51
,,providers_b,sum_payment_amount,MAD z-score >= 8 (extreme outlier),,319053.0,35971.38
,,providers_b,sum_payment_amount,MAD z-score >= 8 (extreme outlier),,2781906.0,1029.22
,,providers_b,sum_payment_amount,MAD z-score >= 8 (extreme outlier),,7235302.0,1782.5800000000002
,,providers_b,sum_payment_amount,MAD z-score >= 8 (extreme outlier),,204846.0,11757.32
,,providers_b,sum_payment_amount,MAD z-score >= 8 (extreme outlier),,2827193.0,315.75
,,providers_b,sum_payment_amount,MAD z-score >= 8 (extreme outlier),,599036.0,511.31
,,providers_b,sum_payment_amount,MAD z-score >= 8 (extreme outlier),,4221257.0,283.74
,,providers_b,sum_payment_amount,MAD z-score >= 8 (extreme outlier),,10925831.0,337.7
,,providers_b,sum_payment_amount,MAD z-score >= 8 (extreme outlier),,1023255.0,2915.0
,,providers_b,sum_payment_amount,MAD z-score >= 8 (extreme outlier),,334426.0,957.54
,,providers_b,sum_payment_amount,MAD z-score >= 8 (extreme outlier),,645579.0,6238.299999999999
,,providers_b,sum_payment_amount,MAD z-score >= 8 (extreme outlier),,11223697.0,1599.95
,,providers_b,sum_payment_amount,MAD z-score >= 8 (extreme outlier),,1069239.0,5331.78
,,providers_b,sum_payment_amount,MAD z-score >= 8 (extreme outlier),,725450.0,2336.34
,,providers_b,sum_payment_amount,MAD z-score >= 8 (extreme outlier),,619123.0,775.47
,,providers_b,sum_payment_amount,MAD z-score >= 8 (extreme outlier),,11436834.0,365.6
,,providers_b,sum_payment_amount,MAD z-score >= 8 (extreme outlier),,6633466.0,281.44
,,providers_b,sum_payment_amount,MAD z-score >= 8 (extreme outlier),,713624.0,404.34
,,providers_b,sum_payment_amount,MAD z-score >= 8 (extreme outlier),,184787.0,292.9
,,providers_b,sum_payment_amount,MAD z-score >= 8 (extreme outlier),,2738873.0,10678.58
,,providers_b,sum_payment_amount,MAD z-score >= 8 (extreme outlier),,895249.0,331.9
,,providers_b,sum_payment_amount,MAD z-score >= 8 (extreme outlier),,214476.0,806.04
,,providers_b,sum_payment_amount,MAD z-score >= 8 (extreme outlier),,7230363.0,1428.2
,,providers_b,sum_payment_amount,MAD z-score >= 8 (extreme outlier),,11283681.0,290.81
,,providers_b,sum_payment_amount,MAD z-score >= 8 (extreme outlier),,1368338.0,475.0
,,providers_b,sum_payment_amount,MAD z-score >= 8 (extreme outlier),,11000960.0,1988.38
,,providers_b,sum_payment_amount,MAD z-score >= 8 (extreme outlier),,11252012.0,1847.17
,,providers_b,sum_payment_amount,MAD z-score >= 8 (extreme outlier),,48037.0,6808.71
,,providers_b,sum_payment_amount,MAD z-score >= 8 (extreme outlier),,5698575.0,598.96
,,providers_b,sum_payment_amount,MAD z-score >= 8 (extreme outlier),,4220572.0,44781.9
,,providers_b,sum_payment_amount,MAD z-score >= 8 (extreme outlier),,110062.0,1000.0
,,providers_b,sum_payment_amount,MAD z-score >= 8 (extreme outlier),,245963.0,19298.5
,,providers_b,sum_payment_amount,MAD z-score >= 8 (extreme outlier),,773855.0,9140.0
,,providers_b,sum_payment_amount,MAD z-score >= 8 (extreme outlier),,76369.0,348.46000000000004
,,providers_b,sum_payment_amount,MAD z-score >= 8 (extreme outlier),,2793429.0,2150.6
,,providers_b,sum_payment_amount,MAD z-score >= 8 (extreme outlier),,203618.0,7101.62
,,providers_b,sum_payment_amount,MAD z-score >= 8 (extreme outlier),,4217019.0,355.76
,,providers_b,sum_payment_amount,MAD z-score >= 8 (extreme outlier),,10922712.0,826.29
,,providers_b,sum_payment_amount,MAD z-score >= 8 (extreme outlier),,185718.0,2172.2400000000002
,,providers_b,sum_payment_amount,MAD z-score >= 8 (extreme outlier),,10534397.0,291.93
,,providers_b,sum_payment_amount,MAD z-score >= 8 (extreme outlier),,1046684.0,310.4
,,providers_b,sum_payment_amount,MAD z-score >= 8 (extreme outlier),,1304257.0,1000.0
,,providers_b,sum_payment_amount,MAD z-score >= 8 (extreme outlier),,10777669.0,1077.6599999999999
,,providers_b,sum_payment_amount,MAD z-score >= 8 (extreme outlier),,1313804.0,311.12
,,providers_b,sum_payment_amount,MAD z-score >= 8 (extreme outlier),,5642495.0,504.56
,,providers_b,sum_payment_amount,MAD z-score >= 8 (extreme outlier),,1137215.0,1686.72
,,providers_b,sum_payment_amount,MAD z-score >= 8 (extreme outlier),,147566.0,580.66
,,providers_b,sum_payment_amount,MAD z-score >= 8 (extreme outlier),,1179837.0,697.06
,,providers_b,sum_payment_amount,MAD z-score >= 8 (extreme outlier),,10915843.0,443.8
,,providers_b,sum_payment_amount,MAD z-score >= 8 (extreme outlier),,86047.0,1783.79
,,providers_b,sum_payment_amount,MAD z-score >= 8 (extreme outlier),,11308728.0,283.33
,,providers_b,sum_payment_amount,MAD z-score >= 8 (extreme outlier),,136872.0,368.75
,,providers_b,sum_payment_amount,MAD z-score >= 8 (extreme outlier),,10731467.0,16902.45
,,providers_b,sum_payment_amount,MAD z-score >= 8 (extreme outlier),,267948.0,1460.77
,,providers_b,sum_payment_amount,MAD z-score >= 8 (extreme outlier),,1395363.0,6836.32
,,providers_b,sum_payment_amount,MAD z-score >= 8 (extreme outlier),,8610564.0,1212.03
,,providers_b,sum_payment_amount,MAD z-score >= 8 (extreme outlier),,1253332.0,911.67
,,providers_b,sum_payment_amount,MAD z-score >= 8 (extreme outlier),,280658.0,5041.31
,,providers_b,sum_payment_amount,MAD z-score >= 8 (extreme outlier),,2781851.0,350.25
,,providers_b,sum_payment_amount,MAD z-score >= 8 (extreme outlier),,530472.0,1239.0
,,providers_b,sum_payment_amount,MAD z-score >= 8 (extreme outlier),,11022925.0,473.43
,,providers_b,sum_payment_amount,MAD z-score >= 8 (extreme outlier),,1328408.0,649.18
,,providers_b,sum_payment_amount,MAD z-score >= 8 (extreme outlier),,264487.0,351.67
,,providers_b,sum_payment_amount,MAD z-score >= 8 (extreme outlier),,1283828.0,893.93
,,providers_b,sum_payment_amount,MAD z-score >= 8 (extreme outlier),,11376275.0,397.64
,,providers_b,sum_payment_amount,MAD z-score >= 8 (extreme outlier),,10888120.0,637.03
,,providers_b,sum_payment_amount,MAD z-score >= 8 (extreme outlier),,11118545.0,380.8
,,providers_b,sum_payment_amount,MAD z-score >= 8 (extreme outlier),,5697701.0,318.57
,,providers_b,sum_payment_amount,MAD z-score >= 8 (extreme outlier),,575618.0,953.91
,,providers_b,sum_payment_amount,MAD z-score >= 8 (extreme outlier),,10660848.0,1537.06
,,providers_b,sum_payment_amount,MAD z-score >= 8 (extreme outlier),,337684.0,301.84000000000003
,,providers_b,sum_payment_amount,MAD z-score >= 8 (extreme outlier),,1279697.0,375.0
,,providers_b,sum_payment_amount,MAD z-score >= 8 (extreme outlier),,734234.0,609.51
,,providers_b,sum_payment_amount,MAD z-score >= 8 (extreme outlier),,11205598.0,355.54999999999995
,,providers_b,sum_payment_amount,MAD z-score >= 8 (extreme outlier),,11034484.0,307.18
,,providers_b,sum_payment_amount,MAD z-score >= 8 (extreme outlier),,92928.0,990.91
,,providers_b,sum_payment_amount,MAD z-score >= 8 (extreme outlier),,837620.0,325.25
,,providers_b,sum_payment_amount,MAD z-score >= 8 (extreme outlier),,123088.0,15000.0
,,providers_b,sum_payment_amount,MAD z-score >= 8 (extreme outlier),,607122.0,2463.35
,,providers_b,sum_payment_amount,MAD z-score >= 8 (extreme outlier),,515462.0,9764.05
,,providers_b,sum_payment_amount,MAD z-score >= 8 (extreme outlier),,13811.0,852.12
,,providers_b,sum_payment_amount,MAD z-score >= 8 (extreme outlier),,228296.0,319.37
,,providers_b,sum_payment_amount,MAD z-score >= 8 (extreme outlier),,338062.0,961.14
,,providers_b,sum_payment_amount,MAD z-score >= 8 (extreme outlier),,117407.0,549.79
,,providers_b,sum_payment_amount,MAD z-score >= 8 (extreme outlier),,1034721.0,914.4200000000001
,,providers_b,sum_payment_amount,MAD z-score >= 8 (extreme outlier),,8802067.0,296.75
,,providers_b,sum_payment_amount,MAD z-score >= 8 (extreme outlier),,483106.0,800.0
,,providers_b,sum_payment_amount,MAD z-score >= 8 (extreme outlier),,10676572.0,920.7
,,providers_b,sum_payment_amount,MAD z-score >= 8 (extreme outlier),,4217966.0,282.54
,,providers_b,sum_payment_amount,MAD z-score >= 8 (extreme outlier),,143390.0,392.06
,,providers_b,sum_payment_amount,MAD z-score >= 8 (extreme outlier),,234268.0,275.63
,,providers_b,sum_payment_amount,MAD z-score >= 8 (extreme outlier),,83946.0,2187.5
,,providers_b,sum_payment_amount,MAD z-score >= 8 (extreme outlier),,11364345.0,298.93
,,providers_b,sum_payment_amount,MAD z-score >= 8 (extreme outlier),,10596072.0,373.19
,,providers_b,sum_payment_amount,MAD z-score >= 8 (extreme outlier),,468762.0,3054.12
,,providers_b,sum_payment_amount,MAD z-score >= 8 (extreme outlier),,245147.0,526.85
,,providers_b,sum_payment_amount,MAD z-score >= 8 (extreme outlier),,8793910.0,432.49
,,providers_b,sum_payment_amount,MAD z-score >= 8 (extreme outlier),,188432.0,2068.28
,,providers_b,sum_payment_amount,MAD z-score >= 8 (extreme outlier),,11213466.0,352.5
,,providers_b,sum_payment_amount,MAD z-score >= 8 (extreme outlier),,3549534.0,1551.67
,,providers_b,sum_payment_amount,MAD z-score >= 8 (extreme outlier),,129361.0,284.52
,,providers_b,sum_payment_amount,MAD z-score >= 8 (extreme outlier),,560295.0,500.39
,,providers_b,sum_payment_amount,MAD z-score >= 8 (extreme outlier),,688733.0,314.2
,,providers_b,sum_payment_amount,MAD z-score >= 8 (extreme outlier),,782966.0,24489.83
,,providers_b,sum_payment_amount,MAD z-score >= 8 (extreme outlier),,277365.0,5876.54
,,providers_b,sum_payment_amount,MAD z-score >= 8 (extreme outlier),,801602.0,310.09
,,providers_b,sum_payment_amount,MAD z-score >= 8 (extreme outlier),,124303.0,4846.6900000000005
,,providers_b,sum_payment_amount,MAD z-score >= 8 (extreme outlier),,321368.0,367.74
,,providers_b,sum_payment_amount,MAD z-score >= 8 (extreme outlier),,280873.0,607.18
,,providers_b,sum_payment_amount,MAD z-score >= 8 (extreme outlier),,117461.0,263533.02
,,providers_b,sum_payment_amount,MAD z-score >= 8 (extreme outlier),,780441.0,2573.75
,,providers_b,sum_payment_amount,MAD z-score >= 8 (extreme outlier),,224753.0,445.21
,,providers_b,sum_payment_amount,MAD z-score >= 8 (extreme outlier),,5703334.0,395.51
,,providers_b,sum_payment_amount,MAD z-score >= 8 (extreme outlier),,94682.0,281.75
,,providers_b,sum_payment_amount,MAD z-score >= 8 (extreme outlier),,11316719.0,276.34000000000003
,,providers_b,sum_payment_amount,MAD z-score >= 8 (extreme outlier),,1294882.0,1200.0
,,providers_b,sum_payment_amount,MAD z-score >= 8 (extreme outlier),,9628176.0,387.58
,,providers_b,sum_payment_amount,MAD z-score >= 8 (extreme outlier),,11002387.0,285.31
,,providers_b,sum_payment_amount,MAD z-score >= 8 (extreme outlier),,703361.0,350.0
,,providers_b,sum_payment_amount,MAD z-score >= 8 (extreme outlier),,71999.0,12710.8
,,providers_b,sum_payment_amount,MAD z-score >= 8 (extreme outlier),,10426681.0,329.59
,,providers_b,sum_payment_amount,MAD z-score >= 8 (extreme outlier),,462126.0,37930.24
,,providers_b,sum_payment_amount,MAD z-score >= 8 (extreme outlier),,11089572.0,332.53
,,providers_b,sum_payment_amount,MAD z-score >= 8 (extreme outlier),,1069242.0,1200.0
,,providers_b,sum_payment_amount,MAD z-score >= 8 (extreme outlier),,357725.0,731.01
,,providers_b,sum_payment_amount,MAD z-score >= 8 (extreme outlier),,5507329.0,1207.9
,,providers_b,sum_payment_amount,MAD z-score >= 8 (extreme outlier),,10541260.0,279.62
,,providers_b,sum_payment_amount,MAD z-score >= 8 (extreme outlier),,7710927.0,279.85
,,providers_b,sum_payment_amount,MAD z-score >= 8 (extreme outlier),,11100217.0,312.9
,,providers_b,sum_payment_amount,MAD z-score >= 8 (extreme outlier),,2792910.0,439.98
,,providers_b,sum_payment_amount,MAD z-score >= 8 (extreme outlier),,2975399.0,1088.69
,,providers_b,sum_payment_amount,MAD z-score >= 8 (extreme outlier),,1786460.0,500.0
,,providers_b,sum_payment_amount,MAD z-score >= 8 (extreme outlier),,11162933.0,4114.44
,,providers_b,sum_payment_amount,MAD z-score >= 8 (extreme outlier),,934748.0,470.28999999999996
,,providers_b,sum_payment_amount,MAD z-score >= 8 (extreme outlier),,10566909.0,290.37
,,providers_b,sum_payment_amount,MAD z-score >= 8 (extreme outlier),,10859893.0,280.93
,,providers_b,sum_payment_amount,MAD z-score >= 8 (extreme outlier),,11497352.0,837.2900000000001
,,providers_b,sum_payment_amount,MAD z-score >= 8 (extreme outlier),,78753.0,47555.6
,,providers_b,sum_payment_amount,MAD z-score >= 8 (extreme outlier),,10072273.0,669.12
,,providers_b,sum_payment_amount,MAD z-score >= 8 (extreme outlier),,1204236.0,1381.61
,,providers_b,sum_payment_amount,MAD z-score >= 8 (extreme outlier),,1298802.0,14544.1
,,providers_b,sum_payment_amount,MAD z-score >= 8 (extreme outlier),,11055186.0,465.93
,,providers_b,sum_payment_amount,MAD z-score >= 8 (extreme outlier),,10993227.0,5211.61
,,providers_b,sum_payment_amount,MAD z-score >= 8 (extreme outlier),,257679.0,300.35
,,providers_b,sum_payment_amount,MAD z-score >= 8 (extreme outlier),,1203081.0,1317.31
,,providers_b,sum_payment_amount,MAD z-score >= 8 (extreme outlier),,10774941.0,280.79
,,providers_b,sum_payment_amount,MAD z-score >= 8 (extreme outlier),,777671.0,6600.0
,,providers_b,sum_payment_amount,MAD z-score >= 8 (extreme outlier),,1345470.0,364.97
,,providers_b,sum_payment_amount,MAD z-score >= 8 (extreme outlier),,1048154.0,298.09
,,providers_b,sum_payment_amount,MAD z-score >= 8 (extreme outlier),,291624.0,318.91
,,providers_b,sum_payment_amount,MAD z-score >= 8 (extreme outlier),,11071231.0,376.28999999999996
,,providers_b,sum_payment_amount,MAD z-score >= 8 (extreme outlier),,2138937.0,425.07
,,providers_b,sum_payment_amount,MAD z-score >= 8 (extreme outlier),,654734.0,1000.0
,,providers_b,sum_payment_amount,MAD z-score >= 8 (extreme outlier),,78510.0,331.71
,,providers_b,sum_payment_amount,MAD z-score >= 8 (extreme outlier),,711983.0,275.0
,,providers_b,sum_payment_amount,MAD z-score >= 8 (extreme outlier),,794146.0,830.22
,,providers_b,sum_payment_amount,MAD z-score >= 8 (extreme outlier),,1152008.0,373.28999999999996
,,providers_b,sum_payment_amount,MAD z-score >= 8 (extreme outlier),,2003688.0,1167.03
,,providers_b,sum_payment_amount,MAD z-score >= 8 (extreme outlier),,266146.0,4891.37
,,providers_b,sum_payment_amount,MAD z-score >= 8 (extreme outlier),,201915.0,291.11
,,providers_b,sum_payment_amount,MAD z-score >= 8 (extreme outlier),,11060463.0,391.96000000000004
,,providers_b,sum_payment_amount,MAD z-score >= 8 (extreme outlier),,144421.0,12443.789999999999
,,providers_b,sum_payment_amount,MAD z-score >= 8 (extreme outlier),,699068.0,554.16
,,providers_b,sum_payment_amount,MAD z-score >= 8 (extreme outlier),,89897.0,1293.12
,,providers_b,sum_payment_amount,MAD z-score >= 8 (extreme outlier),,56881.0,370.3
,,providers_b,sum_payment_amount,MAD z-score >= 8 (extreme outlier),,671427.0,1056.79
,,providers_b,sum_payment_amount,MAD z-score >= 8 (extreme outlier),,10447124.0,276.23
,,providers_b,sum_payment_amount,MAD z-score >= 8 (extreme outlier),,6384850.0,317.33
,,providers_b,sum_payment_amount,MAD z-score >= 8 (extreme outlier),,137613.0,405.40000000000003
,,providers_b,sum_payment_amount,MAD z-score >= 8 (extreme outlier),,121398.0,276.19
,,providers_b,sum_payment_amount,MAD z-score >= 8 (extreme outlier),,286772.0,282.99
,,providers_b,sum_payment_amount,MAD z-score >= 8 (extreme outlier),,10520432.0,521.55
,,providers_b,sum_payment_amount,MAD z-score >= 8 (extreme outlier),,93551.0,289.35
,,providers_b,sum_payment_amount,MAD z-score >= 8 (extreme outlier),,83101.0,487.6
,,providers_b,sum_payment_amount,MAD z-score >= 8 (extreme outlier),,2784872.0,1509.23
,,providers_b,sum_payment_amount,MAD z-score >= 8 (extreme outlier),,1009358.0,275.68
,,providers_b,sum_payment_amount,MAD z-score >= 8 (extreme outlier),,921498.0,1779.63
,,providers_b,sum_payment_amount,MAD z-score >= 8 (extreme outlier),,282280.0,5233.4
,,providers_b,sum_payment_amount,MAD z-score >= 8 (extreme outlier),,1286804.0,286.31
,,providers_b,sum_payment_amount,MAD z-score >= 8 (extreme outlier),,251942.0,370.44
,,providers_b,sum_payment_amount,MAD z-score >= 8 (extreme outlier),,175664.0,455.36
,,providers_b,sum_payment_amount,MAD z-score >= 8 (extreme outlier),,1301784.0,24384.56
,,providers_b,sum_payment_amount,MAD z-score >= 8 (extreme outlier),,10779718.0,295.11
,,providers_b,sum_payment_amount,MAD z-score >= 8 (extreme outlier),,269571.0,420.0
,,providers_b,sum_payment_amount,MAD z-score >= 8 (extreme outlier),,36361.0,500.0
,,providers_b,sum_payment_amount,MAD z-score >= 8 (extreme outlier),,8790116.0,6448.59
,,providers_b,sum_payment_amount,MAD z-score >= 8 (extreme outlier),,140887.0,639.14
,,providers_b,sum_payment_amount,MAD z-score >= 8 (extreme outlier),,69150.0,317.4
,,providers_b,sum_payment_amount,MAD z-score >= 8 (extreme outlier),,1387831.0,390.22
,,providers_b,sum_payment_amount,MAD z-score >= 8 (extreme outlier),,1276897.0,346.6
,,providers_b,sum_payment_amount,MAD z-score >= 8 (extreme outlier),,8790562.0,708.96
,,providers_b,sum_payment_amount,MAD z-score >= 8 (extreme outlier),,1067385.0,417.53999999999996
,,providers_b,sum_payment_amount,MAD z-score >= 8 (extreme outlier),,417413.0,7337.5
,,providers_b,sum_payment_amount,MAD z-score >= 8 (extreme outlier),,259556.0,357.04
,,providers_b,sum_payment_amount,MAD z-score >= 8 (extreme outlier),,386554.0,2740.11
,,providers_b,sum_payment_amount,MAD z-score >= 8 (extreme outlier),,1338866.0,13597.95
,,providers_b,sum_payment_amount,MAD z-score >= 8 (extreme outlier),,10892653.0,1706.8999999999999
,,providers_b,sum_payment_amount,MAD z-score >= 8 (extreme outlier),,1098475.0,2400.0
,,providers_b,sum_payment_amount,MAD z-score >= 8 (extreme outlier),,1318740.0,9209.63
,,providers_b,sum_payment_amount,MAD z-score >= 8 (extreme outlier),,923189.0,413.48
,,providers_b,sum_payment_amount,MAD z-score >= 8 (extreme outlier),,11096320.0,462.47
,,providers_b,sum_payment_amount,MAD z-score >= 8 (extreme outlier),,815607.0,1540.3000000000002
,,providers_b,sum_payment_amount,MAD z-score >= 8 (extreme outlier),,1324821.0,8640.35
,,providers_b,sum_payment_amount,MAD z-score >= 8 (extreme outlier),,349905.0,320.23
,,providers_b,sum_payment_amount,MAD z-score >= 8 (extreme outlier),,10439282.0,3125.56
,,providers_b,sum_payment_amount,MAD z-score >= 8 (extreme outlier),,3115580.0,375.42
,,providers_b,sum_payment_amount,MAD z-score >= 8 (extreme outlier),,36807.0,453.29
,,providers_b,sum_payment_amount,MAD z-score >= 8 (extreme outlier),,274133.0,325.41
,,providers_b,sum_payment_amount,MAD z-score >= 8 (extreme outlier),,208274.0,408.69
,,providers_b,sum_payment_amount,MAD z-score >= 8 (extreme outlier),,3418865.0,3085.6099999999997
,,providers_b,sum_payment_amount,MAD z-score >= 8 (extreme outlier),,65079.0,2905.0
,,providers_b,sum_payment_amount,MAD z-score >= 8 (extreme outlier),,26531.0,421.15
,,providers_b,sum_payment_amount,MAD z-score >= 8 (extreme outlier),,114874.0,291.43
,,providers_b,sum_payment_amount,MAD z-score >= 8 (extreme outlier),,893759.0,923.7
,,providers_b,sum_payment_amount,MAD z-score >= 8 (extreme outlier),,342787.0,10800.0
,,providers_b,sum_payment_amount,MAD z-score >= 8 (extreme outlier),,357480.0,3480.0
,,providers_b,sum_payment_amount,MAD z-score >= 8 (extreme outlier),,4263.0,20185.66
,,providers_b,sum_payment_amount,MAD z-score >= 8 (extreme outlier),,598818.0,553.85
,,providers_b,sum_payment_amount,MAD z-score >= 8 (extreme outlier),,239193.0,299.21000000000004
,,providers_b,sum_payment_amount,MAD z-score >= 8 (extreme outlier),,11341676.0,1470.0
,,providers_b,sum_payment_amount,MAD z-score >= 8 (extreme outlier),,10893806.0,352.48
,,providers_b,sum_payment_amount,MAD z-score >= 8 (extreme outlier),,245667.0,550.0
,,providers_b,sum_payment_amount,MAD z-score >= 8 (extreme outlier),,239113.0,2218.1
,,providers_b,sum_payment_amount,MAD z-score >= 8 (extreme outlier),,11439652.0,323.93
,,providers_b,sum_payment_amount,MAD z-score >= 8 (extreme outlier),,2918510.0,279.33
,,providers_b,sum_payment_amount,MAD z-score >= 8 (extreme outlier),,4219716.0,354.53999999999996
,,providers_b,sum_payment_amount,MAD z-score >= 8 (extreme outlier),,10684003.0,399.43
,,providers_b,sum_payment_amount,MAD z-score >= 8 (extreme outlier),,11156683.0,274.76
,,providers_b,sum_payment_amount,MAD z-score >= 8 (extreme outlier),,314584.0,18000.0
,,providers_b,sum_payment_amount,MAD z-score >= 8 (extreme outlier),,1041797.0,4000.0
,,providers_b,sum_payment_amount,MAD z-score >= 8 (extreme outlier),,11178539.0,499.78
,,providers_b,sum_payment_amount,MAD z-score >= 8 (extreme outlier),,11021362.0,342.62
,,providers_b,sum_payment_amount,MAD z-score >= 8 (extreme outlier),,332961.0,343.31
,,providers_b,sum_payment_amount,MAD z-score >= 8 (extreme outlier),,263341.0,4248.14
,,providers_b,sum_payment_amount,MAD z-score >= 8 (extreme outlier),,11147477.0,630.62
,,providers_b,sum_payment_amount,MAD z-score >= 8 (extreme outlier),,226872.0,6460.34
,,providers_b,sum_payment_amount,MAD z-score >= 8 (extreme outlier),,318695.0,1344.8
,,providers_b,sum_payment_amount,MAD z-score >= 8 (extreme outlier),,1628202.0,2458.25
,,providers_b,sum_payment_amount,MAD z-score >= 8 (extreme outlier),,1305941.0,346.43
,,providers_b,sum_payment_amount,MAD z-score >= 8 (extreme outlier),,655206.0,318.33
,,providers_b,sum_payment_amount,MAD z-score >= 8 (extreme outlier),,2803740.0,437.5
,,providers_b,sum_payment_amount,MAD z-score >= 8 (extreme outlier),,665837.0,309.3
,,providers_b,sum_payment_amount,MAD z-score >= 8 (extreme outlier),,38028.0,1811.44
,,providers_b,sum_payment_amount,MAD z-score >= 8 (extreme outlier),,11104413.0,346.3
,,providers_b,sum_payment_amount,MAD z-score >= 8 (extreme outlier),,229269.0,470.38
,,providers_b,sum_payment_amount,MAD z-score >= 8 (extreme outlier),,242015.0,6669.89
,,providers_b,sum_payment_amount,MAD z-score >= 8 (extreme outlier),,97010.0,1603.3500000000001
,,providers_b,sum_payment_amount,MAD z-score >= 8 (extreme outlier),,1352682.0,274.78
,,providers_b,sum_payment_amount,MAD z-score >= 8 (extreme outlier),,228581.0,411.4
,,providers_b,sum_payment_amount,MAD z-score >= 8 (extreme outlier),,3395290.0,429.49
,,providers_b,sum_payment_amount,MAD z-score >= 8 (extreme outlier),,357175.0,294.59
,,providers_b,sum_payment_amount,MAD z-score >= 8 (extreme outlier),,11068103.0,383.39
,,providers_b,sum_payment_amount,MAD z-score >= 8 (extreme outlier),,11283682.0,1870.49
,,providers_b,sum_payment_amount,MAD z-score >= 8 (extreme outlier),,77551.0,2259.82
,,providers_b,sum_payment_amount,MAD z-score >= 8 (extreme outlier),,6653742.0,458.92
,,providers_b,sum_payment_amount,MAD z-score >= 8 (extreme outlier),,1383270.0,468.83
,,providers_b,sum_payment_amount,MAD z-score >= 8 (extreme outlier),,741916.0,2500.0
,,providers_b,sum_payment_amount,MAD z-score >= 8 (extreme outlier),,11343503.0,558.3
,,providers_b,sum_payment_amount,MAD z-score >= 8 (extreme outlier),,333057.0,307.63
,,providers_b,sum_payment_amount,MAD z-score >= 8 (extreme outlier),,1116168.0,17054.81
,,providers_b,sum_payment_amount,MAD z-score >= 8 (extreme outlier),,349433.0,301.94
,,providers_b,sum_payment_amount,MAD z-score >= 8 (extreme outlier),,1281765.0,73266.23
,,providers_b,sum_payment_amount,MAD z-score >= 8 (extreme outlier),,82435.0,317.01
,,providers_b,sum_payment_amount,MAD z-score >= 8 (extreme outlier),,2782110.0,731.01
,,providers_b,sum_payment_amount,MAD z-score >= 8 (extreme outlier),,1140681.0,291.79
,,providers_b,sum_payment_amount,MAD z-score >= 8 (extreme outlier),,148605.0,316.21999999999997
,,providers_b,sum_payment_amount,MAD z-score >= 8 (extreme outlier),,11320079.0,474.08000000000004
,,providers_b,sum_payment_amount,MAD z-score >= 8 (extreme outlier),,10867060.0,1165.15
,,providers_b,sum_payment_amount,MAD z-score >= 8 (extreme outlier),,1211593.0,683.67
,,providers_b,sum_payment_amount,MAD z-score >= 8 (extreme outlier),,473493.0,289.2
,,providers_b,sum_payment_amount,MAD z-score >= 8 (extreme outlier),,1401592.0,1170.5900000000001
,,providers_b,sum_payment_amount,MAD z-score >= 8 (extreme outlier),,70384.0,478.36
,,providers_b,sum_payment_amount,MAD z-score >= 8 (extreme outlier),,483146.0,648.1
,,providers_b,sum_payment_amount,MAD z-score >= 8 (extreme outlier),,7225312.0,359.06
,,providers_b,sum_payment_amount,MAD z-score >= 8 (extreme outlier),,1180115.0,2016.31
,,providers_b,sum_payment_amount,MAD z-score >= 8 (extreme outlier),,191855.0,353.05
,,providers_b,sum_payment_amount,MAD z-score >= 8 (extreme outlier),,98335.0,304.1
,,providers_b,sum_payment_amount,MAD z-score >= 8 (extreme outlier),,764508.0,411.87
,,providers_b,sum_payment_amount,MAD z-score >= 8 (extreme outlier),,10753041.0,1928.8899999999999
,,providers_b,sum_payment_amount,MAD z-score >= 8 (extreme outlier),,11356206.0,323.37
,,providers_b,sum_payment_amount,MAD z-score >= 8 (extreme outlier),,1379200.0,312.54
,,providers_b,sum_payment_amount,MAD z-score >= 8 (extreme outlier),,362054.0,313.3
,,providers_b,sum_payment_amount,MAD z-score >= 8 (extreme outlier),,4709231.0,1050.07
,,providers_b,sum_payment_amount,MAD z-score >= 8 (extreme outlier),,2781784.0,311.74
,,providers_b,sum_payment_amount,MAD z-score >= 8 (extreme outlier),,797537.0,602.53
,,providers_b,sum_payment_amount,MAD z-score >= 8 (extreme outlier),,131599.0,285.63
,,providers_b,sum_payment_amount,MAD z-score >= 8 (extreme outlier),,11338148.0,508.57
,,providers_b,sum_payment_amount,MAD z-score >= 8 (extreme outlier),,1033093.0,480.72
,,providers_b,sum_payment_amount,MAD z-score >= 8 (extreme outlier),,11341915.0,276.95
,,providers_b,sum_payment_amount,MAD z-score >= 8 (extreme outlier),,293980.0,6885.27
,,providers_b,sum_payment_amount,MAD z-score >= 8 (extreme outlier),,2787168.0,274.14
,,providers_b,sum_payment_amount,MAD z-score >= 8 (extreme outlier),,1022178.0,526.01
,,providers_b,sum_payment_amount,MAD z-score >= 8 (extreme outlier),,4087685.0,503.85
,,providers_b,sum_payment_amount,MAD z-score >= 8 (extreme outlier),,557977.0,1352.5
,,providers_b,sum_payment_amount,MAD z-score >= 8 (extreme outlier),,635722.0,1750.0
,,providers_b,sum_payment_amount,MAD z-score >= 8 (extreme outlier),,1149592.0,517.5799999999999
,,providers_b,sum_payment_amount,MAD z-score >= 8 (extreme outlier),,10766366.0,277.15
,,providers_b,sum_payment_amount,MAD z-score >= 8 (extreme outlier),,494956.0,588.83
,,providers_b,sum_payment_amount,MAD z-score >= 8 (extreme outlier),,32047.0,290.47
,,providers_b,sum_payment_amount,MAD z-score >= 8 (extreme outlier),,260435.0,11091.59
,,providers_b,sum_payment_amount,MAD z-score >= 8 (extreme outlier),,524763.0,722.9
,,providers_b,sum_payment_amount,MAD z-score >= 8 (extreme outlier),,575606.0,600.0
,,providers_b,sum_payment_amount,MAD z-score >= 8 (extreme outlier),,48145.0,3000.0
,,providers_b,sum_payment_amount,MAD z-score >= 8 (extreme outlier),,186996.0,13435.5
,,providers_b,sum_payment_amount,MAD z-score >= 8 (extreme outlier),,501374.0,320.89
,,providers_b,sum_payment_amount,MAD z-score >= 8 (extreme outlier),,100196.0,2319.7599999999998
,,providers_b,sum_payment_amount,MAD z-score >= 8 (extreme outlier),,1294871.0,339.42
,,providers_b,sum_payment_amount,MAD z-score >= 8 (extreme outlier),,70043.0,295.74
,,providers_b,sum_payment_amount,MAD z-score >= 8 (extreme outlier),,587053.0,25287.61
,,providers_b,sum_payment_amount,MAD z-score >= 8 (extreme outlier),,11341308.0,4244.86
,,providers_b,sum_payment_amount,MAD z-score >= 8 (extreme outlier),,5599721.0,277.06
,,providers_b,sum_payment_amount,MAD z-score >= 8 (extreme outlier),,928159.0,1730.87
,,providers_b,sum_payment_amount,MAD z-score >= 8 (extreme outlier),,100074.0,505.45
,,providers_b,sum_payment_amount,MAD z-score >= 8 (extreme outlier),,372165.0,1312.94
,,providers_b,sum_payment_amount,MAD z-score >= 8 (extreme outlier),,11920.0,961.3000000000001
,,providers_b,sum_payment_amount,MAD z-score >= 8 (extreme outlier),,7230806.0,309.04999999999995
,,providers_b,sum_payment_amount,MAD z-score >= 8 (extreme outlier),,53842.0,1700.8600000000001
,,providers_b,sum_payment_amount,MAD z-score >= 8 (extreme outlier),,114007.0,280.88
,,providers_b,sum_payment_amount,MAD z-score >= 8 (extreme outlier),,237566.0,396.92
,,providers_b,sum_payment_amount,MAD z-score >= 8 (extreme outlier),,340582.0,13802.34
,,providers_b,sum_payment_amount,MAD z-score >= 8 (extreme outlier),,1190635.0,7272.65
,,providers_b,sum_payment_amount,MAD z-score >= 8 (extreme outlier),,11232022.0,2120.37
,,providers_b,sum_payment_amount,MAD z-score >= 8 (extreme outlier),,128911.0,499.38
,,providers_b,sum_payment_amount,MAD z-score >= 8 (extreme outlier),,767815.0,985.04
,,providers_b,sum_payment_amount,MAD z-score >= 8 (extreme outlier),,32666.0,23612.68
,,providers_b,sum_payment_amount,MAD z-score >= 8 (extreme outlier),,1161312.0,1251.16
,,providers_b,sum_payment_amount,MAD z-score >= 8 (extreme outlier),,135280.0,31420.23
,,providers_b,sum_payment_amount,MAD z-score >= 8 (extreme outlier),,1012751.0,3736.19
,,providers_b,sum_payment_amount,MAD z-score >= 8 (extreme outlier),,1388009.0,1821.16
,,providers_b,sum_payment_amount,MAD z-score >= 8 (extreme outlier),,10771081.0,322.95
,,providers_b,sum_payment_amount,MAD z-score >= 8 (extreme outlier),,112842.0,300.9
,,providers_b,sum_payment_amount,MAD z-score >= 8 (extreme outlier),,11272437.0,557.4
,,providers_b,sum_payment_amount,MAD z-score >= 8 (extreme outlier),,37501.0,623.06
,,providers_b,sum_payment_amount,MAD z-score >= 8 (extreme outlier),,205679.0,3480.0
,,providers_b,sum_payment_amount,MAD z-score >= 8 (extreme outlier),,1391730.0,1343.79
,,providers_b,sum_payment_amount,MAD z-score >= 8 (extreme outlier),,195335.0,280.36
,,providers_b,sum_payment_amount,MAD z-score >= 8 (extreme outlier),,1134714.0,4000.0
,,providers_b,sum_payment_amount,MAD z-score >= 8 (extreme outlier),,995908.0,787.5
,,providers_b,sum_payment_amount,MAD z-score >= 8 (extreme outlier),,9690873.0,11333.0
,,providers_b,sum_payment_amount,MAD z-score >= 8 (extreme outlier),,768156.0,463.54
,,providers_b,sum_payment_amount,MAD z-score >= 8 (extreme outlier),,10771588.0,276.39
,,providers_b,sum_payment_amount,MAD z-score >= 8 (extreme outlier),,719568.0,917.37
,,providers_b,sum_payment_amount,MAD z-score >= 8 (extreme outlier),,191893.0,38349.62
,,providers_b,sum_payment_amount,MAD z-score >= 8 (extreme outlier),,562960.0,491.8
,,providers_b,sum_payment_amount,MAD z-score >= 8 (extreme outlier),,16603.0,2621.86
,,providers_b,sum_payment_amount,MAD z-score >= 8 (extreme outlier),,11101227.0,549.8
,,providers_b,sum_payment_amount,MAD z-score >= 8 (extreme outlier),,5690031.0,332.25
,,providers_b,sum_payment_amount,MAD z-score >= 8 (extreme outlier),,93758.0,3375.0
,,providers_b,sum_payment_amount,MAD z-score >= 8 (extreme outlier),,443837.0,383.59
,,providers_b,sum_payment_amount,MAD z-score >= 8 (extreme outlier),,263242.0,397.5
,,providers_b,sum_payment_amount,MAD z-score >= 8 (extreme outlier),,72649.0,1950.0
,,providers_b,sum_payment_amount,MAD z-score >= 8 (extreme outlier),,290029.0,600.0
,,providers_b,sum_payment_amount,MAD z-score >= 8 (extreme outlier),,5047953.0,1649.0
,,providers_b,sum_payment_amount,MAD z-score >= 8 (extreme outlier),,1353367.0,294.2
,,providers_b,sum_payment_amount,MAD z-score >= 8 (extreme outlier),,11106471.0,575.1899999999999
,,providers_b,sum_payment_amount,MAD z-score >= 8 (extreme outlier),,49568.0,1875.97
,,providers_b,sum_payment_amount,MAD z-score >= 8 (extreme outlier),,11212973.0,554.42
,,providers_b,sum_payment_amount,MAD z-score >= 8 (extreme outlier),,5485.0,274.03
,,providers_b,sum_payment_amount,MAD z-score >= 8 (extreme outlier),,330040.0,1246.1
,,providers_b,sum_payment_amount,MAD z-score >= 8 (extreme outlier),,368532.0,3625.0
,,providers_b,sum_payment_amount,MAD z-score >= 8 (extreme outlier),,10889949.0,1260.55
,,providers_b,sum_payment_amount,MAD z-score >= 8 (extreme outlier),,1416142.0,312.22
,,providers_b,sum_payment_amount,MAD z-score >= 8 (extreme outlier),,1392549.0,785.2
,,providers_b,sum_payment_amount,MAD z-score >= 8 (extreme outlier),,326048.0,6300.0
,,providers_b,sum_payment_amount,MAD z-score >= 8 (extreme outlier),,9803104.0,319.96
,,providers_b,sum_payment_amount,MAD z-score >= 8 (extreme outlier),,1276362.0,535.11
,,providers_b,sum_payment_amount,MAD z-score >= 8 (extreme outlier),,5423986.0,7500.0
,,providers_b,sum_payment_amount,MAD z-score >= 8 (extreme outlier),,3598241.0,593.25
,,providers_b,sum_payment_amount,MAD z-score >= 8 (extreme outlier),,11407900.0,306.54
,,providers_b,sum_payment_amount,MAD z-score >= 8 (extreme outlier),,180185.0,307.52
,,providers_b,sum_payment_amount,MAD z-score >= 8 (extreme outlier),,246256.0,440.65
,,providers_b,sum_payment_amount,MAD z-score >= 8 (extreme outlier),,891212.0,1385.41
,,providers_b,sum_payment_amount,MAD z-score >= 8 (extreme outlier),,10872758.0,282.48
,,providers_b,sum_payment_amount,MAD z-score >= 8 (extreme outlier),,217588.0,495.32
,,providers_b,sum_payment_amount,MAD z-score >= 8 (extreme outlier),,384166.0,1578.14
,,providers_b,sum_payment_amount,MAD z-score >= 8 (extreme outlier),,241418.0,86652.17
,,providers_b,sum_payment_amount,MAD z-score >= 8 (extreme outlier),,1364570.0,1930.05
,,providers_b,sum_payment_amount,MAD z-score >= 8 (extreme outlier),,1223899.0,5712.34
,,providers_b,sum_payment_amount,MAD z-score >= 8 (extreme outlier),,624655.0,499.53000000000003
,,providers_b,sum_payment_amount,MAD z-score >= 8 (extreme outlier),,10805814.0,1109.52
,,providers_b,sum_payment_amount,MAD z-score >= 8 (extreme outlier),,317295.0,399.09
,,providers_b,sum_payment_amount,MAD z-score >= 8 (extreme outlier),,10546913.0,336.06
,,providers_b,sum_payment_amount,MAD z-score >= 8 (extreme outlier),,735939.0,24152.62
,,providers_b,sum_payment_amount,MAD z-score >= 8 (extreme outlier),,10881034.0,286.65
,,providers_b,sum_payment_amount,MAD z-score >= 8 (extreme outlier),,11425761.0,64425.85
,,providers_b,sum_payment_amount,MAD z-score >= 8 (extreme outlier),,138423.0,1529.64
,,providers_b,sum_payment_amount,MAD z-score >= 8 (extreme outlier),,79028.0,1944.36
,,providers_b,sum_payment_amount,MAD z-score >= 8 (extreme outlier),,117614.0,18249.59
,,providers_b,sum_payment_amount,MAD z-score >= 8 (extreme outlier),,1000998.0,494.37
,,providers_b,sum_payment_amount,MAD z-score >= 8 (extreme outlier),,4221807.0,1512.45
,,providers_b,sum_payment_amount,MAD z-score >= 8 (extreme outlier),,1138225.0,2109.41
,,providers_b,sum_payment_amount,MAD z-score >= 8 (extreme outlier),,270531.0,538.99
,,providers_b,sum_payment_amount,MAD z-score >= 8 (extreme outlier),,343875.0,427.88
,,providers_b,sum_payment_amount,MAD z-score >= 8 (extreme outlier),,1162459.0,339.17
,,providers_b,sum_payment_amount,MAD z-score >= 8 (extreme outlier),,237124.0,364.37
,,providers_b,sum_payment_amount,MAD z-score >= 8 (extreme outlier),,1028649.0,387.5
,,providers_b,sum_payment_amount,MAD z-score >= 8 (extreme outlier),,314541.0,515.4
,,providers_b,sum_payment_amount,MAD z-score >= 8 (extreme outlier),,5715016.0,5762.5
,,providers_b,sum_payment_amount,MAD z-score >= 8 (extreme outlier),,700106.0,585.0
,,providers_b,sum_payment_amount,MAD z-score >= 8 (extreme outlier),,5001118.0,1024.3700000000001
,,providers_b,sum_payment_amount,MAD z-score >= 8 (extreme outlier),,143282.0,743.37
,,providers_b,sum_payment_amount,MAD z-score >= 8 (extreme outlier),,1006216.0,1893.27
,,providers_b,sum_payment_amount,MAD z-score >= 8 (extreme outlier),,404404.0,287.59000000000003
,,providers_b,sum_payment_amount,MAD z-score >= 8 (extreme outlier),,5693280.0,2054.01
,,providers_b,sum_payment_amount,MAD z-score >= 8 (extreme outlier),,720793.0,19925.0
,,providers_b,sum_payment_amount,MAD z-score >= 8 (extreme outlier),,184908.0,1604.0
,,providers_b,sum_payment_amount,MAD z-score >= 8 (extreme outlier),,89969.0,5958.51
,,providers_b,sum_payment_amount,MAD z-score >= 8 (extreme outlier),,3565130.0,399.38
,,providers_b,sum_payment_amount,MAD z-score >= 8 (extreme outlier),,555301.0,391.11
,,providers_b,sum_payment_amount,MAD z-score >= 8 (extreme outlier),,182131.0,1668.6599999999999
,,providers_b,sum_payment_amount,MAD z-score >= 8 (extreme outlier),,404598.0,558.89
,,providers_b,sum_payment_amount,MAD z-score >= 8 (extreme outlier),,572322.0,368.74
,,providers_b,sum_payment_amount,MAD z-score >= 8 (extreme outlier),,2463883.0,467.76
,,providers_b,sum_payment_amount,MAD z-score >= 8 (extreme outlier),,29149.0,738.86
,,providers_b,sum_payment_amount,MAD z-score >= 8 (extreme outlier),,327741.0,327.66
,,providers_b,sum_payment_amount,MAD z-score >= 8 (extreme outlier),,112422.0,14000.0
,,providers_b,sum_payment_amount,MAD z-score >= 8 (extreme outlier),,51387.0,815.0
,,providers_b,sum_payment_amount,MAD z-score >= 8 (extreme outlier),,157757.0,869.94
,,providers_b,sum_payment_amount,MAD z-score >= 8 (extreme outlier),,36808.0,375.33
,,providers_b,sum_payment_amount,MAD z-score >= 8 (extreme outlier),,348314.0,355.19
,,providers_b,sum_payment_amount,MAD z-score >= 8 (extreme outlier),,1283145.0,1735.8
,,providers_b,sum_payment_amount,MAD z-score >= 8 (extreme outlier),,122566.0,318.45
,,providers_b,sum_payment_amount,MAD z-score >= 8 (extreme outlier),,759206.0,516.7
,,providers_b,sum_payment_amount,MAD z-score >= 8 (extreme outlier),,261208.0,78693.97
,,providers_b,sum_payment_amount,MAD z-score >= 8 (extreme outlier),,1247038.0,2791.43
,,providers_b,sum_payment_amount,MAD z-score >= 8 (extreme outlier),,11226865.0,579.9
,,providers_b,sum_payment_amount,MAD z-score >= 8 (extreme outlier),,178608.0,1335.4
,,providers_b,sum_payment_amount,MAD z-score >= 8 (extreme outlier),,603812.0,3600.0
,,providers_b,sum_payment_amount,MAD z-score >= 8 (extreme outlier),,9991110.0,863.3399999999999
,,providers_b,sum_payment_amount,MAD z-score >= 8 (extreme outlier),,10497180.0,310.48
,,providers_b,sum_payment_amount,MAD z-score >= 8 (extreme outlier),,5950485.0,711.76
,,providers_b,sum_payment_amount,MAD z-score >= 8 (extreme outlier),,8447.0,885.2
,,providers_b,sum_payment_amount,MAD z-score >= 8 (extreme outlier),,10411676.0,1320.89
,,providers_b,sum_payment_amount,MAD z-score >= 8 (extreme outlier),,4223963.0,3902.26
,,providers_b,sum_payment_amount,MAD z-score >= 8 (extreme outlier),,10609026.0,320.41
,,providers_b,sum_payment_amount,MAD z-score >= 8 (extreme outlier),,145669.0,438.68
,,providers_b,sum_payment_amount,MAD z-score >= 8 (extreme outlier),,703338.0,1961.66
,,providers_b,sum_payment_amount,MAD z-score >= 8 (extreme outlier),,1385777.0,327.07
,,providers_b,sum_payment_amount,MAD z-score >= 8 (extreme outlier),,692795.0,1348.74
,,providers_b,sum_payment_amount,MAD z-score >= 8 (extreme outlier),,10803279.0,328.15
,,providers_b,sum_payment_amount,MAD z-score >= 8 (extreme outlier),,10600917.0,279.76
,,providers_b,sum_payment_amount,MAD z-score >= 8 (extreme outlier),,651564.0,319.96
,,providers_b,sum_payment_amount,MAD z-score >= 8 (extreme outlier),,439560.0,458.92
,,providers_b,sum_payment_amount,MAD z-score >= 8 (extreme outlier),,10791760.0,346.86
,,providers_b,sum_payment_amount,MAD z-score >= 8 (extreme outlier),,909834.0,5168.49
,,providers_b,sum_payment_amount,MAD z-score >= 8 (extreme outlier),,269845.0,12328.289999999999
,,providers_b,sum_payment_amount,MAD z-score >= 8 (extreme outlier),,253682.0,39156.07
,,providers_b,sum_payment_amount,MAD z-score >= 8 (extreme outlier),,1011219.0,412.13
,,providers_b,sum_payment_amount,MAD z-score >= 8 (extreme outlier),,612312.0,364.84
,,providers_b,sum_payment_amount,MAD z-score >= 8 (extreme outlier),,2789910.0,3097.7599999999998
,,providers_b,sum_payment_amount,MAD z-score >= 8 (extreme outlier),,1278914.0,376.35
,,providers_b,sum_payment_amount,MAD z-score >= 8 (extreme outlier),,1040888.0,25393.15
,,providers_b,sum_payment_amount,MAD z-score >= 8 (extreme outlier),,455210.0,5054.09
,,providers_b,sum_payment_amount,MAD z-score >= 8 (extreme outlier),,889260.0,512.84
,,providers_b,sum_payment_amount,MAD z-score >= 8 (extreme outlier),,597930.0,288.33
,,providers_b,sum_payment_amount,MAD z-score >= 8 (extreme outlier),,5703697.0,2208.28
,,providers_b,sum_payment_amount,MAD z-score >= 8 (extreme outlier),,767555.0,445.5
,,providers_b,sum_payment_amount,MAD z-score >= 8 (extreme outlier),,10545586.0,532.6
,,providers_b,sum_payment_amount,MAD z-score >= 8 (extreme outlier),,100410.0,394.31
,,providers_b,sum_payment_amount,MAD z-score >= 8 (extreme outlier),,255531.0,349.73
,,providers_b,sum_payment_amount,MAD z-score >= 8 (extreme outlier),,7219502.0,435.99
,,providers_b,sum_payment_amount,MAD z-score >= 8 (extreme outlier),,524688.0,17697.15
,,providers_b,sum_payment_amount,MAD z-score >= 8 (extreme outlier),,192671.0,297.95
,,providers_b,sum_payment_amount,MAD z-score >= 8 (extreme outlier),,112126.0,316.76
,,providers_b,sum_payment_amount,MAD z-score >= 8 (extreme outlier),,10822350.0,289.51
,,providers_b,sum_payment_amount,MAD z-score >= 8 (extreme outlier),,1033329.0,1500.0
,,providers_b,sum_payment_amount,MAD z-score >= 8 (extreme outlier),,190846.0,1341.7
,,providers_b,sum_payment_amount,MAD z-score >= 8 (extreme outlier),,11257489.0,648.59
,,providers_b,sum_payment_amount,MAD z-score >= 8 (extreme outlier),,5811523.0,305.31
,,providers_b,sum_payment_amount,MAD z-score >= 8 (extreme outlier),,204551.0,750.0
,,providers_b,sum_payment_amount,MAD z-score >= 8 (extreme outlier),,395077.0,419.64
,,providers_b,sum_payment_amount,MAD z-score >= 8 (extreme outlier),,1124218.0,3326.43
,,providers_b,sum_payment_amount,MAD z-score >= 8 (extreme outlier),,349235.0,385.0
,,providers_b,sum_payment_amount,MAD z-score >= 8 (extreme outlier),,625879.0,47583.3
,,providers_b,sum_payment_amount,MAD z-score >= 8 (extreme outlier),,159412.0,527.93
,,providers_b,sum_payment_amount,MAD z-score >= 8 (extreme outlier),,242104.0,295.45
,,providers_b,sum_payment_amount,MAD z-score >= 8 (extreme outlier),,587707.0,294.15
,,providers_b,sum_payment_amount,MAD z-score >= 8 (extreme outlier),,243119.0,498.29
,,providers_b,sum_payment_amount,MAD z-score >= 8 (extreme outlier),,394061.0,297.31
,,providers_b,sum_payment_amount,MAD z-score >= 8 (extreme outlier),,15771.0,500.0
,,providers_b,sum_payment_amount,MAD z-score >= 8 (extreme outlier),,4221377.0,327.02
,,providers_b,sum_payment_amount,MAD z-score >= 8 (extreme outlier),,152597.0,3150.0
,,providers_b,sum_payment_amount,MAD z-score >= 8 (extreme outlier),,151422.0,2535.5
,,providers_b,sum_payment_amount,MAD z-score >= 8 (extreme outlier),,10421722.0,353.18
,,providers_b,sum_payment_amount,MAD z-score >= 8 (extreme outlier),,69099.0,447.8
,,providers_b,sum_payment_amount,MAD z-score >= 8 (extreme outlier),,11420846.0,1107.12
,,providers_b,sum_payment_amount,MAD z-score >= 8 (extreme outlier),,332579.0,1775.0
,,providers_b,sum_payment_amount,MAD z-score >= 8 (extreme outlier),,665313.0,298.51
,,providers_b,sum_payment_amount,MAD z-score >= 8 (extreme outlier),,6287090.0,13520.0
,,providers_b,sum_payment_amount,MAD z-score >= 8 (extreme outlier),,28275.0,633.77
,,providers_b,sum_payment_amount,MAD z-score >= 8 (extreme outlier),,10459278.0,427.55
,,providers_b,sum_payment_amount,MAD z-score >= 8 (extreme outlier),,10538097.0,296.58
,,providers_b,sum_payment_amount,MAD z-score >= 8 (extreme outlier),,174568.0,441.34000000000003
,,providers_b,sum_payment_amount,MAD z-score >= 8 (extreme outlier),,348378.0,2500.0
,,providers_b,sum_payment_amount,MAD z-score >= 8 (extreme outlier),,1394733.0,303.4
,,providers_b,sum_payment_amount,MAD z-score >= 8 (extreme outlier),,216041.0,296.93
,,providers_b,sum_payment_amount,MAD z-score >= 8 (extreme outlier),,262359.0,491.09000000000003
,,providers_b,sum_payment_amount,MAD z-score >= 8 (extreme outlier),,90001.0,280.76
,,providers_b,sum_payment_amount,MAD z-score >= 8 (extreme outlier),,1099249.0,358.28999999999996
,,providers_b,sum_payment_amount,MAD z-score >= 8 (extreme outlier),,10756415.0,2238.28
,,providers_b,sum_payment_amount,MAD z-score >= 8 (extreme outlier),,6445765.0,473.09000000000003
,,providers_b,sum_payment_amount,MAD z-score >= 8 (extreme outlier),,10698811.0,2080.7
,,providers_b,sum_payment_amount,MAD z-score >= 8 (extreme outlier),,10849963.0,455.8
,,providers_b,sum_payment_amount,MAD z-score >= 8 (extreme outlier),,10958940.0,280.18
,,providers_b,sum_payment_amount,MAD z-score >= 8 (extreme outlier),,267657.0,24159.05
,,providers_b,sum_payment_amount,MAD z-score >= 8 (extreme outlier),,337634.0,961.98
,,providers_b,sum_payment_amount,MAD z-score >= 8 (extreme outlier),,294197.0,6225.0
,,providers_b,sum_payment_amount,MAD z-score >= 8 (extreme outlier),,314901.0,301.25
,,providers_b,sum_payment_amount,MAD z-score >= 8 (extreme outlier),,173426.0,4283.57
,,providers_b,sum_payment_amount,MAD z-score >= 8 (extreme outlier),,10915253.0,363.71
,,providers_b,sum_payment_amount,MAD z-score >= 8 (extreme outlier),,10535322.0,305.38
,,providers_b,sum_payment_amount,MAD z-score >= 8 (extreme outlier),,308299.0,500.0
,,providers_b,sum_payment_amount,MAD z-score >= 8 (extreme outlier),,206997.0,347.34
,,providers_b,sum_payment_amount,MAD z-score >= 8 (extreme outlier),,4216693.0,361.91
,,providers_b,sum_payment_amount,MAD z-score >= 8 (extreme outlier),,355958.0,1823.51
,,providers_b,sum_payment_amount,MAD z-score >= 8 (extreme outlier),,11215104.0,798.64
,,providers_b,sum_payment_amount,MAD z-score >= 8 (extreme outlier),,177069.0,5053.7
,,providers_b,sum_payment_amount,MAD z-score >= 8 (extreme outlier),,1323401.0,7591.51
,,providers_b,sum_payment_amount,MAD z-score >= 8 (extreme outlier),,106576.0,4979.8
,,providers_b,sum_payment_amount,MAD z-score >= 8 (extreme outlier),,460305.0,314.65
,,providers_b,sum_payment_amount,MAD z-score >= 8 (extreme outlier),,81381.0,1302.0700000000002
,,providers_b,sum_payment_amount,MAD z-score >= 8 (extreme outlier),,1332676.0,2439.59
,,providers_b,sum_payment_amount,MAD z-score >= 8 (extreme outlier),,353912.0,450.02
,,providers_b,sum_payment_amount,MAD z-score >= 8 (extreme outlier),,10615651.0,341.55
,,providers_b,sum_payment_amount,MAD z-score >= 8 (extreme outlier),,11138008.0,329.21999999999997
,,providers_b,sum_payment_amount,MAD z-score >= 8 (extreme outlier),,10767758.0,364.52
,,providers_b,sum_payment_amount,MAD z-score >= 8 (extreme outlier),,1211418.0,5500.0
,,providers_b,sum_payment_amount,MAD z-score >= 8 (extreme outlier),,5700580.0,354.9
,,providers_b,sum_payment_amount,MAD z-score >= 8 (extreme outlier),,11270479.0,273.77
,,providers_b,sum_payment_amount,MAD z-score >= 8 (extreme outlier),,649844.0,17015.32
,,providers_b,sum_payment_amount,MAD z-score >= 8 (extreme outlier),,4226440.0,379.04
,,providers_b,sum_payment_amount,MAD z-score >= 8 (extreme outlier),,525863.0,1365.0
,,providers_b,sum_payment_amount,MAD z-score >= 8 (extreme outlier),,54780.0,71500.0
,,providers_b,sum_payment_amount,MAD z-score >= 8 (extreme outlier),,569626.0,3000.0
,,providers_b,sum_payment_amount,MAD z-score >= 8 (extreme outlier),,178992.0,1607.3000000000002
,,providers_b,sum_payment_amount,MAD z-score >= 8 (extreme outlier),,87214.0,471.9
,,providers_b,sum_payment_amount,MAD z-score >= 8 (extreme outlier),,927062.0,18288.05
,,providers_b,sum_payment_amount,MAD z-score >= 8 (extreme outlier),,7915055.0,854.57
,,providers_b,sum_payment_amount,MAD z-score >= 8 (extreme outlier),,7438.0,928.21
,,providers_b,sum_payment_amount,MAD z-score >= 8 (extreme outlier),,277485.0,1814.46
,,providers_b,sum_payment_amount,MAD z-score >= 8 (extreme outlier),,245283.0,5645.77
,,providers_b,sum_payment_amount,MAD z-score >= 8 (extreme outlier),,11096379.0,274.11
,,providers_b,sum_payment_amount,MAD z-score >= 8 (extreme outlier),,110945.0,447.7
,,providers_b,sum_payment_amount,MAD z-score >= 8 (extreme outlier),,246152.0,3767.88
,,providers_b,sum_payment_amount,MAD z-score >= 8 (extreme outlier),,160480.0,1644.15
,,providers_b,sum_payment_amount,MAD z-score >= 8 (extreme outlier),,299811.0,9740.02
,,providers_b,sum_payment_amount,MAD z-score >= 8 (extreme outlier),,298809.0,21748.4
,,providers_b,sum_payment_amount,MAD z-score >= 8 (extreme outlier),,289307.0,346.8
,,providers_b,sum_payment_amount,MAD z-score >= 8 (extreme outlier),,744454.0,1425.0
,,providers_b,sum_payment_amount,MAD z-score >= 8 (extreme outlier),,294994.0,381.1
,,providers_b,sum_payment_amount,MAD z-score >= 8 (extreme outlier),,323809.0,1000.0
,,providers_b,sum_payment_amount,MAD z-score >= 8 (extreme outlier),,216747.0,431.0
,,providers_b,sum_payment_amount,MAD z-score >= 8 (extreme outlier),,289356.0,957.36
,,providers_b,sum_payment_amount,MAD z-score >= 8 (extreme outlier),,251671.0,3500.0
,,providers_b,sum_payment_amount,MAD z-score >= 8 (extreme outlier),,529670.0,7400.0
,,providers_b,sum_payment_amount,MAD z-score >= 8 (extreme outlier),,16295.0,306.5
,,providers_b,sum_payment_amount,MAD z-score >= 8 (extreme outlier),,579188.0,1689.51
,,providers_b,sum_payment_amount,MAD z-score >= 8 (extreme outlier),,16419.0,15209.25
,,providers_b,sum_payment_amount,MAD z-score >= 8 (extreme outlier),,10447972.0,321.25
,,providers_b,sum_payment_amount,MAD z-score >= 8 (extreme outlier),,11205202.0,3301.34
,,providers_b,sum_payment_amount,MAD z-score >= 8 (extreme outlier),,534078.0,291.8
,,providers_b,sum_payment_amount,MAD z-score >= 8 (extreme outlier),,114991.0,870.9
,,providers_b,sum_payment_amount,MAD z-score >= 8 (extreme outlier),,221346.0,173289.55
,,providers_b,sum_payment_amount,MAD z-score >= 8 (extreme outlier),,321115.0,825.6800000000001
,,providers_b,sum_payment_amount,MAD z-score >= 8 (extreme outlier),,10978228.0,605.64
,,providers_b,sum_payment_amount,MAD z-score >= 8 (extreme outlier),,10950143.0,418.84
,,providers_b,sum_payment_amount,MAD z-score >= 8 (extreme outlier),,220671.0,427.84
,,providers_b,sum_payment_amount,MAD z-score >= 8 (extreme outlier),,224241.0,491.93
,,providers_b,sum_payment_amount,MAD z-score >= 8 (extreme outlier),,139186.0,806.6600000000001
,,providers_b,sum_payment_amount,MAD z-score >= 8 (extreme outlier),,151945.0,10814.26
,,providers_b,sum_payment_amount,MAD z-score >= 8 (extreme outlier),,5690802.0,24384.56
,,providers_b,sum_payment_amount,MAD z-score >= 8 (extreme outlier),,13863.0,277.9
,,providers_b,sum_payment_amount,MAD z-score >= 8 (extreme outlier),,10720790.0,735.54
,,providers_b,sum_payment_amount,MAD z-score >= 8 (extreme outlier),,9268548.0,420.96
,,providers_b,sum_payment_amount,MAD z-score >= 8 (extreme outlier),,882178.0,280.18
,,providers_b,sum_payment_amount,MAD z-score >= 8 (extreme outlier),,11289413.0,395.51
,,providers_b,sum_payment_amount,MAD z-score >= 8 (extreme outlier),,2788151.0,5500.0
,,providers_b,sum_payment_amount,MAD z-score >= 8 (extreme outlier),,103971.0,312.09000000000003
,,providers_b,sum_payment_amount,MAD z-score >= 8 (extreme outlier),,11238292.0,286.6
,,providers_b,sum_payment_amount,MAD z-score >= 8 (extreme outlier),,642030.0,41094.65
,,providers_b,sum_payment_amount,MAD z-score >= 8 (extreme outlier),,282792.0,374.92999999999995
,,providers_b,sum_payment_amount,MAD z-score >= 8 (extreme outlier),,2791730.0,15534.14
,,providers_b,sum_payment_amount,MAD z-score >= 8 (extreme outlier),,74568.0,367.19
,,providers_b,sum_payment_amount,MAD z-score >= 8 (extreme outlier),,25413.0,313.56
,,providers_b,sum_payment_amount,MAD z-score >= 8 (extreme outlier),,10449656.0,386.58
,,providers_b,sum_payment_amount,MAD z-score >= 8 (extreme outlier),,525879.0,1318.6799999999998
,,providers_b,sum_payment_amount,MAD z-score >= 8 (extreme outlier),,186492.0,358.26
,,providers_b,sum_payment_amount,MAD z-score >= 8 (extreme outlier),,3737.0,550.27
,,providers_b,sum_payment_amount,MAD z-score >= 8 (extreme outlier),,226025.0,341.41999999999996
,,providers_b,sum_payment_amount,MAD z-score >= 8 (extreme outlier),,205300.0,1497.73
,,providers_b,sum_payment_amount,MAD z-score >= 8 (extreme outlier),,1174265.0,418.67
,,providers_b,sum_payment_amount,MAD z-score >= 8 (extreme outlier),,5894416.0,907.03
,,providers_b,sum_payment_amount,MAD z-score >= 8 (extreme outlier),,10653493.0,687.75
,,providers_b,sum_payment_amount,MAD z-score >= 8 (extreme outlier),,4218511.0,519.43
,,providers_b,sum_payment_amount,MAD z-score >= 8 (extreme outlier),,334464.0,274.73
,,providers_b,sum_payment_amount,MAD z-score >= 8 (extreme outlier),,11054884.0,296.22
,,providers_b,sum_payment_amount,MAD z-score >= 8 (extreme outlier),,492298.0,1161.1
,,providers_b,sum_payment_amount,MAD z-score >= 8 (extreme outlier),,823580.0,30925.0
,,providers_b,sum_payment_amount,MAD z-score >= 8 (extreme outlier),,10736826.0,499.03999999999996
,,providers_b,sum_payment_amount,MAD z-score >= 8 (extreme outlier),,11080611.0,298.15
,,providers_b,sum_payment_amount,MAD z-score >= 8 (extreme outlier),,10977295.0,347.64
,,providers_b,sum_payment_amount,MAD z-score >= 8 (extreme outlier),,256416.0,2546.49
,,providers_b,sum_payment_amount,MAD z-score >= 8 (extreme outlier),,143918.0,302.39
,,providers_b,sum_payment_amount,MAD z-score >= 8 (extreme outlier),,183020.0,48854.69
,,providers_b,sum_payment_amount,MAD z-score >= 8 (extreme outlier),,11194123.0,784.22
,,providers_b,sum_payment_amount,MAD z-score >= 8 (extreme outlier),,4988.0,10165.86
,,providers_b,sum_payment_amount,MAD z-score >= 8 (extreme outlier),,2116536.0,290.05
,,providers_b,sum_payment_amount,MAD z-score >= 8 (extreme outlier),,571604.0,15893.82
,,providers_b,sum_payment_amount,MAD z-score >= 8 (extreme outlier),,354439.0,285.68
,,providers_b,sum_payment_amount,MAD z-score >= 8 (extreme outlier),,211676.0,8008.61
,,providers_b,sum_payment_amount,MAD z-score >= 8 (extreme outlier),,11300148.0,682.48
,,providers_b,sum_payment_amount,MAD z-score >= 8 (extreme outlier),,26581.0,625.75
,,providers_b,sum_payment_amount,MAD z-score >= 8 (extreme outlier),,11219708.0,387.85
,,providers_b,sum_payment_amount,MAD z-score >= 8 (extreme outlier),,280096.0,324.0
,,providers_b,sum_payment_amount,MAD z-score >= 8 (extreme outlier),,101223.0,1425.0
,,providers_b,sum_payment_amount,MAD z-score >= 8 (extreme outlier),,189541.0,335.66
,,providers_b,sum_payment_amount,MAD z-score >= 8 (extreme outlier),,80266.0,5395.48
,,providers_b,sum_payment_amount,MAD z-score >= 8 (extreme outlier),,388229.0,420.0
,,providers_b,sum_payment_amount,MAD z-score >= 8 (extreme outlier),,10634128.0,459.65999999999997
,,providers_b,sum_payment_amount,MAD z-score >= 8 (extreme outlier),,11370429.0,1260.55
,,providers_b,sum_payment_amount,MAD z-score >= 8 (extreme outlier),,1377467.0,350.78999999999996
,,providers_b,sum_payment_amount,MAD z-score >= 8 (extreme outlier),,10745836.0,365.91
,,providers_b,sum_payment_amount,MAD z-score >= 8 (extreme outlier),,56119.0,4000.0
,,providers_b,sum_payment_amount,MAD z-score >= 8 (extreme outlier),,574668.0,420.52000000000004
,,providers_b,sum_payment_amount,MAD z-score >= 8 (extreme outlier),,3778569.0,1435.83
,,providers_b,sum_payment_amount,MAD z-score >= 8 (extreme outlier),,885183.0,431.15
,,providers_b,sum_payment_amount,MAD z-score >= 8 (extreme outlier),,261566.0,11057.43
,,providers_b,sum_payment_amount,MAD z-score >= 8 (extreme outlier),,11101819.0,300.36
,,providers_b,sum_payment_amount,MAD z-score >= 8 (extreme outlier),,134374.0,1333811.41
,,providers_b,sum_payment_amount,MAD z-score >= 8 (extreme outlier),,455538.0,345.18
,,providers_b,sum_payment_amount,MAD z-score >= 8 (extreme outlier),,202317.0,282.01
,,providers_b,sum_payment_amount,MAD z-score >= 8 (extreme outlier),,94442.0,453.34999999999997
,,providers_b,sum_payment_amount,MAD z-score >= 8 (extreme outlier),,11266374.0,573.14
,,providers_b,sum_payment_amount,MAD z-score >= 8 (extreme outlier),,5706474.0,310.63
,,providers_b,sum_payment_amount,MAD z-score >= 8 (extreme outlier),,4292977.0,10209.15
,,providers_b,sum_payment_amount,MAD z-score >= 8 (extreme outlier),,281520.0,5016.91
,,providers_b,sum_payment_amount,MAD z-score >= 8 (extreme outlier),,255767.0,7200.0
,,providers_b,sum_payment_amount,MAD z-score >= 8 (extreme outlier),,347499.0,2722.26
,,providers_b,sum_payment_amount,MAD z-score >= 8 (extreme outlier),,295088.0,6300.89
,,providers_b,sum_payment_amount,MAD z-score >= 8 (extreme outlier),,10447916.0,355.06
,,providers_b,sum_payment_amount,MAD z-score >= 8 (extreme outlier),,10263170.0,1634.9
,,providers_b,sum_payment_amount,MAD z-score >= 8 (extreme outlier),,335594.0,9691.33
,,providers_b,sum_payment_amount,MAD z-score >= 8 (extreme outlier),,10752474.0,394.87
,,providers_b,sum_payment_amount,MAD z-score >= 8 (extreme outlier),,269790.0,1750.0
,,providers_b,sum_payment_amount,MAD z-score >= 8 (extreme outlier),,227861.0,322.59000000000003
,,providers_b,sum_payment_amount,MAD z-score >= 8 (extreme outlier),,285805.0,1176.46
,,providers_b,sum_payment_amount,MAD z-score >= 8 (extreme outlier),,60931.0,347.88
,,providers_b,sum_payment_amount,MAD z-score >= 8 (extreme outlier),,10502168.0,4977.150000000001
,,providers_b,sum_payment_amount,MAD z-score >= 8 (extreme outlier),,11310484.0,854.77
,,providers_b,sum_payment_amount,MAD z-score >= 8 (extreme outlier),,1050774.0,311.63
,,providers_b,sum_payment_amount,MAD z-score >= 8 (extreme outlier),,66433.0,352.99
,,providers_b,sum_payment_amount,MAD z-score >= 8 (extreme outlier),,2126747.0,500.0
,,providers_b,sum_payment_amount,MAD z-score >= 8 (extreme outlier),,153476.0,457.53
,,providers_b,sum_payment_amount,MAD z-score >= 8 (extreme outlier),,27542.0,642.81
,,providers_b,sum_payment_amount,MAD z-score >= 8 (extreme outlier),,118964.0,542.43
,,providers_b,sum_payment_amount,MAD z-score >= 8 (extreme outlier),,325458.0,290.0
,,providers_b,sum_payment_amount,MAD z-score >= 8 (extreme outlier),,172840.0,275.31
,,providers_b,sum_payment_amount,MAD z-score >= 8 (extreme outlier),,448916.0,335.40000000000003
,,providers_b,sum_payment_amount,MAD z-score >= 8 (extreme outlier),,9442215.0,817.0
,,providers_b,sum_payment_amount,MAD z-score >= 8 (extreme outlier),,99600.0,9675.02
,,providers_b,sum_payment_amount,MAD z-score >= 8 (extreme outlier),,646261.0,3473.77
,,providers_b,sum_payment_amount,MAD z-score >= 8 (extreme outlier),,319402.0,7481.48
,,providers_b,sum_payment_amount,MAD z-score >= 8 (extreme outlier),,1082841.0,473.79
,,providers_b,sum_payment_amount,MAD z-score >= 8 (extreme outlier),,922510.0,600.0
,,providers_b,sum_payment_amount,MAD z-score >= 8 (extreme outlier),,5631452.0,2435.55
,,providers_b,sum_payment_amount,MAD z-score >= 8 (extreme outlier),,219224.0,4485.57
,,providers_b,sum_payment_amount,MAD z-score >= 8 (extreme outlier),,8306919.0,2925.66
,,providers_b,sum_payment_amount,MAD z-score >= 8 (extreme outlier),,10702967.0,2080.7
,,providers_b,sum_payment_amount,MAD z-score >= 8 (extreme outlier),,11019692.0,310.8
,,providers_b,sum_payment_amount,MAD z-score >= 8 (extreme outlier),,1287751.0,2684.26
,,providers_b,sum_payment_amount,MAD z-score >= 8 (extreme outlier),,11474887.0,375.0
,,providers_b,sum_payment_amount,MAD z-score >= 8 (extreme outlier),,4218214.0,3741.27
,,providers_b,sum_payment_amount,MAD z-score >= 8 (extreme outlier),,765073.0,290.34000000000003
,,providers_b,sum_payment_amount,MAD z-score >= 8 (extreme outlier),,330340.0,304.46
,,providers_b,sum_payment_amount,MAD z-score >= 8 (extreme outlier),,950001.0,286.82
,,providers_b,sum_payment_amount,MAD z-score >= 8 (extreme outlier),,807855.0,277.51
,,providers_b,sum_payment_amount,MAD z-score >= 8 (extreme outlier),,1379695.0,331.9
,,providers_b,sum_payment_amount,MAD z-score >= 8 (extreme outlier),,5697729.0,796.97
,,providers_b,sum_payment_amount,MAD z-score >= 8 (extreme outlier),,705760.0,3500.0
,,providers_b,sum_payment_amount,MAD z-score >= 8 (extreme outlier),,10569551.0,392.05
,,providers_b,sum_payment_amount,MAD z-score >= 8 (extreme outlier),,387769.0,371.56
,,providers_b,sum_payment_amount,MAD z-score >= 8 (extreme outlier),,933659.0,479.14
,,providers_b,sum_payment_amount,MAD z-score >= 8 (extreme outlier),,2945100.0,387.03000000000003
,,providers_b,sum_payment_amount,MAD z-score >= 8 (extreme outlier),,287941.0,336.65
,,providers_b,sum_payment_amount,MAD z-score >= 8 (extreme outlier),,113809.0,3876.82
,,providers_b,sum_payment_amount,MAD z-score >= 8 (extreme outlier),,11273773.0,903.12
,,providers_b,sum_payment_amount,MAD z-score >= 8 (extreme outlier),,121468.0,362.0
,,providers_b,sum_payment_amount,MAD z-score >= 8 (extreme outlier),,10780993.0,1186.85
,,providers_b,sum_payment_amount,MAD z-score >= 8 (extreme outlier),,11073942.0,282.15
,,providers_b,sum_payment_amount,MAD z-score >= 8 (extreme outlier),,344107.0,24010.23
,,providers_b,sum_payment_amount,MAD z-score >= 8 (extreme outlier),,23921.0,42190.03
,,providers_b,sum_payment_amount,MAD z-score >= 8 (extreme outlier),,304839.0,394.53999999999996
,,providers_b,sum_payment_amount,MAD z-score >= 8 (extreme outlier),,11258652.0,539.5
,,providers_b,sum_payment_amount,MAD z-score >= 8 (extreme outlier),,10811573.0,403.56
,,providers_b,sum_payment_amount,MAD z-score >= 8 (extreme outlier),,275642.0,285.89
,,providers_b,sum_payment_amount,MAD z-score >= 8 (extreme outlier),,11270463.0,287.94
,,providers_b,sum_payment_amount,MAD z-score >= 8 (extreme outlier),,1291667.0,3073.36
,,providers_b,sum_payment_amount,MAD z-score >= 8 (extreme outlier),,655746.0,795.88
,,providers_b,sum_payment_amount,MAD z-score >= 8 (extreme outlier),,572495.0,275.2
,,providers_b,sum_payment_amount,MAD z-score >= 8 (extreme outlier),,1347435.0,2060.98
,,providers_b,sum_payment_amount,MAD z-score >= 8 (extreme outlier),,741352.0,296.37
,,providers_b,sum_payment_amount,MAD z-score >= 8 (extreme outlier),,836005.0,1345.35
,,providers_b,sum_payment_amount,MAD z-score >= 8 (extreme outlier),,1350592.0,274.48
,,providers_b,sum_payment_amount,MAD z-score >= 8 (extreme outlier),,10739724.0,302.03000000000003
,,providers_b,sum_payment_amount,MAD z-score >= 8 (extreme outlier),,298988.0,615.5999999999999
,,providers_b,sum_payment_amount,MAD z-score >= 8 (extreme outlier),,42997.0,1000.0
,,providers_b,sum_payment_amount,MAD z-score >= 8 (extreme outlier),,195779.0,16577.87
,,providers_b,sum_payment_amount,MAD z-score >= 8 (extreme outlier),,358613.0,409.02
,,providers_b,sum_payment_amount,MAD z-score >= 8 (extreme outlier),,2160209.0,821.74
,,providers_b,sum_payment_amount,MAD z-score >= 8 (extreme outlier),,10710678.0,409.51
,,providers_b,sum_payment_amount,MAD z-score >= 8 (extreme outlier),,141234.0,305.94
,,providers_b,sum_payment_amount,MAD z-score >= 8 (extreme outlier),,1352113.0,5479.650000000001
,,providers_b,sum_payment_amount,MAD z-score >= 8 (extreme outlier),,1192497.0,302.42
,,providers_b,sum_payment_amount,MAD z-score >= 8 (extreme outlier),,8105293.0,3800.0
,,providers_b,sum_payment_amount,MAD z-score >= 8 (extreme outlier),,1294305.0,710.83
,,providers_b,sum_payment_amount,MAD z-score >= 8 (extreme outlier),,111886.0,462.04
,,providers_b,sum_payment_amount,MAD z-score >= 8 (extreme outlier),,10566112.0,334.19
,,providers_b,sum_payment_amount,MAD z-score >= 8 (extreme outlier),,6852576.0,1328.24
,,providers_b,sum_payment_amount,MAD z-score >= 8 (extreme outlier),,51874.0,961.19
,,providers_b,sum_payment_amount,MAD z-score >= 8 (extreme outlier),,1327291.0,408.49
,,providers_b,sum_payment_amount,MAD z-score >= 8 (extreme outlier),,10867701.0,283.18
,,providers_b,sum_payment_amount,MAD z-score >= 8 (extreme outlier),,556581.0,591.39
,,providers_b,sum_payment_amount,MAD z-score >= 8 (extreme outlier),,104429.0,3677.7
,,providers_b,sum_payment_amount,MAD z-score >= 8 (extreme outlier),,974563.0,406.61
,,providers_b,sum_payment_amount,MAD z-score >= 8 (extreme outlier),,1190194.0,382.72
,,providers_b,sum_payment_amount,MAD z-score >= 8 (extreme outlier),,6537129.0,337.4
,,providers_b,sum_payment_amount,MAD z-score >= 8 (extreme outlier),,104523.0,350.23
,,providers_b,sum_payment_amount,MAD z-score >= 8 (extreme outlier),,11118261.0,274.51
,,providers_b,sum_payment_amount,MAD z-score >= 8 (extreme outlier),,10858150.0,295.74
,,providers_b,sum_payment_amount,MAD z-score >= 8 (extreme outlier),,188914.0,858.1
,,providers_b,sum_payment_amount,MAD z-score >= 8 (extreme outlier),,914464.0,312.29
,,providers_b,sum_payment_amount,MAD z-score >= 8 (extreme outlier),,89333.0,314.09000000000003
,,providers_b,sum_payment_amount,MAD z-score >= 8 (extreme outlier),,582796.0,619.83
,,providers_b,sum_payment_amount,MAD z-score >= 8 (extreme outlier),,6006468.0,980.01
,,providers_b,sum_payment_amount,MAD z-score >= 8 (extreme outlier),,282853.0,356.66
,,providers_b,sum_payment_amount,MAD z-score >= 8 (extreme outlier),,97795.0,295.56
,,providers_b,sum_payment_amount,MAD z-score >= 8 (extreme outlier),,1131090.0,1972.77
,,providers_b,sum_payment_amount,MAD z-score >= 8 (extreme outlier),,7231636.0,1982.95
,,providers_b,sum_payment_amount,MAD z-score >= 8 (extreme outlier),,243045.0,1352.14
,,providers_b,sum_payment_amount,MAD z-score >= 8 (extreme outlier),,819837.0,1600.5
,,providers_b,sum_payment_amount,MAD z-score >= 8 (extreme outlier),,10523953.0,329.78
,,providers_b,sum_payment_amount,MAD z-score >= 8 (extreme outlier),,1008548.0,2298.2000000000003
,,providers_b,sum_payment_amount,MAD z-score >= 8 (extreme outlier),,129803.0,1069.49
,,providers_b,sum_payment_amount,MAD z-score >= 8 (extreme outlier),,520409.0,276.4
,,providers_b,sum_payment_amount,MAD z-score >= 8 (extreme outlier),,10921183.0,1500.0
,,providers_b,sum_payment_amount,MAD z-score >= 8 (extreme outlier),,141166.0,354.06
,,providers_b,sum_payment_amount,MAD z-score >= 8 (extreme outlier),,1185728.0,1959.71
,,providers_b,sum_payment_amount,MAD z-score >= 8 (extreme outlier),,97068.0,647.39
,,providers_b,sum_payment_amount,MAD z-score >= 8 (extreme outlier),,325753.0,889.1999999999999
,,providers_b,sum_payment_amount,MAD z-score >= 8 (extreme outlier),,221106.0,48015.73
,,providers_b,sum_payment_amount,MAD z-score >= 8 (extreme outlier),,874243.0,68898.85
,,providers_b,sum_payment_amount,MAD z-score >= 8 (extreme outlier),,21708.0,401.31
,,providers_b,sum_payment_amount,MAD z-score >= 8 (extreme outlier),,1031406.0,2963.74
,,providers_b,sum_payment_amount,MAD z-score >= 8 (extreme outlier),,756665.0,5500.0
,,providers_b,sum_payment_amount,MAD z-score >= 8 (extreme outlier),,10553806.0,296.19
,,providers_b,sum_payment_amount,MAD z-score >= 8 (extreme outlier),,1156267.0,376.42
,,providers_b,sum_payment_amount,MAD z-score >= 8 (extreme outlier),,169740.0,10579.91
,,providers_b,sum_payment_amount,MAD z-score >= 8 (extreme outlier),,1274361.0,4086.68
,,providers_b,sum_payment_amount,MAD z-score >= 8 (extreme outlier),,10890580.0,365.13
,,providers_b,sum_payment_amount,MAD z-score >= 8 (extreme outlier),,181571.0,11280.76
,,providers_b,sum_payment_amount,MAD z-score >= 8 (extreme outlier),,163768.0,900.0
,,providers_b,sum_payment_amount,MAD z-score >= 8 (extreme outlier),,612586.0,500.39
,,providers_b,sum_payment_amount,MAD z-score >= 8 (extreme outlier),,260577.0,293.52
,,providers_b,sum_payment_amount,MAD z-score >= 8 (extreme outlier),,2911225.0,30000.0
,,providers_b,sum_payment_amount,MAD z-score >= 8 (extreme outlier),,912987.0,18218.76
,,providers_b,sum_payment_amount,MAD z-score >= 8 (extreme outlier),,1040463.0,459.75
,,providers_b,sum_payment_amount,MAD z-score >= 8 (extreme outlier),,151026.0,313.1
,,providers_b,sum_payment_amount,MAD z-score >= 8 (extreme outlier),,153730.0,735.66
,,providers_b,sum_payment_amount,MAD z-score >= 8 (extreme outlier),,796404.0,910.12
,,providers_b,sum_payment_amount,MAD z-score >= 8 (extreme outlier),,895821.0,279.40999999999997
,,providers_b,sum_payment_amount,MAD z-score >= 8 (extreme outlier),,1382128.0,382.92
,,providers_b,sum_payment_amount,MAD z-score >= 8 (extreme outlier),,1275473.0,8030.780000000001
,,providers_b,sum_payment_amount,MAD z-score >= 8 (extreme outlier),,524021.0,18595.989999999998
,,providers_b,sum_payment_amount,MAD z-score >= 8 (extreme outlier),,3758098.0,4600.0
,,providers_b,sum_payment_amount,MAD z-score >= 8 (extreme outlier),,31895.0,276.14
,,providers_b,sum_payment_amount,MAD z-score >= 8 (extreme outlier),,10894422.0,276.17
,,providers_b,sum_payment_amount,MAD z-score >= 8 (extreme outlier),,3392836.0,353.56
,,providers_b,sum_payment_amount,MAD z-score >= 8 (extreme outlier),,1205472.0,83346.45
,,providers_b,sum_payment_amount,MAD z-score >= 8 (extreme outlier),,1847015.0,1657.4
,,providers_b,sum_payment_amount,MAD z-score >= 8 (extreme outlier),,4221222.0,466.92
,,providers_b,sum_payment_amount,MAD z-score >= 8 (extreme outlier),,11470082.0,6666.67
,,providers_b,sum_payment_amount,MAD z-score >= 8 (extreme outlier),,209243.0,324.90999999999997
,,providers_b,sum_payment_amount,MAD z-score >= 8 (extreme outlier),,11420895.0,2250.0
,,providers_b,sum_payment_amount,MAD z-score >= 8 (extreme outlier),,343632.0,3250.0
,,providers_b,sum_payment_amount,MAD z-score >= 8 (extreme outlier),,7644529.0,2557.73
,,providers_b,sum_payment_amount,MAD z-score >= 8 (extreme outlier),,11125873.0,378.03000000000003
,,providers_b,sum_payment_amount,MAD z-score >= 8 (extreme outlier),,10785805.0,319.27
,,providers_b,sum_payment_amount,MAD z-score >= 8 (extreme outlier),,11257732.0,295.96
,,providers_b,sum_payment_amount,MAD z-score >= 8 (extreme outlier),,59978.0,63801.59
,,providers_b,sum_payment_amount,MAD z-score >= 8 (extreme outlier),,8803303.0,45237.5
,,providers_b,sum_payment_amount,MAD z-score >= 8 (extreme outlier),,705404.0,331.15999999999997
,,providers_b,sum_payment_amount,MAD z-score >= 8 (extreme outlier),,1182929.0,7462.679999999999
,,providers_b,sum_payment_amount,MAD z-score >= 8 (extreme outlier),,787179.0,372.5
,,providers_b,sum_payment_amount,MAD z-score >= 8 (extreme outlier),,10420679.0,446.9
,,providers_b,sum_payment_amount,MAD z-score >= 8 (extreme outlier),,278238.0,2648.08
,,providers_b,sum_payment_amount,MAD z-score >= 8 (extreme outlier),,92972.0,488.49
,,providers_b,sum_payment_amount,MAD z-score >= 8 (extreme outlier),,44418.0,12189.560000000001
,,providers_b,sum_payment_amount,MAD z-score >= 8 (extreme outlier),,25048.0,3250.0
,,providers_b,sum_payment_amount,MAD z-score >= 8 (extreme outlier),,7917958.0,650.0
,,providers_b,sum_payment_amount,MAD z-score >= 8 (extreme outlier),,5190678.0,352.69
,,providers_b,sum_payment_amount,MAD z-score >= 8 (extreme outlier),,319954.0,3449.5099999999998
,,providers_b,sum_payment_amount,MAD z-score >= 8 (extreme outlier),,136212.0,607.3
,,providers_b,sum_payment_amount,MAD z-score >= 8 (extreme outlier),,9147583.0,317.61
,,providers_b,sum_payment_amount,MAD z-score >= 8 (extreme outlier),,20469.0,7111.28
,,providers_b,sum_payment_amount,MAD z-score >= 8 (extreme outlier),,247257.0,307.48
,,providers_b,sum_payment_amount,MAD z-score >= 8 (extreme outlier),,11018679.0,297.37
,,providers_b,sum_payment_amount,MAD z-score >= 8 (extreme outlier),,11270522.0,369.68
,,providers_b,sum_payment_amount,MAD z-score >= 8 (extreme outlier),,2303701.0,2705.0
,,providers_b,sum_payment_amount,MAD z-score >= 8 (extreme outlier),,11551788.0,1500.0
,,providers_b,sum_payment_amount,MAD z-score >= 8 (extreme outlier),,990295.0,425.98
,,providers_b,sum_payment_amount,MAD z-score >= 8 (extreme outlier),,8353252.0,409.71000000000004
,,providers_b,sum_payment_amount,MAD z-score >= 8 (extreme outlier),,10520472.0,412.17
,,providers_b,sum_payment_amount,MAD z-score >= 8 (extreme outlier),,119963.0,1514.49
,,providers_b,sum_payment_amount,MAD z-score >= 8 (extreme outlier),,37076.0,1100.26
,,providers_b,sum_payment_amount,MAD z-score >= 8 (extreme outlier),,2784186.0,650.8
,,providers_b,sum_payment_amount,MAD z-score >= 8 (extreme outlier),,295049.0,886.8299999999999
,,providers_b,sum_payment_amount,MAD z-score >= 8 (extreme outlier),,157410.0,1200.0
,,providers_b,sum_payment_amount,MAD z-score >= 8 (extreme outlier),,10542106.0,305.42
,,providers_b,sum_payment_amount,MAD z-score >= 8 (extreme outlier),,187959.0,2000.0
,,providers_b,sum_payment_amount,MAD z-score >= 8 (extreme outlier),,605045.0,16731.36
,,providers_b,sum_payment_amount,MAD z-score >= 8 (extreme outlier),,560554.0,275.93
,,providers_b,sum_payment_amount,MAD z-score >= 8 (extreme outlier),,4970397.0,1021.1899999999999
,,providers_b,sum_payment_amount,MAD z-score >= 8 (extreme outlier),,10898790.0,327.02
,,providers_b,sum_payment_amount,MAD z-score >= 8 (extreme outlier),,112392.0,18619.53
,,providers_b,sum_payment_amount,MAD z-score >= 8 (extreme outlier),,1165863.0,415.57
,,providers_b,sum_payment_amount,MAD z-score >= 8 (extreme outlier),,6461319.0,355.12
,,providers_b,sum_payment_amount,MAD z-score >= 8 (extreme outlier),,212261.0,1000.0
,,providers_b,sum_payment_amount,MAD z-score >= 8 (extreme outlier),,609865.0,395.27
,,providers_b,sum_payment_amount,MAD z-score >= 8 (extreme outlier),,360707.0,8325.0
,,providers_b,sum_payment_amount,MAD z-score >= 8 (extreme outlier),,11003093.0,357.51
,,providers_b,sum_payment_amount,MAD z-score >= 8 (extreme outlier),,11227111.0,386.67
,,providers_b,sum_payment_amount,MAD z-score >= 8 (extreme outlier),,867106.0,360.23
,,providers_b,sum_payment_amount,MAD z-score >= 8 (extreme outlier),,73447.0,462.19
,,providers_b,sum_payment_amount,MAD z-score >= 8 (extreme outlier),,50765.0,54346.63
,,providers_b,sum_payment_amount,MAD z-score >= 8 (extreme outlier),,18550.0,1050.06
,,providers_b,sum_payment_amount,MAD z-score >= 8 (extreme outlier),,4221744.0,507.1
,,providers_b,sum_payment_amount,MAD z-score >= 8 (extreme outlier),,141158.0,559.32
,,providers_b,sum_payment_amount,MAD z-score >= 8 (extreme outlier),,11125008.0,5206.7300000000005
,,providers_b,sum_payment_amount,MAD z-score >= 8 (extreme outlier),,199479.0,324.90999999999997
,,providers_b,sum_payment_amount,MAD z-score >= 8 (extreme outlier),,347973.0,533.62
,,providers_b,sum_payment_amount,MAD z-score >= 8 (extreme outlier),,1381123.0,16575.9
,,providers_b,sum_payment_amount,MAD z-score >= 8 (extreme outlier),,10901720.0,296.21
,,providers_b,sum_payment_amount,MAD z-score >= 8 (extreme outlier),,10629918.0,2158.57
,,providers_b,sum_payment_amount,MAD z-score >= 8 (extreme outlier),,234596.0,302.0
,,providers_b,sum_payment_amount,MAD z-score >= 8 (extreme outlier),,104904.0,329.36
,,providers_b,sum_payment_amount,MAD z-score >= 8 (extreme outlier),,5150150.0,466.17
,,providers_b,sum_payment_amount,MAD z-score >= 8 (extreme outlier),,1386330.0,594.3
,,providers_b,sum_payment_amount,MAD z-score >= 8 (extreme outlier),,351198.0,1675.2600000000002
,,providers_b,sum_payment_amount,MAD z-score >= 8 (extreme outlier),,10599367.0,320.47
,,providers_b,sum_payment_amount,MAD z-score >= 8 (extreme outlier),,597315.0,912.48
,,providers_b,sum_payment_amount,MAD z-score >= 8 (extreme outlier),,423615.0,329.21
,,providers_b,sum_payment_amount,MAD z-score >= 8 (extreme outlier),,10536186.0,294.37
,,providers_b,sum_payment_amount,MAD z-score >= 8 (extreme outlier),,1042490.0,316.97
,,providers_b,sum_payment_amount,MAD z-score >= 8 (extreme outlier),,10528470.0,297.18
,,providers_b,sum_payment_amount,MAD z-score >= 8 (extreme outlier),,157262.0,313.23
,,providers_b,sum_payment_amount,MAD z-score >= 8 (extreme outlier),,10995549.0,2313.55
,,providers_b,sum_payment_amount,MAD z-score >= 8 (extreme outlier),,1189035.0,448.26
,,providers_b,sum_payment_amount,MAD z-score >= 8 (extreme outlier),,671696.0,3000.0
,,providers_b,sum_payment_amount,MAD z-score >= 8 (extreme outlier),,304352.0,1372.3799999999999
,,providers_b,sum_payment_amount,MAD z-score >= 8 (extreme outlier),,10955851.0,457.81
,,providers_b,sum_payment_amount,MAD z-score >= 8 (extreme outlier),,2645842.0,440.2
,,providers_b,sum_payment_amount,MAD z-score >= 8 (extreme outlier),,2786625.0,2490.1
,,providers_b,sum_payment_amount,MAD z-score >= 8 (extreme outlier),,1179175.0,5000.0
,,providers_b,sum_payment_amount,MAD z-score >= 8 (extreme outlier),,283897.0,989.7099999999999
,,providers_b,sum_payment_amount,MAD z-score >= 8 (extreme outlier),,324885.0,354.28
,,providers_b,sum_payment_amount,MAD z-score >= 8 (extreme outlier),,2774929.0,2352.56
,,providers_b,sum_payment_amount,MAD z-score >= 8 (extreme outlier),,11198900.0,327.84
,,providers_b,sum_payment_amount,MAD z-score >= 8 (extreme outlier),,57748.0,1750.0
,,providers_b,sum_payment_amount,MAD z-score >= 8 (extreme outlier),,10892415.0,296.07
,,providers_b,sum_payment_amount,MAD z-score >= 8 (extreme outlier),,759960.0,443.0
,,providers_b,sum_payment_amount,MAD z-score >= 8 (extreme outlier),,666065.0,828.23
,,providers_b,sum_payment_amount,MAD z-score >= 8 (extreme outlier),,129447.0,1073.22
,,providers_b,sum_payment_amount,MAD z-score >= 8 (extreme outlier),,65496.0,477.01
,,providers_b,sum_payment_amount,MAD z-score >= 8 (extreme outlier),,392652.0,778.77
,,providers_b,sum_payment_amount,MAD z-score >= 8 (extreme outlier),,204194.0,316.6
,,providers_b,sum_payment_amount,MAD z-score >= 8 (extreme outlier),,344403.0,399.78
,,providers_b,sum_payment_amount,MAD z-score >= 8 (extreme outlier),,3349051.0,4968.59
,,providers_b,sum_payment_amount,MAD z-score >= 8 (extreme outlier),,332437.0,356.56
,,providers_b,sum_payment_amount,MAD z-score >= 8 (extreme outlier),,292235.0,295.95
,,providers_b,sum_payment_amount,MAD z-score >= 8 (extreme outlier),,150493.0,1842.66
,,providers_b,sum_payment_amount,MAD z-score >= 8 (extreme outlier),,1049980.0,1317.9699999999998
,,providers_b,sum_payment_amount,MAD z-score >= 8 (extreme outlier),,1283922.0,340.0
,,providers_b,sum_payment_amount,MAD z-score >= 8 (extreme outlier),,124144.0,424.97
,,providers_b,sum_payment_amount,MAD z-score >= 8 (extreme outlier),,584783.0,442.12
,,providers_b,sum_payment_amount,MAD z-score >= 8 (extreme outlier),,1233427.0,1717.31
,,providers_b,sum_payment_amount,MAD z-score >= 8 (extreme outlier),,10901844.0,487.91
,,providers_b,sum_payment_amount,MAD z-score >= 8 (extreme outlier),,173147.0,550.0
,,providers_b,sum_payment_amount,MAD z-score >= 8 (extreme outlier),,601219.0,1595.3
,,providers_b,sum_payment_amount,MAD z-score >= 8 (extreme outlier),,170710.0,307.76
,,providers_b,sum_payment_amount,MAD z-score >= 8 (extreme outlier),,6157462.0,317.66
,,providers_b,sum_payment_amount,MAD z-score >= 8 (extreme outlier),,177687.0,532.02
,,providers_b,sum_payment_amount,MAD z-score >= 8 (extreme outlier),,2786492.0,3273.38
,,providers_b,sum_payment_amount,MAD z-score >= 8 (extreme outlier),,615544.0,1023.91
,,providers_b,sum_payment_amount,MAD z-score >= 8 (extreme outlier),,1170855.0,2852.55
,,providers_b,sum_payment_amount,MAD z-score >= 8 (extreme outlier),,108620.0,417.76
,,providers_b,sum_payment_amount,MAD z-score >= 8 (extreme outlier),,239989.0,815.0699999999999
,,providers_b,sum_payment_amount,MAD z-score >= 8 (extreme outlier),,80374.0,2800.0
,,providers_b,sum_payment_amount,MAD z-score >= 8 (extreme outlier),,11231604.0,380.56
,,providers_b,sum_payment_amount,MAD z-score >= 8 (extreme outlier),,294628.0,16587.44
,,providers_b,sum_payment_amount,MAD z-score >= 8 (extreme outlier),,365781.0,304.42
,,providers_b,sum_payment_amount,MAD z-score >= 8 (extreme outlier),,771434.0,2102.81
,,providers_b,sum_payment_amount,MAD z-score >= 8 (extreme outlier),,11349339.0,792.16
,,providers_b,sum_payment_amount,MAD z-score >= 8 (extreme outlier),,531429.0,13300.0
,,providers_b,sum_payment_amount,MAD z-score >= 8 (extreme outlier),,76919.0,630.1
,,providers_b,sum_payment_amount,MAD z-score >= 8 (extreme outlier),,666263.0,1171.63
,,providers_b,sum_payment_amount,MAD z-score >= 8 (extreme outlier),,11135751.0,357.29
,,providers_b,sum_payment_amount,MAD z-score >= 8 (extreme outlier),,2786363.0,292.1
,,providers_b,sum_payment_amount,MAD z-score >= 8 (extreme outlier),,1214959.0,746.86
,,providers_b,sum_payment_amount,MAD z-score >= 8 (extreme outlier),,116429.0,81184.09
,,providers_b,sum_payment_amount,MAD z-score >= 8 (extreme outlier),,940145.0,807.2
,,providers_b,sum_payment_amount,MAD z-score >= 8 (extreme outlier),,11451996.0,372.52
,,providers_b,sum_payment_amount,MAD z-score >= 8 (extreme outlier),,8755404.0,345.08
,,providers_b,sum_payment_amount,MAD z-score >= 8 (extreme outlier),,11436779.0,318.96000000000004
,,providers_b,sum_payment_amount,MAD z-score >= 8 (extreme outlier),,1090561.0,298.13
,,providers_b,sum_payment_amount,MAD z-score >= 8 (extreme outlier),,938214.0,2000.0
,,providers_b,sum_payment_amount,MAD z-score >= 8 (extreme outlier),,269152.0,900.0
,,providers_b,sum_payment_amount,MAD z-score >= 8 (extreme outlier),,11204991.0,311.07
,,providers_b,sum_payment_amount,MAD z-score >= 8 (extreme outlier),,10586939.0,276.11
,,providers_b,sum_payment_amount,MAD z-score >= 8 (extreme outlier),,612023.0,1356.44
,,providers_b,sum_payment_amount,MAD z-score >= 8 (extreme outlier),,144842.0,306.94
,,providers_b,sum_payment_amount,MAD z-score >= 8 (extreme outlier),,646424.0,717.3000000000001
,,providers_b,sum_payment_amount,MAD z-score >= 8 (extreme outlier),,10572571.0,359.78000000000003
,,providers_b,sum_payment_amount,MAD z-score >= 8 (extreme outlier),,8804265.0,3215.0
,,providers_b,sum_payment_amount,MAD z-score >= 8 (extreme outlier),,5705338.0,332.29
,,providers_b,sum_payment_amount,MAD z-score >= 8 (extreme outlier),,751292.0,564.8399999999999
,,providers_b,sum_payment_amount,MAD z-score >= 8 (extreme outlier),,74443.0,353.56
,,providers_b,sum_payment_amount,MAD z-score >= 8 (extreme outlier),,15413.0,2975.0
,,providers_b,sum_payment_amount,MAD z-score >= 8 (extreme outlier),,1191365.0,367.5
,,providers_b,sum_payment_amount,MAD z-score >= 8 (extreme outlier),,242048.0,740.09
,,providers_b,sum_payment_amount,MAD z-score >= 8 (extreme outlier),,1326532.0,315.01
,,providers_b,sum_payment_amount,MAD z-score >= 8 (extreme outlier),,309912.0,393.2
,,providers_b,sum_payment_amount,MAD z-score >= 8 (extreme outlier),,990176.0,1876.81
,,providers_b,sum_payment_amount,MAD z-score >= 8 (extreme outlier),,259357.0,321.27
,,providers_b,sum_payment_amount,MAD z-score >= 8 (extreme outlier),,2785173.0,287.25
,,providers_b,sum_payment_amount,MAD z-score >= 8 (extreme outlier),,1345912.0,290.90999999999997
,,providers_b,sum_payment_amount,MAD z-score >= 8 (extreme outlier),,199607.0,2138.58
,,providers_b,sum_payment_amount,MAD z-score >= 8 (extreme outlier),,286703.0,13850.42
,,providers_b,sum_payment_amount,MAD z-score >= 8 (extreme outlier),,552606.0,459.98
,,providers_b,sum_payment_amount,MAD z-score >= 8 (extreme outlier),,505706.0,291.43
,,providers_b,sum_payment_amount,MAD z-score >= 8 (extreme outlier),,10742959.0,274.08
,,providers_b,sum_payment_amount,MAD z-score >= 8 (extreme outlier),,10515106.0,1961.88
,,providers_b,sum_payment_amount,MAD z-score >= 8 (extreme outlier),,10957487.0,289.3
,,providers_b,sum_payment_amount,MAD z-score >= 8 (extreme outlier),,11121303.0,339.95
,,providers_b,sum_payment_amount,MAD z-score >= 8 (extreme outlier),,10413824.0,415.5
,,providers_b,sum_payment_amount,MAD z-score >= 8 (extreme outlier),,14350.0,1138.86
,,providers_b,sum_payment_amount,MAD z-score >= 8 (extreme outlier),,4801502.0,1132.83
,,providers_b,sum_payment_amount,MAD z-score >= 8 (extreme outlier),,10413247.0,346.84
,,providers_b,sum_payment_amount,MAD z-score >= 8 (extreme outlier),,10797826.0,885.72
,,providers_b,sum_payment_amount,MAD z-score >= 8 (extreme outlier),,11264781.0,610.23
,,providers_b,sum_payment_amount,MAD z-score >= 8 (extreme outlier),,11056251.0,2311.45
,,providers_b,sum_payment_amount,MAD z-score >= 8 (extreme outlier),,140278.0,346.34000000000003
,,providers_b,sum_payment_amount,MAD z-score >= 8 (extreme outlier),,26635.0,784.6
,,providers_b,sum_payment_amount,MAD z-score >= 8 (extreme outlier),,579478.0,684.28
,,providers_b,sum_payment_amount,MAD z-score >= 8 (extreme outlier),,135075.0,2500.0
,,providers_b,sum_payment_amount,MAD z-score >= 8 (extreme outlier),,1320471.0,937.18
,,providers_b,sum_payment_amount,MAD z-score >= 8 (extreme outlier),,10903921.0,415.57
,,providers_b,sum_payment_amount,MAD z-score >= 8 (extreme outlier),,24775.0,548.12
,,providers_b,sum_payment_amount,MAD z-score >= 8 (extreme outlier),,10744877.0,277.06
,,providers_b,sum_payment_amount,MAD z-score >= 8 (extreme outlier),,14654.0,279.38
,,providers_b,sum_payment_amount,MAD z-score >= 8 (extreme outlier),,37467.0,15251.199999999999
,,providers_b,sum_payment_amount,MAD z-score >= 8 (extreme outlier),,44254.0,1302.68
,,providers_b,sum_payment_amount,MAD z-score >= 8 (extreme outlier),,1345247.0,3450.0
,,providers_b,sum_payment_amount,MAD z-score >= 8 (extreme outlier),,131000.0,318.39
,,providers_b,sum_payment_amount,MAD z-score >= 8 (extreme outlier),,5770584.0,1320.94
,,providers_b,sum_payment_amount,MAD z-score >= 8 (extreme outlier),,663440.0,896.99
,,providers_b,sum_payment_amount,MAD z-score >= 8 (extreme outlier),,59076.0,507.52000000000004
,,providers_b,sum_payment_amount,MAD z-score >= 8 (extreme outlier),,250318.0,417.01
,,providers_b,sum_payment_amount,MAD z-score >= 8 (extreme outlier),,11228087.0,288.21000000000004
,,providers_b,sum_payment_amount,MAD z-score >= 8 (extreme outlier),,672250.0,13519.27
,,providers_b,sum_payment_amount,MAD z-score >= 8 (extreme outlier),,484598.0,386.55
,,providers_b,sum_payment_amount,MAD z-score >= 8 (extreme outlier),,10022.0,448.93
,,providers_b,sum_payment_amount,MAD z-score >= 8 (extreme outlier),,1283203.0,4056.28
,,providers_b,sum_payment_amount,MAD z-score >= 8 (extreme outlier),,137340.0,619.6
,,providers_b,sum_payment_amount,MAD z-score >= 8 (extreme outlier),,11008861.0,300.48
,,providers_b,sum_payment_amount,MAD z-score >= 8 (extreme outlier),,10650950.0,288.88
,,providers_b,sum_payment_amount,MAD z-score >= 8 (extreme outlier),,106853.0,1260.55
,,providers_b,sum_payment_amount,MAD z-score >= 8 (extreme outlier),,10904779.0,352.73
,,providers_b,sum_payment_amount,MAD z-score >= 8 (extreme outlier),,926486.0,1796.32
,,providers_b,sum_payment_amount,MAD z-score >= 8 (extreme outlier),,1351291.0,356.41999999999996
,,providers_b,sum_payment_amount,MAD z-score >= 8 (extreme outlier),,238449.0,606.95
,,providers_b,sum_payment_amount,MAD z-score >= 8 (extreme outlier),,854023.0,500.0
,,providers_b,sum_payment_amount,MAD z-score >= 8 (extreme outlier),,5209478.0,639.16
,,providers_b,sum_payment_amount,MAD z-score >= 8 (extreme outlier),,243130.0,13012.279999999999
,,providers_b,sum_payment_amount,MAD z-score >= 8 (extreme outlier),,1314068.0,1400.0
,,providers_b,sum_payment_amount,MAD z-score >= 8 (extreme outlier),,23322.0,557.7
,,providers_b,sum_payment_amount,MAD z-score >= 8 (extreme outlier),,2627637.0,3911.41
,,providers_b,sum_payment_amount,MAD z-score >= 8 (extreme outlier),,10450386.0,394.6
,,providers_b,sum_payment_amount,MAD z-score >= 8 (extreme outlier),,11060423.0,407.01
,,providers_b,sum_payment_amount,MAD z-score >= 8 (extreme outlier),,653753.0,417.63
,,providers_b,sum_payment_amount,MAD z-score >= 8 (extreme outlier),,712907.0,300.74
,,providers_b,sum_payment_amount,MAD z-score >= 8 (extreme outlier),,8762389.0,25800.0
,,providers_b,sum_payment_amount,MAD z-score >= 8 (extreme outlier),,805324.0,474.06
,,providers_b,sum_payment_amount,MAD z-score >= 8 (extreme outlier),,1016069.0,1499.16
,,providers_b,sum_payment_amount,MAD z-score >= 8 (extreme outlier),,49106.0,3466.6
,,providers_b,sum_payment_amount,MAD z-score >= 8 (extreme outlier),,168876.0,358.74
,,providers_b,sum_payment_amount,MAD z-score >= 8 (extreme outlier),,1221886.0,566.79
,,providers_b,sum_payment_amount,MAD z-score >= 8 (extreme outlier),,29936.0,59312.53
,,providers_b,sum_payment_amount,MAD z-score >= 8 (extreme outlier),,11426831.0,836.18
,,providers_b,sum_payment_amount,MAD z-score >= 8 (extreme outlier),,11430514.0,9495.0
,,providers_b,sum_payment_amount,MAD z-score >= 8 (extreme outlier),,10634317.0,711.34
,,providers_b,sum_payment_amount,MAD z-score >= 8 (extreme outlier),,336836.0,617.62
,,providers_b,sum_payment_amount,MAD z-score >= 8 (extreme outlier),,72015.0,284.1
,,providers_b,sum_payment_amount,MAD z-score >= 8 (extreme outlier),,126539.0,611.91
,,providers_b,sum_payment_amount,MAD z-score >= 8 (extreme outlier),,10976861.0,406.4
,,providers_b,sum_payment_amount,MAD z-score >= 8 (extreme outlier),,112117.0,278.09
,,providers_b,sum_payment_amount,MAD z-score >= 8 (extreme outlier),,10718777.0,410.3
,,providers_b,sum_payment_amount,MAD z-score >= 8 (extreme outlier),,1247143.0,497.43
,,providers_b,sum_payment_amount,MAD z-score >= 8 (extreme outlier),,11428390.0,25000.0
,,providers_b,sum_payment_amount,MAD z-score >= 8 (extreme outlier),,1239400.0,41281.68
,,providers_b,sum_payment_amount,MAD z-score >= 8 (extreme outlier),,220741.0,1241.3
,,providers_b,sum_payment_amount,MAD z-score >= 8 (extreme outlier),,1636057.0,1026.6
,,providers_b,sum_payment_amount,MAD z-score >= 8 (extreme outlier),,5638339.0,277.31
,,providers_b,sum_payment_amount,MAD z-score >= 8 (extreme outlier),,4221426.0,296.22
,,providers_b,sum_payment_amount,MAD z-score >= 8 (extreme outlier),,486726.0,9888.51
,,providers_b,sum_payment_amount,MAD z-score >= 8 (extreme outlier),,10844212.0,385.44
,,providers_b,sum_payment_amount,MAD z-score >= 8 (extreme outlier),,749783.0,524.0
,,providers_b,sum_payment_amount,MAD z-score >= 8 (extreme outlier),,1130123.0,361.71
,,providers_b,sum_payment_amount,MAD z-score >= 8 (extreme outlier),,61290.0,564.43
,,providers_b,sum_payment_amount,MAD z-score >= 8 (extreme outlier),,10597861.0,1833.78
,,providers_b,sum_payment_amount,MAD z-score >= 8 (extreme outlier),,6527443.0,10348.5
,,providers_b,sum_payment_amount,MAD z-score >= 8 (extreme outlier),,10541217.0,1025.0
,,providers_b,sum_payment_amount,MAD z-score >= 8 (extreme outlier),,339421.0,324.08
,,providers_b,sum_payment_amount,MAD z-score >= 8 (extreme outlier),,10534733.0,549.49
,,providers_b,sum_payment_amount,MAD z-score >= 8 (extreme outlier),,407804.0,1740.0
,,providers_b,sum_payment_amount,MAD z-score >= 8 (extreme outlier),,221320.0,97169.18
,,providers_b,sum_payment_amount,MAD z-score >= 8 (extreme outlier),,8806314.0,869.67
,,providers_b,sum_payment_amount,MAD z-score >= 8 (extreme outlier),,262684.0,304.20000000000005
,,providers_b,sum_payment_amount,MAD z-score >= 8 (extreme outlier),,1007922.0,2033.25
,,providers_b,sum_payment_amount,MAD z-score >= 8 (extreme outlier),,3180.0,1500.0
,,providers_b,sum_payment_amount,MAD z-score >= 8 (extreme outlier),,895774.0,1360.0
,,providers_b,sum_payment_amount,MAD z-score >= 8 (extreme outlier),,10419500.0,376.64
,,providers_b,sum_payment_amount,MAD z-score >= 8 (extreme outlier),,130017.0,994.8
,,providers_b,sum_payment_amount,MAD z-score >= 8 (extreme outlier),,692608.0,900.0
,,providers_b,sum_payment_amount,MAD z-score >= 8 (extreme outlier),,11014623.0,294.09
,,providers_b,sum_payment_amount,MAD z-score >= 8 (extreme outlier),,10532387.0,356.98
,,providers_b,sum_payment_amount,MAD z-score >= 8 (extreme outlier),,23003.0,389.63
,,providers_b,sum_payment_amount,MAD z-score >= 8 (extreme outlier),,113693.0,26264.75
,,providers_b,sum_payment_amount,MAD z-score >= 8 (extreme outlier),,32564.0,500.9
,,providers_b,sum_payment_amount,MAD z-score >= 8 (extreme outlier),,853866.0,779.23
,,providers_b,sum_payment_amount,MAD z-score >= 8 (extreme outlier),,471647.0,1155.16
,,providers_b,sum_payment_amount,MAD z-score >= 8 (extreme outlier),,10998073.0,356.06
,,providers_b,sum_payment_amount,MAD z-score >= 8 (extreme outlier),,11134869.0,5250.0
,,providers_b,sum_payment_amount,MAD z-score >= 8 (extreme outlier),,128685.0,478.43
,,providers_b,sum_payment_amount,MAD z-score >= 8 (extreme outlier),,264914.0,554.8499999999999
,,providers_b,sum_payment_amount,MAD z-score >= 8 (extreme outlier),,177486.0,5250.0
,,providers_b,sum_payment_amount,MAD z-score >= 8 (extreme outlier),,1107815.0,278.88
,,providers_b,sum_payment_amount,MAD z-score >= 8 (extreme outlier),,254380.0,6143.17
,,providers_b,sum_payment_amount,MAD z-score >= 8 (extreme outlier),,4999997.0,3800.0
,,providers_b,sum_payment_amount,MAD z-score >= 8 (extreme outlier),,317536.0,1017.0
,,providers_b,sum_payment_amount,MAD z-score >= 8 (extreme outlier),,10451968.0,413.48
,,providers_b,sum_payment_amount,MAD z-score >= 8 (extreme outlier),,488754.0,12819.380000000001
,,providers_b,sum_payment_amount,MAD z-score >= 8 (extreme outlier),,10689837.0,298.13
,,providers_b,sum_payment_amount,MAD z-score >= 8 (extreme outlier),,4226342.0,1814.95
,,providers_b,sum_payment_amount,MAD z-score >= 8 (extreme outlier),,1303040.0,307.83
,,providers_b,sum_payment_amount,MAD z-score >= 8 (extreme outlier),,89600.0,281.72
,,providers_b,sum_payment_amount,MAD z-score >= 8 (extreme outlier),,8921066.0,346.81
,,providers_b,sum_payment_amount,MAD z-score >= 8 (extreme outlier),,446227.0,483.44
,,providers_b,sum_payment_amount,MAD z-score >= 8 (extreme outlier),,11373555.0,378.55
,,providers_b,sum_payment_amount,MAD z-score >= 8 (extreme outlier),,151307.0,287.03
,,providers_b,sum_payment_amount,MAD z-score >= 8 (extreme outlier),,283877.0,331.28999999999996
,,providers_b,sum_payment_amount,MAD z-score >= 8 (extreme outlier),,883042.0,1350.0
,,providers_b,sum_payment_amount,MAD z-score >= 8 (extreme outlier),,263859.0,11000.0
,,providers_b,sum_payment_amount,MAD z-score >= 8 (extreme outlier),,10953985.0,597.6899999999999
,,providers_b,sum_payment_amount,MAD z-score >= 8 (extreme outlier),,10564770.0,348.07
,,providers_b,sum_payment_amount,MAD z-score >= 8 (extreme outlier),,777559.0,7063.9400000000005
,,providers_b,sum_payment_amount,MAD z-score >= 8 (extreme outlier),,10696042.0,751.01
,,providers_b,sum_payment_amount,MAD z-score >= 8 (extreme outlier),,346417.0,331.8
,,providers_b,sum_payment_amount,MAD z-score >= 8 (extreme outlier),,172592.0,541.45
,,providers_b,sum_payment_amount,MAD z-score >= 8 (extreme outlier),,5703460.0,523.61
,,providers_b,sum_payment_amount,MAD z-score >= 8 (extreme outlier),,1382952.0,3015.51
,,providers_b,sum_payment_amount,MAD z-score >= 8 (extreme outlier),,4993191.0,5100.62
,,providers_b,sum_payment_amount,MAD z-score >= 8 (extreme outlier),,11429154.0,410.29
,,providers_b,sum_payment_amount,MAD z-score >= 8 (extreme outlier),,161857.0,2237.91
,,providers_b,sum_payment_amount,MAD z-score >= 8 (extreme outlier),,585480.0,400.0
,,providers_b,sum_payment_amount,MAD z-score >= 8 (extreme outlier),,508882.0,323.98
,,providers_b,sum_payment_amount,MAD z-score >= 8 (extreme outlier),,10743633.0,283.53
,,providers_b,sum_payment_amount,MAD z-score >= 8 (extreme outlier),,319654.0,1442.06
,,providers_b,sum_payment_amount,MAD z-score >= 8 (extreme outlier),,10767559.0,287.3
,,providers_b,sum_payment_amount,MAD z-score >= 8 (extreme outlier),,11251396.0,309.9
,,providers_b,sum_payment_amount,MAD z-score >= 8 (extreme outlier),,209536.0,775.71
,,providers_b,sum_payment_amount,MAD z-score >= 8 (extreme outlier),,7221845.0,4025.77
,,providers_b,sum_payment_amount,MAD z-score >= 8 (extreme outlier),,249010.0,346.44
,,providers_b,sum_payment_amount,MAD z-score >= 8 (extreme outlier),,277860.0,6520.870000000001
,,providers_b,sum_payment_amount,MAD z-score >= 8 (extreme outlier),,10609492.0,379.15
,,providers_b,sum_payment_amount,MAD z-score >= 8 (extreme outlier),,661314.0,15270.92
,,providers_b,sum_payment_amount,MAD z-score >= 8 (extreme outlier),,2790851.0,383.74
,,providers_b,sum_payment_amount,MAD z-score >= 8 (extreme outlier),,633834.0,28085.12
,,providers_b,sum_payment_amount,MAD z-score >= 8 (extreme outlier),,11276089.0,290.19
,,providers_b,sum_payment_amount,MAD z-score >= 8 (extreme outlier),,982514.0,595.76
,,providers_b,sum_payment_amount,MAD z-score >= 8 (extreme outlier),,958841.0,580.6700000000001
,,providers_b,sum_payment_amount,MAD z-score >= 8 (extreme outlier),,10946053.0,456.72
,,providers_b,sum_payment_amount,MAD z-score >= 8 (extreme outlier),,11047763.0,903.47
,,providers_b,sum_payment_amount,MAD z-score >= 8 (extreme outlier),,30167.0,691.4100000000001
,,providers_b,sum_payment_amount,MAD z-score >= 8 (extreme outlier),,2773991.0,278.7
,,providers_b,sum_payment_amount,MAD z-score >= 8 (extreme outlier),,1327297.0,1079.81
,,providers_b,sum_payment_amount,MAD z-score >= 8 (extreme outlier),,48874.0,1107.4
,,providers_b,sum_payment_amount,MAD z-score >= 8 (extreme outlier),,10940463.0,1505.07
,,providers_b,sum_payment_amount,MAD z-score >= 8 (extreme outlier),,296165.0,1554.7
,,providers_b,sum_payment_amount,MAD z-score >= 8 (extreme outlier),,317643.0,351.74
,,providers_b,sum_payment_amount,MAD z-score >= 8 (extreme outlier),,105336.0,10882.41
,,providers_b,sum_payment_amount,MAD z-score >= 8 (extreme outlier),,10794933.0,1468.56
,,providers_b,sum_payment_amount,MAD z-score >= 8 (extreme outlier),,302855.0,1500.0
,,providers_b,sum_payment_amount,MAD z-score >= 8 (extreme outlier),,8774050.0,319.96
,,providers_b,sum_payment_amount,MAD z-score >= 8 (extreme outlier),,332567.0,347.4
,,providers_b,sum_payment_amount,MAD z-score >= 8 (extreme outlier),,10745693.0,307.4
,,providers_b,sum_payment_amount,MAD z-score >= 8 (extreme outlier),,1050632.0,800.0
,,providers_b,sum_payment_amount,MAD z-score >= 8 (extreme outlier),,229962.0,146750.12
,,providers_b,sum_payment_amount,MAD z-score >= 8 (extreme outlier),,174996.0,8550.0
,,providers_b,sum_payment_amount,MAD z-score >= 8 (extreme outlier),,11355113.0,278.05
,,providers_b,sum_payment_amount,MAD z-score >= 8 (extreme outlier),,11139083.0,339.7
,,providers_b,sum_payment_amount,MAD z-score >= 8 (extreme outlier),,10983189.0,727.87
,,providers_b,sum_payment_amount,MAD z-score >= 8 (extreme outlier),,1286163.0,441.67999999999995
,,providers_b,sum_payment_amount,MAD z-score >= 8 (extreme outlier),,589273.0,800.0
,,providers_b,sum_payment_amount,MAD z-score >= 8 (extreme outlier),,145857.0,462.93
,,providers_b,sum_payment_amount,MAD z-score >= 8 (extreme outlier),,760402.0,756.36
,,providers_b,sum_payment_amount,MAD z-score >= 8 (extreme outlier),,235457.0,3320.0
,,providers_b,sum_payment_amount,MAD z-score >= 8 (extreme outlier),,253200.0,1667.44
,,providers_b,sum_payment_amount,MAD z-score >= 8 (extreme outlier),,2460843.0,323.27
,,providers_b,sum_payment_amount,MAD z-score >= 8 (extreme outlier),,305485.0,7200.0
,,providers_b,sum_payment_amount,MAD z-score >= 8 (extreme outlier),,346342.0,382.69
,,providers_b,sum_payment_amount,MAD z-score >= 8 (extreme outlier),,36900.0,18315.0
,,providers_b,sum_payment_amount,MAD z-score >= 8 (extreme outlier),,10838059.0,297.23
,,providers_b,sum_payment_amount,MAD z-score >= 8 (extreme outlier),,270208.0,276.65999999999997
,,providers_b,sum_payment_amount,MAD z-score >= 8 (extreme outlier),,46905.0,4377.16
,,providers_b,sum_payment_amount,MAD z-score >= 8 (extreme outlier),,9702170.0,293.03999999999996
,,providers_b,sum_payment_amount,MAD z-score >= 8 (extreme outlier),,415461.0,14889.3
,,providers_b,sum_payment_amount,MAD z-score >= 8 (extreme outlier),,10858696.0,335.65
,,providers_b,sum_payment_amount,MAD z-score >= 8 (extreme outlier),,11109503.0,274.01
,,providers_b,sum_payment_amount,MAD z-score >= 8 (extreme outlier),,164036.0,2050.0
,,providers_b,sum_payment_amount,MAD z-score >= 8 (extreme outlier),,675080.0,3000.0
,,providers_b,sum_payment_amount,MAD z-score >= 8 (extreme outlier),,297346.0,300.11
,,providers_b,sum_payment_amount,MAD z-score >= 8 (extreme outlier),,1345350.0,436.4
,,providers_b,sum_payment_amount,MAD z-score >= 8 (extreme outlier),,292293.0,432.49
,,providers_b,sum_payment_amount,MAD z-score >= 8 (extreme outlier),,334356.0,526.85
,,providers_b,sum_payment_amount,MAD z-score >= 8 (extreme outlier),,179301.0,812.68
,,providers_b,sum_payment_amount,MAD z-score >= 8 (extreme outlier),,53537.0,19504.0
,,providers_b,sum_payment_amount,MAD z-score >= 8 (extreme outlier),,495724.0,11400.0
,,providers_b,sum_payment_amount,MAD z-score >= 8 (extreme outlier),,245978.0,719.74
,,providers_b,sum_payment_amount,MAD z-score >= 8 (extreme outlier),,110638.0,711.62
,,providers_b,sum_payment_amount,MAD z-score >= 8 (extreme outlier),,197981.0,15516.5
,,providers_b,sum_payment_amount,MAD z-score >= 8 (extreme outlier),,8802792.0,344.67
,,providers_b,sum_payment_amount,MAD z-score >= 8 (extreme outlier),,1484.0,12703.55
,,providers_b,sum_payment_amount,MAD z-score >= 8 (extreme outlier),,6718113.0,716.72
,,providers_b,sum_payment_amount,MAD z-score >= 8 (extreme outlier),,975703.0,638.65
,,providers_b,sum_payment_amount,MAD z-score >= 8 (extreme outlier),,10573648.0,370.51
,,providers_b,sum_payment_amount,MAD z-score >= 8 (extreme outlier),,207719.0,480.29999999999995
,,providers_b,sum_payment_amount,MAD z-score >= 8 (extreme outlier),,878734.0,4392.7
,,providers_b,sum_payment_amount,MAD z-score >= 8 (extreme outlier),,11276263.0,382.77
,,providers_b,sum_payment_amount,MAD z-score >= 8 (extreme outlier),,11103076.0,305.92
,,providers_b,sum_payment_amount,MAD z-score >= 8 (extreme outlier),,1378933.0,288.64
,,providers_b,sum_payment_amount,MAD z-score >= 8 (extreme outlier),,273790.0,146000.16
,,providers_b,sum_payment_amount,MAD z-score >= 8 (extreme outlier),,158432.0,11980.86
,,providers_b,sum_payment_amount,MAD z-score >= 8 (extreme outlier),,2788356.0,480.69000000000005
,,providers_b,sum_payment_amount,MAD z-score >= 8 (extreme outlier),,280449.0,498.36
,,providers_b,sum_payment_amount,MAD z-score >= 8 (extreme outlier),,213144.0,311.62
,,providers_b,sum_payment_amount,MAD z-score >= 8 (extreme outlier),,673602.0,665.37
,,providers_b,sum_payment_amount,MAD z-score >= 8 (extreme outlier),,545610.0,2207.3
,,providers_b,sum_payment_amount,MAD z-score >= 8 (extreme outlier),,10129791.0,310.21
,,providers_b,sum_payment_amount,MAD z-score >= 8 (extreme outlier),,10721350.0,322.06
,,providers_b,sum_payment_amount,MAD z-score >= 8 (extreme outlier),,12669.0,1543.0600000000002
,,providers_b,sum_payment_amount,MAD z-score >= 8 (extreme outlier),,230359.0,660.27
,,providers_b,sum_payment_amount,MAD z-score >= 8 (extreme outlier),,11289280.0,1525.67
,,providers_b,sum_payment_amount,MAD z-score >= 8 (extreme outlier),,11242635.0,465.77
,,providers_b,sum_payment_amount,MAD z-score >= 8 (extreme outlier),,11109181.0,330.64
,,providers_b,sum_payment_amount,MAD z-score >= 8 (extreme outlier),,10690010.0,849.42
,,providers_b,sum_payment_amount,MAD z-score >= 8 (extreme outlier),,1391549.0,716.58
,,providers_b,sum_payment_amount,MAD z-score >= 8 (extreme outlier),,969018.0,3206.81
,,providers_b,sum_payment_amount,MAD z-score >= 8 (extreme outlier),,11146299.0,307.09000000000003
,,providers_b,sum_payment_amount,MAD z-score >= 8 (extreme outlier),,485855.0,2839.61
,,providers_b,sum_payment_amount,MAD z-score >= 8 (extreme outlier),,969917.0,343.78
,,providers_b,sum_payment_amount,MAD z-score >= 8 (extreme outlier),,107115.0,48874.020000000004
,,providers_b,sum_payment_amount,MAD z-score >= 8 (extreme outlier),,467087.0,302.66
,,providers_b,sum_payment_amount,MAD z-score >= 8 (extreme outlier),,350107.0,328.88
,,providers_b,sum_payment_amount,MAD z-score >= 8 (extreme outlier),,175230.0,12134.960000000001
,,providers_b,sum_payment_amount,MAD z-score >= 8 (extreme outlier),,3289987.0,525.18
,,providers_b,sum_payment_amount,MAD z-score >= 8 (extreme outlier),,11082393.0,480.0
,,providers_b,sum_payment_amount,MAD z-score >= 8 (extreme outlier),,591639.0,1947.29
,,providers_b,sum_payment_amount,MAD z-score >= 8 (extreme outlier),,11300667.0,413.48
,,providers_b,sum_payment_amount,MAD z-score >= 8 (extreme outlier),,591698.0,51318.560000000005
,,providers_b,sum_payment_amount,MAD z-score >= 8 (extreme outlier),,4212768.0,606.92
,,providers_b,sum_payment_amount,MAD z-score >= 8 (extreme outlier),,11146280.0,1721.78
,,providers_b,sum_payment_amount,MAD z-score >= 8 (extreme outlier),,253902.0,2740.37
,,providers_b,sum_payment_amount,MAD z-score >= 8 (extreme outlier),,162050.0,365.65
,,providers_b,sum_payment_amount,MAD z-score >= 8 (extreme outlier),,10470267.0,301.91
,,providers_b,sum_payment_amount,MAD z-score >= 8 (extreme outlier),,156605.0,28887.36
,,providers_b,sum_payment_amount,MAD z-score >= 8 (extreme outlier),,10726674.0,371.08
,,providers_b,sum_payment_amount,MAD z-score >= 8 (extreme outlier),,173315.0,279.03
,,providers_b,sum_payment_amount,MAD z-score >= 8 (extreme outlier),,11407432.0,386.96000000000004
,,providers_b,sum_payment_amount,MAD z-score >= 8 (extreme outlier),,82135.0,47032.01
,,providers_b,sum_payment_amount,MAD z-score >= 8 (extreme outlier),,98110.0,1611.35
,,providers_b,sum_payment_amount,MAD z-score >= 8 (extreme outlier),,73197.0,700.0
,,providers_b,sum_payment_amount,MAD z-score >= 8 (extreme outlier),,321596.0,39305.28
,,providers_b,sum_payment_amount,MAD z-score >= 8 (extreme outlier),,1380933.0,339.15
,,providers_b,sum_payment_amount,MAD z-score >= 8 (extreme outlier),,556790.0,1826.28
,,providers_b,sum_payment_amount,MAD z-score >= 8 (extreme outlier),,140942.0,5661.16
,,providers_b,sum_payment_amount,MAD z-score >= 8 (extreme outlier),,832879.0,429.95000000000005
,,providers_b,sum_payment_amount,MAD z-score >= 8 (extreme outlier),,4395296.0,274.75
,,providers_b,sum_payment_amount,MAD z-score >= 8 (extreme outlier),,152804.0,7000.0
,,providers_b,sum_payment_amount,MAD z-score >= 8 (extreme outlier),,1359077.0,13636.9
,,providers_b,sum_payment_amount,MAD z-score >= 8 (extreme outlier),,3542152.0,286.2
,,providers_b,sum_payment_amount,MAD z-score >= 8 (extreme outlier),,161232.0,550.0
,,providers_b,sum_payment_amount,MAD z-score >= 8 (extreme outlier),,11207514.0,293.08
,,providers_b,sum_payment_amount,MAD z-score >= 8 (extreme outlier),,209555.0,477.59
,,providers_b,sum_payment_amount,MAD z-score >= 8 (extreme outlier),,563111.0,1239.23
,,providers_b,sum_payment_amount,MAD z-score >= 8 (extreme outlier),,206135.0,2337.5
,,providers_b,sum_payment_amount,MAD z-score >= 8 (extreme outlier),,138829.0,1620.42
,,providers_b,sum_payment_amount,MAD z-score >= 8 (extreme outlier),,6059264.0,825.0
,,providers_b,sum_payment_amount,MAD z-score >= 8 (extreme outlier),,152007.0,563.27
,,providers_b,sum_payment_amount,MAD z-score >= 8 (extreme outlier),,4208893.0,758.77
,,providers_b,sum_payment_amount,MAD z-score >= 8 (extreme outlier),,309226.0,4630.0
,,providers_b,sum_payment_amount,MAD z-score >= 8 (extreme outlier),,1351748.0,2250.21
,,providers_b,sum_payment_amount,MAD z-score >= 8 (extreme outlier),,3192374.0,3400.0
,,providers_b,sum_payment_amount,MAD z-score >= 8 (extreme outlier),,11238764.0,1060.47
,,providers_b,sum_payment_amount,MAD z-score >= 8 (extreme outlier),,3147695.0,432.91
,,providers_b,sum_payment_amount,MAD z-score >= 8 (extreme outlier),,167573.0,383.27
,,providers_b,sum_payment_amount,MAD z-score >= 8 (extreme outlier),,10648044.0,690.3
,,providers_b,sum_payment_amount,MAD z-score >= 8 (extreme outlier),,107829.0,422.68
,,providers_b,sum_payment_amount,MAD z-score >= 8 (extreme outlier),,570081.0,1860.49
,,providers_b,sum_payment_amount,MAD z-score >= 8 (extreme outlier),,284839.0,3199.85
,,providers_b,sum_payment_amount,MAD z-score >= 8 (extreme outlier),,741390.0,1044.35
,,providers_b,sum_payment_amount,MAD z-score >= 8 (extreme outlier),,1065194.0,60000.0
,,providers_b,sum_payment_amount,MAD z-score >= 8 (extreme outlier),,293261.0,14833.619999999999
,,providers_b,sum_payment_amount,MAD z-score >= 8 (extreme outlier),,201230.0,350.0
,,providers_b,sum_payment_amount,MAD z-score >= 8 (extreme outlier),,319998.0,12190.210000000001
,,providers_b,sum_payment_amount,MAD z-score >= 8 (extreme outlier),,202838.0,3400.67
,,providers_b,sum_payment_amount,MAD z-score >= 8 (extreme outlier),,130563.0,291.75
,,providers_b,sum_payment_amount,MAD z-score >= 8 (extreme outlier),,807037.0,1863.1
,,providers_b,sum_payment_amount,MAD z-score >= 8 (extreme outlier),,961256.0,425.42
,,providers_b,sum_payment_amount,MAD z-score >= 8 (extreme outlier),,150102.0,566.43
,,providers_b,sum_payment_amount,MAD z-score >= 8 (extreme outlier),,10460546.0,297.13
,,providers_b,sum_payment_amount,MAD z-score >= 8 (extreme outlier),,2786459.0,1238.07
,,providers_b,sum_payment_amount,MAD z-score >= 8 (extreme outlier),,217206.0,484.87
,,providers_b,sum_payment_amount,MAD z-score >= 8 (extreme outlier),,220522.0,305.6
,,providers_b,sum_payment_amount,MAD z-score >= 8 (extreme outlier),,701788.0,3886.15
,,providers_b,sum_payment_amount,MAD z-score >= 8 (extreme outlier),,670535.0,508.23
,,providers_b,sum_payment_amount,MAD z-score >= 8 (extreme outlier),,4226738.0,331.23
,,providers_b,sum_payment_amount,MAD z-score >= 8 (extreme outlier),,65113.0,5490.68
,,providers_b,sum_payment_amount,MAD z-score >= 8 (extreme outlier),,11242191.0,471.4
,,providers_b,sum_payment_amount,MAD z-score >= 8 (extreme outlier),,54861.0,802.5
,,providers_b,sum_payment_amount,MAD z-score >= 8 (extreme outlier),,669842.0,343.67
,,providers_b,sum_payment_amount,MAD z-score >= 8 (extreme outlier),,1247537.0,9095.65
,,providers_b,sum_payment_amount,MAD z-score >= 8 (extreme outlier),,193668.0,350.37
,,providers_b,sum_payment_amount,MAD z-score >= 8 (extreme outlier),,11331179.0,293.01
,,providers_b,sum_payment_amount,MAD z-score >= 8 (extreme outlier),,154459.0,962.0
,,providers_b,sum_payment_amount,MAD z-score >= 8 (extreme outlier),,10717066.0,322.77
,,providers_b,sum_payment_amount,MAD z-score >= 8 (extreme outlier),,215437.0,26633.85
,,providers_b,sum_payment_amount,MAD z-score >= 8 (extreme outlier),,175003.0,578.47
,,providers_b,sum_payment_amount,MAD z-score >= 8 (extreme outlier),,11446446.0,5000.0
,,providers_b,sum_payment_amount,MAD z-score >= 8 (extreme outlier),,357008.0,338.4
,,providers_b,sum_payment_amount,MAD z-score >= 8 (extreme outlier),,128350.0,624.8299999999999
,,providers_b,sum_payment_amount,MAD z-score >= 8 (extreme outlier),,6588550.0,350.0
,,providers_b,sum_payment_amount,MAD z-score >= 8 (extreme outlier),,11152878.0,281.99
,,providers_b,sum_payment_amount,MAD z-score >= 8 (extreme outlier),,345999.0,1600.0
,,providers_b,sum_payment_amount,MAD z-score >= 8 (extreme outlier),,42652.0,1228.32
,,providers_b,sum_payment_amount,MAD z-score >= 8 (extreme outlier),,387445.0,4412.59
,,providers_b,sum_payment_amount,MAD z-score >= 8 (extreme outlier),,5172311.0,885.72
,,providers_b,sum_payment_amount,MAD z-score >= 8 (extreme outlier),,257694.0,1238.07
,,providers_b,sum_payment_amount,MAD z-score >= 8 (extreme outlier),,10550223.0,2206.82
,,providers_b,sum_payment_amount,MAD z-score >= 8 (extreme outlier),,1298976.0,13564.32
,,providers_b,sum_payment_amount,MAD z-score >= 8 (extreme outlier),,343574.0,5022.07
,,providers_b,sum_payment_amount,MAD z-score >= 8 (extreme outlier),,7231096.0,383.2
,,providers_b,sum_payment_amount,MAD z-score >= 8 (extreme outlier),,11231237.0,433.62
,,providers_b,sum_payment_amount,MAD z-score >= 8 (extreme outlier),,1001265.0,451.28
,,providers_b,sum_payment_amount,MAD z-score >= 8 (extreme outlier),,166481.0,330.96
,,providers_b,sum_payment_amount,MAD z-score >= 8 (extreme outlier),,674818.0,31100.79
,,providers_b,sum_payment_amount,MAD z-score >= 8 (extreme outlier),,10653248.0,969.71
,,providers_b,sum_payment_amount,MAD z-score >= 8 (extreme outlier),,10940677.0,595.0
,,providers_b,sum_payment_amount,MAD z-score >= 8 (extreme outlier),,126071.0,1500.0
,,providers_b,sum_payment_amount,MAD z-score >= 8 (extreme outlier),,319527.0,498.62
,,providers_b,sum_payment_amount,MAD z-score >= 8 (extreme outlier),,979678.0,2291.08
,,providers_b,sum_payment_amount,MAD z-score >= 8 (extreme outlier),,170262.0,319196.15
,,providers_b,sum_payment_amount,MAD z-score >= 8 (extreme outlier),,10593735.0,477.98
,,providers_b,sum_payment_amount,MAD z-score >= 8 (extreme outlier),,11555098.0,1759.4
,,providers_b,sum_payment_amount,MAD z-score >= 8 (extreme outlier),,175940.0,5248.87
,,providers_b,sum_payment_amount,MAD z-score >= 8 (extreme outlier),,11130113.0,298.15999999999997
,,providers_b,sum_payment_amount,MAD z-score >= 8 (extreme outlier),,306141.0,34257.47
,,providers_b,sum_payment_amount,MAD z-score >= 8 (extreme outlier),,118004.0,344.09000000000003
,,providers_b,sum_payment_amount,MAD z-score >= 8 (extreme outlier),,10798400.0,312.45
,,providers_b,sum_payment_amount,MAD z-score >= 8 (extreme outlier),,321220.0,4266.05
,,providers_b,sum_payment_amount,MAD z-score >= 8 (extreme outlier),,88231.0,19921.11
,,providers_b,sum_payment_amount,MAD z-score >= 8 (extreme outlier),,251519.0,359.54
,,providers_b,sum_payment_amount,MAD z-score >= 8 (extreme outlier),,198880.0,3677.2200000000003
,,providers_b,sum_payment_amount,MAD z-score >= 8 (extreme outlier),,398551.0,313.2
,,providers_b,sum_payment_amount,MAD z-score >= 8 (extreme outlier),,1320175.0,10431.78
,,providers_b,sum_payment_amount,MAD z-score >= 8 (extreme outlier),,267334.0,800.0
,,providers_b,sum_payment_amount,MAD z-score >= 8 (extreme outlier),,727105.0,327.62
,,providers_b,sum_payment_amount,MAD z-score >= 8 (extreme outlier),,111185.0,13204.5
,,providers_b,sum_payment_amount,MAD z-score >= 8 (extreme outlier),,80256.0,682.2
,,providers_b,sum_payment_amount,MAD z-score >= 8 (extreme outlier),,4221185.0,1819.88
,,providers_b,sum_payment_amount,MAD z-score >= 8 (extreme outlier),,776756.0,285.15999999999997
,,providers_b,sum_payment_amount,MAD z-score >= 8 (extreme outlier),,30765.0,312.41
,,providers_b,sum_payment_amount,MAD z-score >= 8 (extreme outlier),,872464.0,1750.0
,,providers_b,sum_payment_amount,MAD z-score >= 8 (extreme outlier),,10528952.0,1427.83
,,providers_b,sum_payment_amount,MAD z-score >= 8 (extreme outlier),,392136.0,646.95
,,providers_b,sum_payment_amount,MAD z-score >= 8 (extreme outlier),,3491589.0,295.5
,,providers_b,sum_payment_amount,MAD z-score >= 8 (extreme outlier),,214666.0,511.29
,,providers_b,sum_payment_amount,MAD z-score >= 8 (extreme outlier),,898765.0,333.33
,,providers_b,sum_payment_amount,MAD z-score >= 8 (extreme outlier),,121397.0,283.96
,,providers_b,sum_payment_amount,MAD z-score >= 8 (extreme outlier),,10457244.0,778.7
,,providers_b,sum_payment_amount,MAD z-score >= 8 (extreme outlier),,106426.0,46220.0
,,providers_b,sum_payment_amount,MAD z-score >= 8 (extreme outlier),,10227922.0,846.71
,,providers_b,sum_payment_amount,MAD z-score >= 8 (extreme outlier),,11066082.0,1186.15
,,providers_b,sum_payment_amount,MAD z-score >= 8 (extreme outlier),,117740.0,362.82
,,providers_b,sum_payment_amount,MAD z-score >= 8 (extreme outlier),,10792397.0,485.66
,,providers_b,sum_payment_amount,MAD z-score >= 8 (extreme outlier),,10739175.0,384.99
,,providers_b,sum_payment_amount,MAD z-score >= 8 (extreme outlier),,10957891.0,304.37
,,providers_b,sum_payment_amount,MAD z-score >= 8 (extreme outlier),,10544986.0,465.65
,,providers_b,sum_payment_amount,MAD z-score >= 8 (extreme outlier),,245348.0,1783.09
,,providers_b,sum_payment_amount,MAD z-score >= 8 (extreme outlier),,11013293.0,318.5
,,providers_b,sum_payment_amount,MAD z-score >= 8 (extreme outlier),,542130.0,1045.8500000000001
,,providers_b,sum_payment_amount,MAD z-score >= 8 (extreme outlier),,10795368.0,329.2
,,providers_b,sum_payment_amount,MAD z-score >= 8 (extreme outlier),,1059665.0,3750.0
,,providers_b,sum_payment_amount,MAD z-score >= 8 (extreme outlier),,11385253.0,2347.67
,,providers_b,sum_payment_amount,MAD z-score >= 8 (extreme outlier),,178171.0,561711.45
,,providers_b,sum_payment_amount,MAD z-score >= 8 (extreme outlier),,11277353.0,323.71999999999997
,,providers_b,sum_payment_amount,MAD z-score >= 8 (extreme outlier),,11191707.0,344.19
,,providers_b,sum_payment_amount,MAD z-score >= 8 (extreme outlier),,10748383.0,415.49
,,providers_b,sum_payment_amount,MAD z-score >= 8 (extreme outlier),,7974246.0,350.0
,,providers_b,sum_payment_amount,MAD z-score >= 8 (extreme outlier),,684066.0,336.61
,,providers_b,sum_payment_amount,MAD z-score >= 8 (extreme outlier),,758982.0,278.55
,,providers_b,sum_payment_amount,MAD z-score >= 8 (extreme outlier),,5025.0,358.74
,,providers_b,sum_payment_amount,MAD z-score >= 8 (extreme outlier),,10952080.0,481.75
,,providers_b,sum_payment_amount,MAD z-score >= 8 (extreme outlier),,336061.0,690.32
,,providers_b,sum_payment_amount,MAD z-score >= 8 (extreme outlier),,113793.0,39310.2
,,providers_b,sum_payment_amount,MAD z-score >= 8 (extreme outlier),,336117.0,375.71999999999997
,,providers_b,sum_payment_amount,MAD z-score >= 8 (extreme outlier),,10504843.0,321.54
,,providers_b,sum_payment_amount,MAD z-score >= 8 (extreme outlier),,220240.0,300.08000000000004
,,providers_b,sum_payment_amount,MAD z-score >= 8 (extreme outlier),,200858.0,540.64
,,providers_b,sum_payment_amount,MAD z-score >= 8 (extreme outlier),,137262.0,306.23
,,providers_b,sum_payment_amount,MAD z-score >= 8 (extreme outlier),,281799.0,323.53
,,providers_b,sum_payment_amount,MAD z-score >= 8 (extreme outlier),,308386.0,595.2
,,providers_b,sum_payment_amount,MAD z-score >= 8 (extreme outlier),,10651714.0,612.2
,,providers_b,sum_payment_amount,MAD z-score >= 8 (extreme outlier),,197618.0,40726.97
,,providers_b,sum_payment_amount,MAD z-score >= 8 (extreme outlier),,231285.0,350.17
,,providers_b,sum_payment_amount,MAD z-score >= 8 (extreme outlier),,115375.0,466.19
,,providers_b,sum_payment_amount,MAD z-score >= 8 (extreme outlier),,7230302.0,353.41
,,providers_b,sum_payment_amount,MAD z-score >= 8 (extreme outlier),,11197789.0,769.73
,,providers_b,sum_payment_amount,MAD z-score >= 8 (extreme outlier),,10505461.0,2368.63
,,providers_b,sum_payment_amount,MAD z-score >= 8 (extreme outlier),,11245258.0,589.05
,,providers_b,sum_payment_amount,MAD z-score >= 8 (extreme outlier),,1282882.0,347.55
,,providers_b,sum_payment_amount,MAD z-score >= 8 (extreme outlier),,37741.0,4128.1
,,providers_b,sum_payment_amount,MAD z-score >= 8 (extreme outlier),,190032.0,340.11
,,providers_b,sum_payment_amount,MAD z-score >= 8 (extreme outlier),,6623629.0,773.09
,,providers_b,sum_payment_amount,MAD z-score >= 8 (extreme outlier),,10465277.0,314.64
,,providers_b,sum_payment_amount,MAD z-score >= 8 (extreme outlier),,10547886.0,333.7
,,providers_b,sum_payment_amount,MAD z-score >= 8 (extreme outlier),,10828902.0,586.1999999999999
,,providers_b,sum_payment_amount,MAD z-score >= 8 (extreme outlier),,1303372.0,995.4000000000001
,,providers_b,sum_payment_amount,MAD z-score >= 8 (extreme outlier),,743952.0,8068.4400000000005
,,providers_b,sum_payment_amount,MAD z-score >= 8 (extreme outlier),,440603.0,11655.41
,,providers_b,sum_payment_amount,MAD z-score >= 8 (extreme outlier),,90365.0,2133.47
,,providers_b,sum_payment_amount,MAD z-score >= 8 (extreme outlier),,7248267.0,357.75
,,providers_b,sum_payment_amount,MAD z-score >= 8 (extreme outlier),,199446.0,300.88
,,providers_b,sum_payment_amount,MAD z-score >= 8 (extreme outlier),,208137.0,1586.74
,,providers_b,sum_payment_amount,MAD z-score >= 8 (extreme outlier),,1154486.0,294.84000000000003
,,providers_b,sum_payment_amount,MAD z-score >= 8 (extreme outlier),,191279.0,435.46999999999997
,,providers_b,sum_payment_amount,MAD z-score >= 8 (extreme outlier),,10800095.0,295.71
,,providers_b,sum_payment_amount,MAD z-score >= 8 (extreme outlier),,10678333.0,452.11
,,providers_b,sum_payment_amount,MAD z-score >= 8 (extreme outlier),,214316.0,478.9
,,providers_b,sum_payment_amount,MAD z-score >= 8 (extreme outlier),,1174401.0,288.01
,,providers_b,sum_payment_amount,MAD z-score >= 8 (extreme outlier),,11286963.0,312.81
,,providers_b,sum_payment_amount,MAD z-score >= 8 (extreme outlier),,49103.0,54801.28
,,providers_b,sum_payment_amount,MAD z-score >= 8 (extreme outlier),,4219461.0,3879.64
,,providers_b,sum_payment_amount,MAD z-score >= 8 (extreme outlier),,1062121.0,407107.52
,,providers_b,sum_payment_amount,MAD z-score >= 8 (extreme outlier),,11058801.0,607.98
,,providers_b,sum_payment_amount,MAD z-score >= 8 (extreme outlier),,861245.0,13398.1
,,providers_b,sum_payment_amount,MAD z-score >= 8 (extreme outlier),,210903.0,9462.949999999999
,,providers_b,sum_payment_amount,MAD z-score >= 8 (extreme outlier),,226431.0,1434.1599999999999
,,providers_b,sum_payment_amount,MAD z-score >= 8 (extreme outlier),,66790.0,670.25
,,providers_b,sum_payment_amount,MAD z-score >= 8 (extreme outlier),,11138795.0,310.66
,,providers_b,sum_payment_amount,MAD z-score >= 8 (extreme outlier),,270741.0,1105.35
,,providers_b,sum_payment_amount,MAD z-score >= 8 (extreme outlier),,612931.0,324.45
,,providers_b,sum_payment_amount,MAD z-score >= 8 (extreme outlier),,11116006.0,306.75
,,providers_b,sum_payment_amount,MAD z-score >= 8 (extreme outlier),,221540.0,4319.77
,,providers_b,sum_payment_amount,MAD z-score >= 8 (extreme outlier),,10607576.0,331.22
,,providers_b,sum_payment_amount,MAD z-score >= 8 (extreme outlier),,10944663.0,338.56
,,providers_b,sum_payment_amount,MAD z-score >= 8 (extreme outlier),,237814.0,385608.45
,,providers_b,sum_payment_amount,MAD z-score >= 8 (extreme outlier),,59229.0,32690.94
,,providers_b,sum_payment_amount,MAD z-score >= 8 (extreme outlier),,323507.0,505.64
,,providers_b,sum_payment_amount,MAD z-score >= 8 (extreme outlier),,10882749.0,2481.9900000000002
,,providers_b,sum_payment_amount,MAD z-score >= 8 (extreme outlier),,176403.0,144000.0
,,providers_b,sum_payment_amount,MAD z-score >= 8 (extreme outlier),,1257685.0,400.0
,,providers_b,sum_payment_amount,MAD z-score >= 8 (extreme outlier),,55062.0,370.74
,,providers_b,sum_payment_amount,MAD z-score >= 8 (extreme outlier),,194042.0,334.92
,,providers_b,sum_payment_amount,MAD z-score >= 8 (extreme outlier),,369810.0,318.64
,,providers_b,sum_payment_amount,MAD z-score >= 8 (extreme outlier),,311685.0,626.8
,,providers_b,sum_payment_amount,MAD z-score >= 8 (extreme outlier),,1383274.0,405.56
,,providers_b,sum_payment_amount,MAD z-score >= 8 (extreme outlier),,174045.0,396.6
,,providers_b,sum_payment_amount,MAD z-score >= 8 (extreme outlier),,536461.0,538.1700000000001
,,providers_b,sum_payment_amount,MAD z-score >= 8 (extreme outlier),,355708.0,2608.0
,,providers_b,sum_payment_amount,MAD z-score >= 8 (extreme outlier),,7391483.0,286.44
,,providers_b,sum_payment_amount,MAD z-score >= 8 (extreme outlier),,562118.0,3451.97
,,providers_b,sum_payment_amount,MAD z-score >= 8 (extreme outlier),,4219606.0,273.81
,,providers_b,sum_payment_amount,MAD z-score >= 8 (extreme outlier),,107243.0,343.86
,,providers_b,sum_payment_amount,MAD z-score >= 8 (extreme outlier),,10775752.0,307.98
,,providers_b,sum_payment_amount,MAD z-score >= 8 (extreme outlier),,10645135.0,1955.55
,,providers_b,sum_payment_amount,MAD z-score >= 8 (extreme outlier),,10581555.0,438.95
,,providers_b,sum_payment_amount,MAD z-score >= 8 (extreme outlier),,234209.0,1464.52
,,providers_b,sum_payment_amount,MAD z-score >= 8 (extreme outlier),,11260923.0,622.26
,,providers_b,sum_payment_amount,MAD z-score >= 8 (extreme outlier),,985265.0,310.29
,,providers_b,sum_payment_amount,MAD z-score >= 8 (extreme outlier),,819103.0,10650.0
,,providers_b,sum_payment_amount,MAD z-score >= 8 (extreme outlier),,261746.0,275.3
,,providers_b,sum_payment_amount,MAD z-score >= 8 (extreme outlier),,106734.0,230427.75
,,providers_b,sum_payment_amount,MAD z-score >= 8 (extreme outlier),,266199.0,385.62
,,providers_b,sum_payment_amount,MAD z-score >= 8 (extreme outlier),,10911556.0,315.83
,,providers_b,sum_payment_amount,MAD z-score >= 8 (extreme outlier),,326787.0,301.67
,,providers_b,sum_payment_amount,MAD z-score >= 8 (extreme outlier),,246293.0,29834.09
,,providers_b,sum_payment_amount,MAD z-score >= 8 (extreme outlier),,8265824.0,327.98
,,providers_b,sum_payment_amount,MAD z-score >= 8 (extreme outlier),,10925072.0,30780.079999999998
,,providers_b,sum_payment_amount,MAD z-score >= 8 (extreme outlier),,204426.0,40599.17
,,providers_b,sum_payment_amount,MAD z-score >= 8 (extreme outlier),,11035831.0,1434.93
,,providers_b,sum_payment_amount,MAD z-score >= 8 (extreme outlier),,32009.0,481.0
,,providers_b,sum_payment_amount,MAD z-score >= 8 (extreme outlier),,10825899.0,377.0
,,providers_b,sum_payment_amount,MAD z-score >= 8 (extreme outlier),,82536.0,794.97
,,providers_b,sum_payment_amount,MAD z-score >= 8 (extreme outlier),,267451.0,307.56
,,providers_b,sum_payment_amount,MAD z-score >= 8 (extreme outlier),,4007514.0,320.39
,,providers_b,sum_payment_amount,MAD z-score >= 8 (extreme outlier),,218502.0,1928.0
,,providers_b,sum_payment_amount,MAD z-score >= 8 (extreme outlier),,1138319.0,277.82
,,providers_b,sum_payment_amount,MAD z-score >= 8 (extreme outlier),,19942.0,2000.0
,,providers_b,sum_payment_amount,MAD z-score >= 8 (extreme outlier),,322188.0,903.4000000000001
,,providers_b,sum_payment_amount,MAD z-score >= 8 (extreme outlier),,344209.0,308.55
,,providers_b,sum_payment_amount,MAD z-score >= 8 (extreme outlier),,994190.0,303.3
,,providers_b,sum_payment_amount,MAD z-score >= 8 (extreme outlier),,253141.0,10608.21
,,providers_b,sum_payment_amount,MAD z-score >= 8 (extreme outlier),,10977128.0,318.28
,,providers_b,sum_payment_amount,MAD z-score >= 8 (extreme outlier),,8797570.0,310.53999999999996
,,providers_b,sum_payment_amount,MAD z-score >= 8 (extreme outlier),,329642.0,5287.04
,,providers_b,sum_payment_amount,MAD z-score >= 8 (extreme outlier),,310592.0,1647.93
,,providers_b,sum_payment_amount,MAD z-score >= 8 (extreme outlier),,269511.0,339.2
,,providers_b,sum_payment_amount,MAD z-score >= 8 (extreme outlier),,988177.0,10225.0
,,providers_b,sum_payment_amount,MAD z-score >= 8 (extreme outlier),,398530.0,21463.4
,,providers_b,sum_payment_amount,MAD z-score >= 8 (extreme outlier),,7233272.0,4444.26
,,providers_b,sum_payment_amount,MAD z-score >= 8 (extreme outlier),,1118340.0,520.67
,,providers_b,sum_payment_amount,MAD z-score >= 8 (extreme outlier),,186696.0,3048.38
,,providers_b,sum_payment_amount,MAD z-score >= 8 (extreme outlier),,1145681.0,1631.24
,,providers_b,sum_payment_amount,MAD z-score >= 8 (extreme outlier),,3190259.0,283.26
,,providers_b,sum_payment_amount,MAD z-score >= 8 (extreme outlier),,127291.0,342.57
,,providers_b,sum_payment_amount,MAD z-score >= 8 (extreme outlier),,826635.0,366.37
,,providers_b,sum_payment_amount,MAD z-score >= 8 (extreme outlier),,62620.0,315.45
,,providers_b,sum_payment_amount,MAD z-score >= 8 (extreme outlier),,5690247.0,358.25
,,providers_b,sum_payment_amount,MAD z-score >= 8 (extreme outlier),,2093798.0,600.3
,,providers_b,sum_payment_amount,MAD z-score >= 8 (extreme outlier),,9129680.0,1057.24
,,providers_b,sum_payment_amount,MAD z-score >= 8 (extreme outlier),,1247447.0,458.92
,,providers_b,sum_payment_amount,MAD z-score >= 8 (extreme outlier),,1214119.0,654.0
,,providers_b,sum_payment_amount,MAD z-score >= 8 (extreme outlier),,10429091.0,322.93
,,providers_b,sum_payment_amount,MAD z-score >= 8 (extreme outlier),,507695.0,397.49
,,providers_b,sum_payment_amount,MAD z-score >= 8 (extreme outlier),,11044407.0,821.2
,,providers_b,sum_payment_amount,MAD z-score >= 8 (extreme outlier),,11414557.0,352.68
,,providers_b,sum_payment_amount,MAD z-score >= 8 (extreme outlier),,214906.0,490.90999999999997
,,providers_b,sum_payment_amount,MAD z-score >= 8 (extreme outlier),,252715.0,280.5
,,providers_b,sum_payment_amount,MAD z-score >= 8 (extreme outlier),,10535896.0,329.38
,,providers_b,sum_payment_amount,MAD z-score >= 8 (extreme outlier),,2161869.0,19906.95
,,providers_b,sum_payment_amount,MAD z-score >= 8 (extreme outlier),,129496.0,291.22
,,providers_b,sum_payment_amount,MAD z-score >= 8 (extreme outlier),,337346.0,282.38
,,providers_b,sum_payment_amount,MAD z-score >= 8 (extreme outlier),,251631.0,315.88
,,providers_b,sum_payment_amount,MAD z-score >= 8 (extreme outlier),,525323.0,390.77
,,providers_b,sum_payment_amount,MAD z-score >= 8 (extreme outlier),,188807.0,294.0
,,providers_b,sum_payment_amount,MAD z-score >= 8 (extreme outlier),,248358.0,10776.84
,,providers_b,sum_payment_amount,MAD z-score >= 8 (extreme outlier),,11421300.0,1500.0
,,providers_b,sum_payment_amount,MAD z-score >= 8 (extreme outlier),,276700.0,515.0
,,providers_b,sum_payment_amount,MAD z-score >= 8 (extreme outlier),,580253.0,406.90999999999997
,,providers_b,sum_payment_amount,MAD z-score >= 8 (extreme outlier),,11329935.0,529.06
,,providers_b,sum_payment_amount,MAD z-score >= 8 (extreme outlier),,325010.0,522.71
,,providers_b,sum_payment_amount,MAD z-score >= 8 (extreme outlier),,238413.0,406.82
,,providers_b,sum_payment_amount,MAD z-score >= 8 (extreme outlier),,166945.0,310.7
,,providers_b,sum_payment_amount,MAD z-score >= 8 (extreme outlier),,476455.0,314.38
,,providers_b,sum_payment_amount,MAD z-score >= 8 (extreme outlier),,551390.0,349.63
,,providers_b,sum_payment_amount,MAD z-score >= 8 (extreme outlier),,1224863.0,2556.45
,,providers_b,sum_payment_amount,MAD z-score >= 8 (extreme outlier),,955023.0,1607.5
,,providers_b,sum_payment_amount,MAD z-score >= 8 (extreme outlier),,2746607.0,2890.87
,,providers_b,sum_payment_amount,MAD z-score >= 8 (extreme outlier),,302025.0,282.71
,,providers_b,sum_payment_amount,MAD z-score >= 8 (extreme outlier),,10768891.0,325.25
,,providers_b,sum_payment_amount,MAD z-score >= 8 (extreme outlier),,10753770.0,291.78
,,providers_b,sum_payment_amount,MAD z-score >= 8 (extreme outlier),,11410577.0,2381.35
,,providers_b,sum_payment_amount,MAD z-score >= 8 (extreme outlier),,10687727.0,297.25
,,providers_b,sum_payment_amount,MAD z-score >= 8 (extreme outlier),,171618.0,3958.28
,,providers_b,sum_payment_amount,MAD z-score >= 8 (extreme outlier),,1388337.0,278.77
,,providers_b,sum_payment_amount,MAD z-score >= 8 (extreme outlier),,165984.0,4441.34
,,providers_b,sum_payment_amount,MAD z-score >= 8 (extreme outlier),,76441.0,358.13
,,providers_b,sum_payment_amount,MAD z-score >= 8 (extreme outlier),,230173.0,352.49
,,providers_b,sum_payment_amount,MAD z-score >= 8 (extreme outlier),,767016.0,581.41
,,providers_b,sum_payment_amount,MAD z-score >= 8 (extreme outlier),,164794.0,306.15999999999997
,,providers_b,sum_payment_amount,MAD z-score >= 8 (extreme outlier),,485191.0,1821.2
,,providers_b,sum_payment_amount,MAD z-score >= 8 (extreme outlier),,10824193.0,487.2
,,providers_b,sum_payment_amount,MAD z-score >= 8 (extreme outlier),,11370909.0,356.8
,,providers_b,sum_payment_amount,MAD z-score >= 8 (extreme outlier),,4219207.0,1296.0900000000001
,,providers_b,sum_payment_amount,MAD z-score >= 8 (extreme outlier),,161788.0,768.62
,,providers_b,sum_payment_amount,MAD z-score >= 8 (extreme outlier),,10428079.0,1352.14
,,providers_b,sum_payment_amount,MAD z-score >= 8 (extreme outlier),,10754454.0,369.58
,,providers_b,sum_payment_amount,MAD z-score >= 8 (extreme outlier),,866195.0,1420.76
,,providers_b,sum_payment_amount,MAD z-score >= 8 (extreme outlier),,274021.0,381.0
,,providers_b,sum_payment_amount,MAD z-score >= 8 (extreme outlier),,257995.0,280.71999999999997
,,providers_b,sum_payment_amount,MAD z-score >= 8 (extreme outlier),,350855.0,21689.28
,,providers_b,sum_payment_amount,MAD z-score >= 8 (extreme outlier),,10581996.0,298.03000000000003
,,providers_b,sum_payment_amount,MAD z-score >= 8 (extreme outlier),,2782031.0,421.67
,,providers_b,sum_payment_amount,MAD z-score >= 8 (extreme outlier),,1081388.0,492.83
,,providers_b,sum_payment_amount,MAD z-score >= 8 (extreme outlier),,11000636.0,1605.3100000000002
,,providers_b,sum_payment_amount,MAD z-score >= 8 (extreme outlier),,248154.0,309.1
,,providers_b,sum_payment_amount,MAD z-score >= 8 (extreme outlier),,1386983.0,10034.6
,,providers_b,sum_payment_amount,MAD z-score >= 8 (extreme outlier),,110158.0,442.35
,,providers_b,sum_payment_amount,MAD z-score >= 8 (extreme outlier),,5693454.0,300.46
,,providers_b,sum_payment_amount,MAD z-score >= 8 (extreme outlier),,310493.0,1600.5
,,providers_b,sum_payment_amount,MAD z-score >= 8 (extreme outlier),,290669.0,2659.67
,,providers_b,sum_payment_amount,MAD z-score >= 8 (extreme outlier),,257643.0,1333.69
,,providers_b,sum_payment_amount,MAD z-score >= 8 (extreme outlier),,1027259.0,4138.53
,,providers_b,sum_payment_amount,MAD z-score >= 8 (extreme outlier),,10433035.0,399.32
,,providers_b,sum_payment_amount,MAD z-score >= 8 (extreme outlier),,1017653.0,3000.0
,,providers_b,sum_payment_amount,MAD z-score >= 8 (extreme outlier),,1318794.0,5406.12
,,providers_b,sum_payment_amount,MAD z-score >= 8 (extreme outlier),,10461404.0,382.07
,,providers_b,sum_payment_amount,MAD z-score >= 8 (extreme outlier),,740056.0,282.02
,,providers_b,sum_payment_amount,MAD z-score >= 8 (extreme outlier),,214289.0,312.28
,,providers_b,sum_payment_amount,MAD z-score >= 8 (extreme outlier),,101146.0,533.57
,,providers_b,sum_payment_amount,MAD z-score >= 8 (extreme outlier),,26850.0,12678.210000000001
,,providers_b,sum_payment_amount,MAD z-score >= 8 (extreme outlier),,6554.0,12392.83
,,providers_b,sum_payment_amount,MAD z-score >= 8 (extreme outlier),,247460.0,1836.92
,,providers_b,sum_payment_amount,MAD z-score >= 8 (extreme outlier),,10793025.0,294.24
,,providers_b,sum_payment_amount,MAD z-score >= 8 (extreme outlier),,272826.0,276.14
,,providers_b,sum_payment_amount,MAD z-score >= 8 (extreme outlier),,11379907.0,1754.67
,,providers_b,sum_payment_amount,MAD z-score >= 8 (extreme outlier),,282643.0,439.78999999999996
,,providers_b,sum_payment_amount,MAD z-score >= 8 (extreme outlier),,1192277.0,210066.11
,,providers_b,sum_payment_amount,MAD z-score >= 8 (extreme outlier),,109692.0,338.62
,,providers_b,sum_payment_amount,MAD z-score >= 8 (extreme outlier),,57533.0,521.6
,,providers_b,sum_payment_amount,MAD z-score >= 8 (extreme outlier),,11403662.0,299.58
,,providers_b,sum_payment_amount,MAD z-score >= 8 (extreme outlier),,5697554.0,483.15000000000003
,,providers_b,sum_payment_amount,MAD z-score >= 8 (extreme outlier),,1267488.0,1542.07
,,providers_b,sum_payment_amount,MAD z-score >= 8 (extreme outlier),,1022954.0,2171.51
,,providers_b,sum_payment_amount,MAD z-score >= 8 (extreme outlier),,233589.0,2673.2400000000002
,,providers_b,sum_payment_amount,MAD z-score >= 8 (extreme outlier),,9759923.0,1500.0
,,providers_b,sum_payment_amount,MAD z-score >= 8 (extreme outlier),,4220189.0,20590.73
,,providers_b,sum_payment_amount,MAD z-score >= 8 (extreme outlier),,175167.0,2454.8
,,providers_b,sum_payment_amount,MAD z-score >= 8 (extreme outlier),,1283255.0,2391.95
,,providers_b,sum_payment_amount,MAD z-score >= 8 (extreme outlier),,1226402.0,1629.2
,,providers_b,sum_payment_amount,MAD z-score >= 8 (extreme outlier),,258070.0,275.3
,,providers_b,sum_payment_amount,MAD z-score >= 8 (extreme outlier),,519437.0,7683.82
,,providers_b,sum_payment_amount,MAD z-score >= 8 (extreme outlier),,276671.0,3209.6
,,providers_b,sum_payment_amount,MAD z-score >= 8 (extreme outlier),,11032705.0,969.7
,,providers_b,sum_payment_amount,MAD z-score >= 8 (extreme outlier),,10490235.0,296.81
,,providers_b,sum_payment_amount,MAD z-score >= 8 (extreme outlier),,179805.0,10683.01
,,providers_b,sum_payment_amount,MAD z-score >= 8 (extreme outlier),,523329.0,430.0
,,providers_b,sum_payment_amount,MAD z-score >= 8 (extreme outlier),,329563.0,1894.74
,,providers_b,sum_payment_amount,MAD z-score >= 8 (extreme outlier),,5700380.0,1372.7
,,providers_b,sum_payment_amount,MAD z-score >= 8 (extreme outlier),,11188134.0,334.32
,,providers_b,sum_payment_amount,MAD z-score >= 8 (extreme outlier),,10816039.0,362.4
,,providers_b,sum_payment_amount,MAD z-score >= 8 (extreme outlier),,269998.0,2000.0
,,providers_b,sum_payment_amount,MAD z-score >= 8 (extreme outlier),,11409031.0,303.44
,,providers_b,sum_payment_amount,MAD z-score >= 8 (extreme outlier),,1107264.0,5029.6900000000005
,,providers_b,sum_payment_amount,MAD z-score >= 8 (extreme outlier),,10572287.0,351.56
,,providers_b,sum_payment_amount,MAD z-score >= 8 (extreme outlier),,2787303.0,399.3
,,providers_b,sum_payment_amount,MAD z-score >= 8 (extreme outlier),,8881.0,333.34
,,providers_b,sum_payment_amount,MAD z-score >= 8 (extreme outlier),,1363349.0,917.5600000000001
,,providers_b,sum_payment_amount,MAD z-score >= 8 (extreme outlier),,86056.0,273.88
,,providers_b,sum_payment_amount,MAD z-score >= 8 (extreme outlier),,76108.0,342.77
,,providers_b,sum_payment_amount,MAD z-score >= 8 (extreme outlier),,135667.0,852.12
,,providers_b,sum_payment_amount,MAD z-score >= 8 (extreme outlier),,498689.0,291.79
,,providers_b,sum_payment_amount,MAD z-score >= 8 (extreme outlier),,202478.0,342.67
,,providers_b,sum_payment_amount,MAD z-score >= 8 (extreme outlier),,3583.0,425.33
,,providers_b,sum_payment_amount,MAD z-score >= 8 (extreme outlier),,424596.0,500.6
,,providers_b,sum_payment_amount,MAD z-score >= 8 (extreme outlier),,5721923.0,366.43
,,providers_b,sum_payment_amount,MAD z-score >= 8 (extreme outlier),,566548.0,945.11
,,providers_b,sum_payment_amount,MAD z-score >= 8 (extreme outlier),,1222468.0,330.42
,,providers_b,sum_payment_amount,MAD z-score >= 8 (extreme outlier),,1138665.0,16627.87
,,providers_b,sum_payment_amount,MAD z-score >= 8 (extreme outlier),,10685364.0,561.48
,,providers_b,sum_payment_amount,MAD z-score >= 8 (extreme outlier),,7232613.0,1821.8
,,providers_b,sum_payment_amount,MAD z-score >= 8 (extreme outlier),,951131.0,700.0
,,providers_b,sum_payment_amount,MAD z-score >= 8 (extreme outlier),,28005.0,1200.0
,,providers_b,sum_payment_amount,MAD z-score >= 8 (extreme outlier),,280447.0,1809.61
,,providers_b,sum_payment_amount,MAD z-score >= 8 (extreme outlier),,286559.0,1921.9
,,providers_b,sum_payment_amount,MAD z-score >= 8 (extreme outlier),,355167.0,1710.0
,,providers_b,sum_payment_amount,MAD z-score >= 8 (extreme outlier),,176852.0,5118.41
,,providers_b,sum_payment_amount,MAD z-score >= 8 (extreme outlier),,2788866.0,3687.77
,,providers_b,sum_payment_amount,MAD z-score >= 8 (extreme outlier),,82471.0,285.86
,,providers_b,sum_payment_amount,MAD z-score >= 8 (extreme outlier),,738992.0,2593.45
,,providers_b,sum_payment_amount,MAD z-score >= 8 (extreme outlier),,10870884.0,330.02
,,providers_b,sum_payment_amount,MAD z-score >= 8 (extreme outlier),,812100.0,1400.1299999999999
,,providers_b,sum_payment_amount,MAD z-score >= 8 (extreme outlier),,10507519.0,987.81
,,providers_b,sum_payment_amount,MAD z-score >= 8 (extreme outlier),,794918.0,1500.0
,,providers_b,sum_payment_amount,MAD z-score >= 8 (extreme outlier),,507043.0,3659.61
,,providers_b,sum_payment_amount,MAD z-score >= 8 (extreme outlier),,235471.0,600.0
,,providers_b,sum_payment_amount,MAD z-score >= 8 (extreme outlier),,4177008.0,4518.75
,,providers_b,sum_payment_amount,MAD z-score >= 8 (extreme outlier),,207933.0,731.01
,,providers_b,sum_payment_amount,MAD z-score >= 8 (extreme outlier),,1326268.0,4200.0
,,providers_b,sum_payment_amount,MAD z-score >= 8 (extreme outlier),,55742.0,2534.43
,,providers_b,sum_payment_amount,MAD z-score >= 8 (extreme outlier),,613272.0,7060.0
,,providers_b,sum_payment_amount,MAD z-score >= 8 (extreme outlier),,1208192.0,324.90999999999997
,,providers_b,sum_payment_amount,MAD z-score >= 8 (extreme outlier),,15243.0,348.15999999999997
,,providers_b,sum_payment_amount,MAD z-score >= 8 (extreme outlier),,164728.0,329.72999999999996
,,providers_b,sum_payment_amount,MAD z-score >= 8 (extreme outlier),,8434634.0,705.99
,,providers_b,sum_payment_amount,MAD z-score >= 8 (extreme outlier),,126588.0,33330.4
,,providers_b,sum_payment_amount,MAD z-score >= 8 (extreme outlier),,1270028.0,2182.8
,,providers_b,sum_payment_amount,MAD z-score >= 8 (extreme outlier),,10778822.0,438.52
,,providers_b,sum_payment_amount,MAD z-score >= 8 (extreme outlier),,11155094.0,999.95
,,providers_b,sum_payment_amount,MAD z-score >= 8 (extreme outlier),,671645.0,383.96
,,providers_b,sum_payment_amount,MAD z-score >= 8 (extreme outlier),,10980577.0,413.48
,,providers_b,sum_payment_amount,MAD z-score >= 8 (extreme outlier),,208754.0,356.96999999999997
,,providers_b,sum_payment_amount,MAD z-score >= 8 (extreme outlier),,10889702.0,310.81
,,providers_b,sum_payment_amount,MAD z-score >= 8 (extreme outlier),,89186.0,690.4
,,providers_b,sum_payment_amount,MAD z-score >= 8 (extreme outlier),,6807.0,14290.0
,,providers_b,sum_payment_amount,MAD z-score >= 8 (extreme outlier),,255698.0,63749.0
,,providers_b,sum_payment_amount,MAD z-score >= 8 (extreme outlier),,11061276.0,560.95
,,providers_b,sum_payment_amount,MAD z-score >= 8 (extreme outlier),,1015678.0,11400.0
,,providers_b,sum_payment_amount,MAD z-score >= 8 (extreme outlier),,73493.0,527.48
,,providers_b,sum_payment_amount,MAD z-score >= 8 (extreme outlier),,286361.0,542.21
,,providers_b,sum_payment_amount,MAD z-score >= 8 (extreme outlier),,501720.0,350.0
,,providers_b,sum_payment_amount,MAD z-score >= 8 (extreme outlier),,335201.0,7241.71
,,providers_b,sum_payment_amount,MAD z-score >= 8 (extreme outlier),,292810.0,11009.710000000001
,,providers_b,sum_payment_amount,MAD z-score >= 8 (extreme outlier),,1043941.0,306.29
,,providers_b,sum_payment_amount,MAD z-score >= 8 (extreme outlier),,1297032.0,278.8
,,providers_b,sum_payment_amount,MAD z-score >= 8 (extreme outlier),,10957071.0,294.77
,,providers_b,sum_payment_amount,MAD z-score >= 8 (extreme outlier),,778849.0,1890.0
,,providers_b,sum_payment_amount,MAD z-score >= 8 (extreme outlier),,1380354.0,350.89
,,providers_b,sum_payment_amount,MAD z-score >= 8 (extreme outlier),,1674678.0,320.77
,,providers_b,sum_payment_amount,MAD z-score >= 8 (extreme outlier),,824745.0,302.56
,,providers_b,sum_payment_amount,MAD z-score >= 8 (extreme outlier),,10827098.0,1433.48
,,providers_b,sum_payment_amount,MAD z-score >= 8 (extreme outlier),,160671.0,307.22
,,providers_b,sum_payment_amount,MAD z-score >= 8 (extreme outlier),,10925078.0,348.33
,,providers_b,sum_payment_amount,MAD z-score >= 8 (extreme outlier),,10865698.0,3878.54
,,providers_b,sum_payment_amount,MAD z-score >= 8 (extreme outlier),,10433984.0,392.71
,,providers_b,sum_payment_amount,MAD z-score >= 8 (extreme outlier),,7231860.0,825.0
,,providers_b,sum_payment_amount,MAD z-score >= 8 (extreme outlier),,283334.0,149225.0
,,providers_b,sum_payment_amount,MAD z-score >= 8 (extreme outlier),,957576.0,298.04
,,providers_b,sum_payment_amount,MAD z-score >= 8 (extreme outlier),,744631.0,1443.9
,,providers_b,sum_payment_amount,MAD z-score >= 8 (extreme outlier),,219620.0,885.0
,,providers_b,sum_payment_amount,MAD z-score >= 8 (extreme outlier),,832646.0,848.54
,,providers_b,sum_payment_amount,MAD z-score >= 8 (extreme outlier),,48969.0,3250.0
,,providers_b,sum_payment_amount,MAD z-score >= 8 (extreme outlier),,190559.0,1500.0
,,providers_b,sum_payment_amount,MAD z-score >= 8 (extreme outlier),,238615.0,13361.98
,,providers_b,sum_payment_amount,MAD z-score >= 8 (extreme outlier),,182029.0,3059.49
,,providers_b,sum_payment_amount,MAD z-score >= 8 (extreme outlier),,1253217.0,37807.17
,,providers_b,sum_payment_amount,MAD z-score >= 8 (extreme outlier),,74054.0,19956.81
,,providers_b,sum_payment_amount,MAD z-score >= 8 (extreme outlier),,795747.0,2428.85
,,providers_b,sum_payment_amount,MAD z-score >= 8 (extreme outlier),,313238.0,1778.65
,,providers_b,sum_payment_amount,MAD z-score >= 8 (extreme outlier),,10957301.0,324.39
,,providers_b,sum_payment_amount,MAD z-score >= 8 (extreme outlier),,300873.0,473.82
,,providers_b,sum_payment_amount,MAD z-score >= 8 (extreme outlier),,188999.0,770.4
,,providers_b,sum_payment_amount,MAD z-score >= 8 (extreme outlier),,89362.0,437.85
,,providers_b,sum_payment_amount,MAD z-score >= 8 (extreme outlier),,7223077.0,389.09
,,providers_b,sum_payment_amount,MAD z-score >= 8 (extreme outlier),,5739751.0,422.03999999999996
,,providers_b,sum_payment_amount,MAD z-score >= 8 (extreme outlier),,942152.0,3528.45
,,providers_b,sum_payment_amount,MAD z-score >= 8 (extreme outlier),,451762.0,3000.0
,,providers_b,sum_payment_amount,MAD z-score >= 8 (extreme outlier),,1038898.0,319.97
,,providers_b,sum_payment_amount,MAD z-score >= 8 (extreme outlier),,10971679.0,393.75
,,providers_b,sum_payment_amount,MAD z-score >= 8 (extreme outlier),,10514232.0,298.81
,,providers_b,sum_payment_amount,MAD z-score >= 8 (extreme outlier),,10505616.0,300.62
,,providers_b,sum_payment_amount,MAD z-score >= 8 (extreme outlier),,10905619.0,458.92
,,providers_b,sum_payment_amount,MAD z-score >= 8 (extreme outlier),,699191.0,336.42
,,providers_b,sum_payment_amount,MAD z-score >= 8 (extreme outlier),,5111821.0,1912.84
,,providers_b,sum_payment_amount,MAD z-score >= 8 (extreme outlier),,10506578.0,402.56
,,providers_b,sum_payment_amount,MAD z-score >= 8 (extreme outlier),,1275082.0,341.61
,,providers_b,sum_payment_amount,MAD z-score >= 8 (extreme outlier),,509627.0,372.93
,,providers_b,sum_payment_amount,MAD z-score >= 8 (extreme outlier),,3380729.0,276.86
,,providers_b,sum_payment_amount,MAD z-score >= 8 (extreme outlier),,485023.0,16960.26
,,providers_b,sum_payment_amount,MAD z-score >= 8 (extreme outlier),,522263.0,305.5
,,providers_b,sum_payment_amount,MAD z-score >= 8 (extreme outlier),,514010.0,9891.5
,,providers_b,sum_payment_amount,MAD z-score >= 8 (extreme outlier),,11289187.0,898.7199999999999
,,providers_b,sum_payment_amount,MAD z-score >= 8 (extreme outlier),,1243963.0,416.01
,,providers_b,sum_payment_amount,MAD z-score >= 8 (extreme outlier),,306071.0,2098.92
,,providers_b,sum_payment_amount,MAD z-score >= 8 (extreme outlier),,274644.0,294.53999999999996
,,providers_b,sum_payment_amount,MAD z-score >= 8 (extreme outlier),,11135203.0,392.8
,,providers_b,sum_payment_amount,MAD z-score >= 8 (extreme outlier),,596984.0,537.05
,,providers_b,sum_payment_amount,MAD z-score >= 8 (extreme outlier),,130004.0,1013.1800000000001
,,providers_b,sum_payment_amount,MAD z-score >= 8 (extreme outlier),,166767.0,4763.45
,,providers_b,sum_payment_amount,MAD z-score >= 8 (extreme outlier),,11430607.0,277.72
,,providers_b,sum_payment_amount,MAD z-score >= 8 (extreme outlier),,101585.0,2446.46
,,providers_b,sum_payment_amount,MAD z-score >= 8 (extreme outlier),,894991.0,1300.0
,,providers_b,sum_payment_amount,MAD z-score >= 8 (extreme outlier),,10555688.0,591.25
,,providers_b,sum_payment_amount,MAD z-score >= 8 (extreme outlier),,704936.0,281.83000000000004
,,providers_b,sum_payment_amount,MAD z-score >= 8 (extreme outlier),,91366.0,523.48
,,providers_b,sum_payment_amount,MAD z-score >= 8 (extreme outlier),,11172391.0,391.8
,,providers_b,sum_payment_amount,MAD z-score >= 8 (extreme outlier),,1308243.0,541.01
,,providers_b,sum_payment_amount,MAD z-score >= 8 (extreme outlier),,26629.0,47194.0
,,providers_b,sum_payment_amount,MAD z-score >= 8 (extreme outlier),,611828.0,43754.62
,,providers_b,sum_payment_amount,MAD z-score >= 8 (extreme outlier),,10832516.0,374.94
,,providers_b,sum_payment_amount,MAD z-score >= 8 (extreme outlier),,11215777.0,480.46000000000004
,,providers_b,sum_payment_amount,MAD z-score >= 8 (extreme outlier),,251687.0,550.0
,,providers_b,sum_payment_amount,MAD z-score >= 8 (extreme outlier),,185022.0,443.3
,,providers_b,sum_payment_amount,MAD z-score >= 8 (extreme outlier),,11017049.0,297.85
,,providers_b,sum_payment_amount,MAD z-score >= 8 (extreme outlier),,285851.0,302.7
,,providers_b,sum_payment_amount,MAD z-score >= 8 (extreme outlier),,33438.0,497.6
,,providers_b,sum_payment_amount,MAD z-score >= 8 (extreme outlier),,334098.0,4397.25
,,providers_b,sum_payment_amount,MAD z-score >= 8 (extreme outlier),,204351.0,441.95
,,providers_b,sum_payment_amount,MAD z-score >= 8 (extreme outlier),,65105.0,494.64
,,providers_b,sum_payment_amount,MAD z-score >= 8 (extreme outlier),,128753.0,4856.32
,,providers_b,sum_payment_amount,MAD z-score >= 8 (extreme outlier),,148946.0,3073.0
,,providers_b,sum_payment_amount,MAD z-score >= 8 (extreme outlier),,214554.0,304.45
,,providers_b,sum_payment_amount,MAD z-score >= 8 (extreme outlier),,19923.0,800.0
,,providers_b,sum_payment_amount,MAD z-score >= 8 (extreme outlier),,602263.0,7446.28
,,providers_b,sum_payment_amount,MAD z-score >= 8 (extreme outlier),,168396.0,337.02
,,providers_b,sum_payment_amount,MAD z-score >= 8 (extreme outlier),,10711759.0,1496.77
,,providers_b,sum_payment_amount,MAD z-score >= 8 (extreme outlier),,17822.0,2232.61
,,providers_b,sum_payment_amount,MAD z-score >= 8 (extreme outlier),,220632.0,370.71
,,providers_b,sum_payment_amount,MAD z-score >= 8 (extreme outlier),,40255.0,4157.53
,,providers_b,sum_payment_amount,MAD z-score >= 8 (extreme outlier),,11111452.0,310.39
,,providers_b,sum_payment_amount,MAD z-score >= 8 (extreme outlier),,285933.0,274.09000000000003
,,providers_b,sum_payment_amount,MAD z-score >= 8 (extreme outlier),,134319.0,379.82
,,providers_b,sum_payment_amount,MAD z-score >= 8 (extreme outlier),,11167778.0,527.68
,,providers_b,sum_payment_amount,MAD z-score >= 8 (extreme outlier),,810354.0,1529.51
,,providers_b,sum_payment_amount,MAD z-score >= 8 (extreme outlier),,180193.0,286.02
,,providers_b,sum_payment_amount,MAD z-score >= 8 (extreme outlier),,466029.0,322.33
,,providers_b,sum_payment_amount,MAD z-score >= 8 (extreme outlier),,7233329.0,715.4
,,providers_b,sum_payment_amount,MAD z-score >= 8 (extreme outlier),,773477.0,1777.6
,,providers_b,sum_payment_amount,MAD z-score >= 8 (extreme outlier),,103955.0,548.99
,,providers_b,sum_payment_amount,MAD z-score >= 8 (extreme outlier),,10872544.0,306.61
,,providers_b,sum_payment_amount,MAD z-score >= 8 (extreme outlier),,1312590.0,610.86
,,providers_b,sum_payment_amount,MAD z-score >= 8 (extreme outlier),,11257175.0,280.6
,,providers_b,sum_payment_amount,MAD z-score >= 8 (extreme outlier),,1081935.0,564.83
,,providers_b,sum_payment_amount,MAD z-score >= 8 (extreme outlier),,797311.0,1232.75
,,providers_b,sum_payment_amount,MAD z-score >= 8 (extreme outlier),,868759.0,343.26
,,providers_b,sum_payment_amount,MAD z-score >= 8 (extreme outlier),,1178483.0,1622.94
,,providers_b,sum_payment_amount,MAD z-score >= 8 (extreme outlier),,59224.0,412.51
,,providers_b,sum_payment_amount,MAD z-score >= 8 (extreme outlier),,436675.0,277.90999999999997
,,providers_b,sum_payment_amount,MAD z-score >= 8 (extreme outlier),,10991531.0,486.12
,,providers_b,sum_payment_amount,MAD z-score >= 8 (extreme outlier),,1176977.0,395.34
,,providers_b,sum_payment_amount,MAD z-score >= 8 (extreme outlier),,10990788.0,602.33
,,providers_b,sum_payment_amount,MAD z-score >= 8 (extreme outlier),,1351337.0,327.3
,,providers_b,sum_payment_amount,MAD z-score >= 8 (extreme outlier),,74284.0,2122.15
,,providers_b,sum_payment_amount,MAD z-score >= 8 (extreme outlier),,1055839.0,426.4
,,providers_b,sum_payment_amount,MAD z-score >= 8 (extreme outlier),,11241042.0,274.96
,,providers_b,sum_payment_amount,MAD z-score >= 8 (extreme outlier),,170186.0,574.2
,,providers_b,sum_payment_amount,MAD z-score >= 8 (extreme outlier),,697591.0,750.0
,,providers_b,sum_payment_amount,MAD z-score >= 8 (extreme outlier),,1397642.0,481.93
,,providers_b,sum_payment_amount,MAD z-score >= 8 (extreme outlier),,1218590.0,347780.0
,,providers_b,sum_payment_amount,MAD z-score >= 8 (extreme outlier),,4224059.0,1250.06
,,providers_b,sum_payment_amount,MAD z-score >= 8 (extreme outlier),,11057531.0,1280.6
,,providers_b,sum_payment_amount,MAD z-score >= 8 (extreme outlier),,33429.0,2005.33
,,providers_b,sum_payment_amount,MAD z-score >= 8 (extreme outlier),,1143137.0,1648.88
,,providers_b,sum_payment_amount,MAD z-score >= 8 (extreme outlier),,324086.0,641.0
,,providers_b,sum_payment_amount,MAD z-score >= 8 (extreme outlier),,4067155.0,2117.71
,,providers_b,sum_payment_amount,MAD z-score >= 8 (extreme outlier),,8791885.0,1835.3
,,providers_b,sum_payment_amount,MAD z-score >= 8 (extreme outlier),,1380417.0,279.52
,,providers_b,sum_payment_amount,MAD z-score >= 8 (extreme outlier),,10927172.0,351.46
,,providers_b,sum_payment_amount,MAD z-score >= 8 (extreme outlier),,124807.0,23750.87
,,providers_b,sum_payment_amount,MAD z-score >= 8 (extreme outlier),,254822.0,1461.58
,,providers_b,sum_payment_amount,MAD z-score >= 8 (extreme outlier),,802956.0,1925.0
,,providers_b,sum_payment_amount,MAD z-score >= 8 (extreme outlier),,185972.0,499.46999999999997
,,providers_b,sum_payment_amount,MAD z-score >= 8 (extreme outlier),,356775.0,21912.66
,,providers_b,sum_payment_amount,MAD z-score >= 8 (extreme outlier),,702771.0,3872.43
,,providers_b,sum_payment_amount,MAD z-score >= 8 (extreme outlier),,1376453.0,5228.75
,,providers_b,sum_payment_amount,MAD z-score >= 8 (extreme outlier),,1007668.0,646.17
,,providers_b,sum_payment_amount,MAD z-score >= 8 (extreme outlier),,978078.0,1576.06
,,providers_b,sum_payment_amount,MAD z-score >= 8 (extreme outlier),,827688.0,319.71000000000004
,,providers_b,sum_payment_amount,MAD z-score >= 8 (extreme outlier),,27451.0,1169.6
,,providers_b,sum_payment_amount,MAD z-score >= 8 (extreme outlier),,5700724.0,1425.5500000000002
,,providers_b,sum_payment_amount,MAD z-score >= 8 (extreme outlier),,4493103.0,1746.24
,,providers_b,sum_payment_amount,MAD z-score >= 8 (extreme outlier),,11407994.0,2072.58
,,providers_b,sum_payment_amount,MAD z-score >= 8 (extreme outlier),,10427451.0,292.22999999999996
,,providers_b,sum_payment_amount,MAD z-score >= 8 (extreme outlier),,590707.0,278.49
,,providers_b,sum_payment_amount,MAD z-score >= 8 (extreme outlier),,500570.0,2100.0
,,providers_b,sum_payment_amount,MAD z-score >= 8 (extreme outlier),,165453.0,657.61
,,providers_b,sum_payment_amount,MAD z-score >= 8 (extreme outlier),,2778374.0,1250.0
,,providers_b,sum_payment_amount,MAD z-score >= 8 (extreme outlier),,11049471.0,290.1
,,providers_b,sum_payment_amount,MAD z-score >= 8 (extreme outlier),,46199.0,1740.0
,,providers_b,sum_payment_amount,MAD z-score >= 8 (extreme outlier),,137094.0,2400.0
,,providers_b,sum_payment_amount,MAD z-score >= 8 (extreme outlier),,105951.0,918.61
,,providers_b,sum_payment_amount,MAD z-score >= 8 (extreme outlier),,9004.0,1065.75
,,providers_b,sum_payment_amount,MAD z-score >= 8 (extreme outlier),,338042.0,551.73
,,providers_b,sum_payment_amount,MAD z-score >= 8 (extreme outlier),,272108.0,37924.92
,,providers_b,sum_payment_amount,MAD z-score >= 8 (extreme outlier),,5339493.0,852.12
,,providers_b,sum_payment_amount,MAD z-score >= 8 (extreme outlier),,11946.0,318.01
,,providers_b,sum_payment_amount,MAD z-score >= 8 (extreme outlier),,1172623.0,2184.54
,,providers_b,sum_payment_amount,MAD z-score >= 8 (extreme outlier),,930814.0,1217.24
,,providers_b,sum_payment_amount,MAD z-score >= 8 (extreme outlier),,1196269.0,1437.0900000000001
,,providers_b,sum_payment_amount,MAD z-score >= 8 (extreme outlier),,11271278.0,276.2
,,providers_b,sum_payment_amount,MAD z-score >= 8 (extreme outlier),,723948.0,324.07
,,providers_b,sum_payment_amount,MAD z-score >= 8 (extreme outlier),,586688.0,2609.03
,,providers_b,sum_payment_amount,MAD z-score >= 8 (extreme outlier),,4219063.0,2489.0
,,providers_b,sum_payment_amount,MAD z-score >= 8 (extreme outlier),,152763.0,287.38
,,providers_b,sum_payment_amount,MAD z-score >= 8 (extreme outlier),,96696.0,1445.6699999999998
,,providers_b,sum_payment_amount,MAD z-score >= 8 (extreme outlier),,1212073.0,2221.7
,,providers_b,sum_payment_amount,MAD z-score >= 8 (extreme outlier),,11109466.0,273.91999999999996
,,providers_b,sum_payment_amount,MAD z-score >= 8 (extreme outlier),,184611.0,1000.0
,,providers_b,sum_payment_amount,MAD z-score >= 8 (extreme outlier),,81132.0,1881.51
,,providers_b,sum_payment_amount,MAD z-score >= 8 (extreme outlier),,83470.0,304.8
,,providers_b,sum_payment_amount,MAD z-score >= 8 (extreme outlier),,10623649.0,538.47
,,providers_b,sum_payment_amount,MAD z-score >= 8 (extreme outlier),,1302875.0,940.0500000000001
,,providers_b,sum_payment_amount,MAD z-score >= 8 (extreme outlier),,10859840.0,310.92
,,providers_b,sum_payment_amount,MAD z-score >= 8 (extreme outlier),,457859.0,8375.0
,,providers_b,sum_payment_amount,MAD z-score >= 8 (extreme outlier),,10741155.0,484.21000000000004
,,providers_b,sum_payment_amount,MAD z-score >= 8 (extreme outlier),,274719.0,692.34
,,providers_b,sum_payment_amount,MAD z-score >= 8 (extreme outlier),,1173323.0,516.04
,,providers_b,sum_payment_amount,MAD z-score >= 8 (extreme outlier),,261470.0,319.59999999999997
,,providers_b,sum_payment_amount,MAD z-score >= 8 (extreme outlier),,11035105.0,298.77
,,providers_b,sum_payment_amount,MAD z-score >= 8 (extreme outlier),,830793.0,281.87
,,providers_b,sum_payment_amount,MAD z-score >= 8 (extreme outlier),,10612510.0,291.51
,,providers_b,sum_payment_amount,MAD z-score >= 8 (extreme outlier),,932457.0,848.25
,,providers_b,sum_payment_amount,MAD z-score >= 8 (extreme outlier),,11382667.0,494.0
,,providers_b,sum_payment_amount,MAD z-score >= 8 (extreme outlier),,4223059.0,334.78
,,providers_b,sum_payment_amount,MAD z-score >= 8 (extreme outlier),,5332189.0,354.58
,,providers_b,sum_payment_amount,MAD z-score >= 8 (extreme outlier),,1035548.0,20070.62
,,providers_b,sum_payment_amount,MAD z-score >= 8 (extreme outlier),,248458.0,328.48
,,providers_b,sum_payment_amount,MAD z-score >= 8 (extreme outlier),,1159045.0,295.1
,,providers_b,sum_payment_amount,MAD z-score >= 8 (extreme outlier),,142998.0,1689.8799999999999
,,providers_b,sum_payment_amount,MAD z-score >= 8 (extreme outlier),,3973761.0,383.51
,,providers_b,sum_payment_amount,MAD z-score >= 8 (extreme outlier),,10743094.0,335.45
,,providers_b,sum_payment_amount,MAD z-score >= 8 (extreme outlier),,512980.0,278.1
,,providers_b,sum_payment_amount,MAD z-score >= 8 (extreme outlier),,252699.0,290.51
,,providers_b,sum_payment_amount,MAD z-score >= 8 (extreme outlier),,278590.0,382.88
,,providers_b,sum_payment_amount,MAD z-score >= 8 (extreme outlier),,286491.0,3190.5
,,providers_b,sum_payment_amount,MAD z-score >= 8 (extreme outlier),,250333.0,314.24
,,providers_b,sum_payment_amount,MAD z-score >= 8 (extreme outlier),,10769492.0,275.07000000000005
,,providers_b,sum_payment_amount,MAD z-score >= 8 (extreme outlier),,21181.0,500.0
,,providers_b,sum_payment_amount,MAD z-score >= 8 (extreme outlier),,735376.0,974.65
,,providers_b,sum_payment_amount,MAD z-score >= 8 (extreme outlier),,162414.0,325.45
,,providers_b,sum_payment_amount,MAD z-score >= 8 (extreme outlier),,10612530.0,285.78999999999996
,,providers_b,sum_payment_amount,MAD z-score >= 8 (extreme outlier),,262710.0,12151.99
,,providers_b,sum_payment_amount,MAD z-score >= 8 (extreme outlier),,300849.0,368.33
,,providers_b,sum_payment_amount,MAD z-score >= 8 (extreme outlier),,11057549.0,305.2
,,providers_b,sum_payment_amount,MAD z-score >= 8 (extreme outlier),,1005620.0,530.7
,,providers_b,sum_payment_amount,MAD z-score >= 8 (extreme outlier),,35223.0,411.0
,,providers_b,sum_payment_amount,MAD z-score >= 8 (extreme outlier),,1377794.0,5497.99
,,providers_b,sum_payment_amount,MAD z-score >= 8 (extreme outlier),,34193.0,344.16999999999996
,,providers_b,sum_payment_amount,MAD z-score >= 8 (extreme outlier),,10643649.0,276.95
,,providers_b,sum_payment_amount,MAD z-score >= 8 (extreme outlier),,50090.0,436.98
,,providers_b,sum_payment_amount,MAD z-score >= 8 (extreme outlier),,991806.0,1800.0
,,providers_b,sum_payment_amount,MAD z-score >= 8 (extreme outlier),,11421340.0,277.78
,,providers_b,sum_payment_amount,MAD z-score >= 8 (extreme outlier),,38731.0,575.1
,,providers_b,sum_payment_amount,MAD z-score >= 8 (extreme outlier),,275264.0,5562.15
,,providers_b,sum_payment_amount,MAD z-score >= 8 (extreme outlier),,701274.0,1454.23
,,providers_b,sum_payment_amount,MAD z-score >= 8 (extreme outlier),,262311.0,718.63
,,providers_b,sum_payment_amount,MAD z-score >= 8 (extreme outlier),,10494994.0,4905.53
,,providers_b,sum_payment_amount,MAD z-score >= 8 (extreme outlier),,1016350.0,1575.0
,,providers_b,sum_payment_amount,MAD z-score >= 8 (extreme outlier),,449718.0,353.73
,,providers_b,sum_payment_amount,MAD z-score >= 8 (extreme outlier),,1146050.0,2504.48
,,providers_b,sum_payment_amount,MAD z-score >= 8 (extreme outlier),,998239.0,1854.0900000000001
,,providers_b,sum_payment_amount,MAD z-score >= 8 (extreme outlier),,1589223.0,387.5
,,providers_b,sum_payment_amount,MAD z-score >= 8 (extreme outlier),,176984.0,563.17
,,providers_b,sum_payment_amount,MAD z-score >= 8 (extreme outlier),,4191469.0,10683.32
,,providers_b,sum_payment_amount,MAD z-score >= 8 (extreme outlier),,10988935.0,309.55
,,providers_b,sum_payment_amount,MAD z-score >= 8 (extreme outlier),,48854.0,451.64
,,providers_b,sum_payment_amount,MAD z-score >= 8 (extreme outlier),,159158.0,356.7
,,providers_b,sum_payment_amount,MAD z-score >= 8 (extreme outlier),,10043174.0,464.35
,,providers_b,sum_payment_amount,MAD z-score >= 8 (extreme outlier),,10934011.0,309.53999999999996
,,providers_b,sum_payment_amount,MAD z-score >= 8 (extreme outlier),,409094.0,4500.0
,,providers_b,sum_payment_amount,MAD z-score >= 8 (extreme outlier),,68666.0,347.24
,,providers_b,sum_payment_amount,MAD z-score >= 8 (extreme outlier),,979629.0,299.07
,,providers_b,sum_payment_amount,MAD z-score >= 8 (extreme outlier),,4843266.0,425.21999999999997
,,providers_b,sum_payment_amount,MAD z-score >= 8 (extreme outlier),,170389.0,5450.0
,,providers_b,sum_payment_amount,MAD z-score >= 8 (extreme outlier),,362717.0,773.9
,,providers_b,sum_payment_amount,MAD z-score >= 8 (extreme outlier),,1382657.0,300.12
,,providers_b,sum_payment_amount,MAD z-score >= 8 (extreme outlier),,8792900.0,2101.75
,,providers_b,sum_payment_amount,MAD z-score >= 8 (extreme outlier),,337639.0,1668.7
,,providers_b,sum_payment_amount,MAD z-score >= 8 (extreme outlier),,10891369.0,425.54
,,providers_b,sum_payment_amount,MAD z-score >= 8 (extreme outlier),,159675.0,2525.0
,,providers_b,sum_payment_amount,MAD z-score >= 8 (extreme outlier),,1394935.0,1182.54
,,providers_b,sum_payment_amount,MAD z-score >= 8 (extreme outlier),,214105.0,510.0
,,providers_b,sum_payment_amount,MAD z-score >= 8 (extreme outlier),,11314116.0,1647.71
,,providers_b,sum_payment_amount,MAD z-score >= 8 (extreme outlier),,661468.0,2984.9
,,providers_b,sum_payment_amount,MAD z-score >= 8 (extreme outlier),,306578.0,2189.01
,,providers_b,sum_payment_amount,MAD z-score >= 8 (extreme outlier),,10483609.0,284.1
,,providers_b,sum_payment_amount,MAD z-score >= 8 (extreme outlier),,306679.0,283.91
,,providers_b,sum_payment_amount,MAD z-score >= 8 (extreme outlier),,1345326.0,1062.62
,,providers_b,sum_payment_amount,MAD z-score >= 8 (extreme outlier),,168470.0,60011.26
,,providers_b,sum_payment_amount,MAD z-score >= 8 (extreme outlier),,298179.0,1412.68
,,providers_b,sum_payment_amount,MAD z-score >= 8 (extreme outlier),,50860.0,1082.1
,,providers_b,sum_payment_amount,MAD z-score >= 8 (extreme outlier),,5705518.0,391.54999999999995
,,providers_b,sum_payment_amount,MAD z-score >= 8 (extreme outlier),,1051053.0,852.12
,,providers_b,sum_payment_amount,MAD z-score >= 8 (extreme outlier),,2781735.0,675.19
,,providers_b,sum_payment_amount,MAD z-score >= 8 (extreme outlier),,10420237.0,276.06
,,providers_b,sum_payment_amount,MAD z-score >= 8 (extreme outlier),,285787.0,404.51
,,providers_b,sum_payment_amount,MAD z-score >= 8 (extreme outlier),,609110.0,500.0
,,providers_b,sum_payment_amount,MAD z-score >= 8 (extreme outlier),,796754.0,378.17
,,providers_b,sum_payment_amount,MAD z-score >= 8 (extreme outlier),,862657.0,454.14
,,providers_b,sum_payment_amount,MAD z-score >= 8 (extreme outlier),,8801574.0,1339.13
,,providers_b,sum_payment_amount,MAD z-score >= 8 (extreme outlier),,53893.0,77746.6
,,providers_b,sum_payment_amount,MAD z-score >= 8 (extreme outlier),,221534.0,1629.54
,,providers_b,sum_payment_amount,MAD z-score >= 8 (extreme outlier),,5105412.0,1939.2399999999998
,,providers_b,sum_payment_amount,MAD z-score >= 8 (extreme outlier),,10460130.0,275.07
,,providers_b,sum_payment_amount,MAD z-score >= 8 (extreme outlier),,731687.0,887.0
,,providers_b,sum_payment_amount,MAD z-score >= 8 (extreme outlier),,320553.0,326.21
,,providers_b,sum_payment_amount,MAD z-score >= 8 (extreme outlier),,1249473.0,42000.0
,,providers_b,sum_payment_amount,MAD z-score >= 8 (extreme outlier),,3613426.0,3100.0
,,providers_b,sum_payment_amount,MAD z-score >= 8 (extreme outlier),,999662.0,432.06
,,providers_b,sum_payment_amount,MAD z-score >= 8 (extreme outlier),,132409.0,355.0
,,providers_b,sum_payment_amount,MAD z-score >= 8 (extreme outlier),,1116093.0,3575.0
,,providers_b,sum_payment_amount,MAD z-score >= 8 (extreme outlier),,85624.0,376.3
,,providers_b,sum_payment_amount,MAD z-score >= 8 (extreme outlier),,11309247.0,307.06
,,providers_b,sum_payment_amount,MAD z-score >= 8 (extreme outlier),,8764075.0,322.97
,,providers_b,sum_payment_amount,MAD z-score >= 8 (extreme outlier),,715253.0,536.71
,,providers_b,sum_payment_amount,MAD z-score >= 8 (extreme outlier),,207765.0,7100.0
,,providers_b,sum_payment_amount,MAD z-score >= 8 (extreme outlier),,10840778.0,13007.93
,,providers_b,sum_payment_amount,MAD z-score >= 8 (extreme outlier),,82054.0,276.02
,,providers_b,sum_payment_amount,MAD z-score >= 8 (extreme outlier),,10712257.0,370.7
,,providers_b,sum_payment_amount,MAD z-score >= 8 (extreme outlier),,10914952.0,303.38
,,providers_b,sum_payment_amount,MAD z-score >= 8 (extreme outlier),,866817.0,397.0
,,providers_b,sum_payment_amount,MAD z-score >= 8 (extreme outlier),,8507065.0,350.0
,,providers_b,sum_payment_amount,MAD z-score >= 8 (extreme outlier),,1378529.0,750.0
,,providers_b,sum_payment_amount,MAD z-score >= 8 (extreme outlier),,189979.0,24235.0
,,providers_b,sum_payment_amount,MAD z-score >= 8 (extreme outlier),,284060.0,302.29999999999995
,,providers_b,sum_payment_amount,MAD z-score >= 8 (extreme outlier),,10957489.0,280.68
,,providers_b,sum_payment_amount,MAD z-score >= 8 (extreme outlier),,10489023.0,387.62
,,providers_b,sum_payment_amount,MAD z-score >= 8 (extreme outlier),,11377506.0,327.34000000000003
,,providers_b,sum_payment_amount,MAD z-score >= 8 (extreme outlier),,8944501.0,305.71
,,providers_b,sum_payment_amount,MAD z-score >= 8 (extreme outlier),,1226932.0,2921.5
,,providers_b,sum_payment_amount,MAD z-score >= 8 (extreme outlier),,906319.0,2818.84
,,providers_b,sum_payment_amount,MAD z-score >= 8 (extreme outlier),,296410.0,316.8
,,providers_b,sum_payment_amount,MAD z-score >= 8 (extreme outlier),,922971.0,239896.08000000002
,,providers_b,sum_payment_amount,MAD z-score >= 8 (extreme outlier),,10662292.0,404.87
,,providers_b,sum_payment_amount,MAD z-score >= 8 (extreme outlier),,165340.0,1998.08
,,providers_b,sum_payment_amount,MAD z-score >= 8 (extreme outlier),,10881793.0,325.52
,,providers_b,sum_payment_amount,MAD z-score >= 8 (extreme outlier),,857826.0,3087.5
,,providers_b,sum_payment_amount,MAD z-score >= 8 (extreme outlier),,108062.0,1692.6299999999999
,,providers_b,sum_payment_amount,MAD z-score >= 8 (extreme outlier),,1332214.0,11100.0
,,providers_b,sum_payment_amount,MAD z-score >= 8 (extreme outlier),,653634.0,335.52
,,providers_b,sum_payment_amount,MAD z-score >= 8 (extreme outlier),,1275785.0,2500.0
,,providers_b,sum_payment_amount,MAD z-score >= 8 (extreme outlier),,320638.0,343.40999999999997
,,providers_b,sum_payment_amount,MAD z-score >= 8 (extreme outlier),,11300502.0,392.52
,,providers_b,sum_payment_amount,MAD z-score >= 8 (extreme outlier),,11361631.0,283.23
,,providers_b,sum_payment_amount,MAD z-score >= 8 (extreme outlier),,10559189.0,335.78
,,providers_b,sum_payment_amount,MAD z-score >= 8 (extreme outlier),,289515.0,424.15
,,providers_b,sum_payment_amount,MAD z-score >= 8 (extreme outlier),,1162460.0,700.0
,,providers_b,sum_payment_amount,MAD z-score >= 8 (extreme outlier),,11270020.0,284.23
,,providers_b,sum_payment_amount,MAD z-score >= 8 (extreme outlier),,26934.0,309.99
,,providers_b,sum_payment_amount,MAD z-score >= 8 (extreme outlier),,246266.0,337.53999999999996
,,providers_b,sum_payment_amount,MAD z-score >= 8 (extreme outlier),,325101.0,4215.0
,,providers_b,sum_payment_amount,MAD z-score >= 8 (extreme outlier),,10571627.0,85900.2
,,providers_b,sum_payment_amount,MAD z-score >= 8 (extreme outlier),,1094712.0,3065.04
,,providers_b,sum_payment_amount,MAD z-score >= 8 (extreme outlier),,1241046.0,36573.81
,,providers_b,sum_payment_amount,MAD z-score >= 8 (extreme outlier),,8794520.0,4700.12
,,providers_b,sum_payment_amount,MAD z-score >= 8 (extreme outlier),,804714.0,9900.0
,,providers_b,sum_payment_amount,MAD z-score >= 8 (extreme outlier),,911429.0,1118.65
,,providers_b,sum_payment_amount,MAD z-score >= 8 (extreme outlier),,229059.0,1344.97
,,providers_b,sum_payment_amount,MAD z-score >= 8 (extreme outlier),,10845160.0,287.6
,,providers_b,sum_payment_amount,MAD z-score >= 8 (extreme outlier),,84880.0,137288.78
,,providers_b,sum_payment_amount,MAD z-score >= 8 (extreme outlier),,11552589.0,15000.0
,,providers_b,sum_payment_amount,MAD z-score >= 8 (extreme outlier),,268896.0,561.95
,,providers_b,sum_payment_amount,MAD z-score >= 8 (extreme outlier),,2782805.0,607.76
,,providers_b,sum_payment_amount,MAD z-score >= 8 (extreme outlier),,11402245.0,1158.32
,,providers_b,sum_payment_amount,MAD z-score >= 8 (extreme outlier),,11427339.0,289.35
,,providers_b,sum_payment_amount,MAD z-score >= 8 (extreme outlier),,10528456.0,312.53
,,providers_b,sum_payment_amount,MAD z-score >= 8 (extreme outlier),,7052579.0,288.96000000000004
,,providers_b,sum_payment_amount,MAD z-score >= 8 (extreme outlier),,933511.0,12450.0
,,providers_b,sum_payment_amount,MAD z-score >= 8 (extreme outlier),,715404.0,954.52
,,providers_b,sum_payment_amount,MAD z-score >= 8 (extreme outlier),,11261581.0,353.09
,,providers_b,sum_payment_amount,MAD z-score >= 8 (extreme outlier),,233220.0,9682.89
,,providers_b,sum_payment_amount,MAD z-score >= 8 (extreme outlier),,1311669.0,1404.98
,,providers_b,sum_payment_amount,MAD z-score >= 8 (extreme outlier),,334227.0,35005.9
,,providers_b,sum_payment_amount,MAD z-score >= 8 (extreme outlier),,355039.0,931.27
,,providers_b,sum_payment_amount,MAD z-score >= 8 (extreme outlier),,7840516.0,576.64
,,providers_b,sum_payment_amount,MAD z-score >= 8 (extreme outlier),,4768361.0,2067.29
,,providers_b,sum_payment_amount,MAD z-score >= 8 (extreme outlier),,400799.0,300.0
,,providers_b,sum_payment_amount,MAD z-score >= 8 (extreme outlier),,538058.0,1245.5700000000002
,,providers_b,sum_payment_amount,MAD z-score >= 8 (extreme outlier),,98955.0,427.97
,,providers_b,sum_payment_amount,MAD z-score >= 8 (extreme outlier),,1380295.0,336.78999999999996
,,providers_b,sum_payment_amount,MAD z-score >= 8 (extreme outlier),,62085.0,78099.19
,,providers_b,sum_payment_amount,MAD z-score >= 8 (extreme outlier),,4034073.0,361.15
,,providers_b,sum_payment_amount,MAD z-score >= 8 (extreme outlier),,5633002.0,8000.0
,,providers_b,sum_payment_amount,MAD z-score >= 8 (extreme outlier),,5052415.0,412.09000000000003
,,providers_b,sum_payment_amount,MAD z-score >= 8 (extreme outlier),,1393170.0,1481.6100000000001
,,providers_b,sum_payment_amount,MAD z-score >= 8 (extreme outlier),,7230195.0,1476.77
,,providers_b,sum_payment_amount,MAD z-score >= 8 (extreme outlier),,1179727.0,888.47
,,providers_b,sum_payment_amount,MAD z-score >= 8 (extreme outlier),,668990.0,1245.99
,,providers_b,sum_payment_amount,MAD z-score >= 8 (extreme outlier),,10644036.0,29174.15
,,providers_b,sum_payment_amount,MAD z-score >= 8 (extreme outlier),,145457.0,350.0
,,providers_b,sum_payment_amount,MAD z-score >= 8 (extreme outlier),,16984.0,1283.85
,,providers_b,sum_payment_amount,MAD z-score >= 8 (extreme outlier),,10938634.0,1075.3
,,providers_b,sum_payment_amount,MAD z-score >= 8 (extreme outlier),,6084917.0,1255.81
,,providers_b,sum_payment_amount,MAD z-score >= 8 (extreme outlier),,238307.0,515.0
,,providers_b,sum_payment_amount,MAD z-score >= 8 (extreme outlier),,466007.0,24393.34
,,providers_b,sum_payment_amount,MAD z-score >= 8 (extreme outlier),,1152298.0,1500.0
,,providers_b,sum_payment_amount,MAD z-score >= 8 (extreme outlier),,717025.0,314.6
,,providers_b,sum_payment_amount,MAD z-score >= 8 (extreme outlier),,1383436.0,496.63
,,providers_b,sum_payment_amount,MAD z-score >= 8 (extreme outlier),,240075.0,5400.0
,,providers_b,sum_payment_amount,MAD z-score >= 8 (extreme outlier),,172685.0,330.37
,,providers_b,sum_payment_amount,MAD z-score >= 8 (extreme outlier),,10943384.0,309.56
,,providers_b,sum_payment_amount,MAD z-score >= 8 (extreme outlier),,7547301.0,679.3299999999999
,,providers_b,sum_payment_amount,MAD z-score >= 8 (extreme outlier),,163033.0,660.27
,,providers_b,sum_payment_amount,MAD z-score >= 8 (extreme outlier),,357526.0,298.71999999999997
,,providers_b,sum_payment_amount,MAD z-score >= 8 (extreme outlier),,10916139.0,1315.08
,,providers_b,sum_payment_amount,MAD z-score >= 8 (extreme outlier),,101979.0,285.88
,,providers_b,sum_payment_amount,MAD z-score >= 8 (extreme outlier),,1337409.0,3000.0
,,providers_b,sum_payment_amount,MAD z-score >= 8 (extreme outlier),,69451.0,275.5
,,providers_b,sum_payment_amount,MAD z-score >= 8 (extreme outlier),,55385.0,336.3
,,providers_b,sum_payment_amount,MAD z-score >= 8 (extreme outlier),,245907.0,332.88
,,providers_b,sum_payment_amount,MAD z-score >= 8 (extreme outlier),,106117.0,3000.0
,,providers_b,sum_payment_amount,MAD z-score >= 8 (extreme outlier),,10804290.0,377.08
,,providers_b,sum_payment_amount,MAD z-score >= 8 (extreme outlier),,1313805.0,3825.0
,,providers_b,sum_payment_amount,MAD z-score >= 8 (extreme outlier),,401247.0,322.81
,,providers_b,sum_payment_amount,MAD z-score >= 8 (extreme outlier),,671605.0,663.31
,,providers_b,sum_payment_amount,MAD z-score >= 8 (extreme outlier),,309569.0,360.0
,,providers_b,sum_payment_amount,MAD z-score >= 8 (extreme outlier),,409110.0,367.58
,,providers_b,sum_payment_amount,MAD z-score >= 8 (extreme outlier),,1132982.0,2761.99
,,providers_b,sum_payment_amount,MAD z-score >= 8 (extreme outlier),,7220114.0,303.74
,,providers_b,sum_payment_amount,MAD z-score >= 8 (extreme outlier),,318631.0,413.28
,,providers_b,sum_payment_amount,MAD z-score >= 8 (extreme outlier),,10694267.0,393.04
,,providers_b,sum_payment_amount,MAD z-score >= 8 (extreme outlier),,576773.0,410.21999999999997
,,providers_b,sum_payment_amount,MAD z-score >= 8 (extreme outlier),,10917129.0,284.3
,,providers_b,sum_payment_amount,MAD z-score >= 8 (extreme outlier),,23035.0,331.43
,,providers_b,sum_payment_amount,MAD z-score >= 8 (extreme outlier),,133456.0,335.76
,,providers_b,sum_payment_amount,MAD z-score >= 8 (extreme outlier),,246546.0,292.71
,,providers_b,sum_payment_amount,MAD z-score >= 8 (extreme outlier),,1398210.0,348.06
,,providers_b,sum_payment_amount,MAD z-score >= 8 (extreme outlier),,274815.0,2313.31
,,providers_b,sum_payment_amount,MAD z-score >= 8 (extreme outlier),,11170529.0,332.36
,,providers_b,sum_payment_amount,MAD z-score >= 8 (extreme outlier),,1391577.0,323518.2
,,providers_b,sum_payment_amount,MAD z-score >= 8 (extreme outlier),,907332.0,8621.02
,,providers_b,sum_payment_amount,MAD z-score >= 8 (extreme outlier),,823753.0,13798.67
,,providers_b,sum_payment_amount,MAD z-score >= 8 (extreme outlier),,11202232.0,405.32
,,providers_b,sum_payment_amount,MAD z-score >= 8 (extreme outlier),,300786.0,368.59000000000003
,,providers_b,sum_payment_amount,MAD z-score >= 8 (extreme outlier),,1115109.0,284.15
,,providers_b,sum_payment_amount,MAD z-score >= 8 (extreme outlier),,2335199.0,293.47
,,providers_b,sum_payment_amount,MAD z-score >= 8 (extreme outlier),,224746.0,22511.89
,,providers_b,sum_payment_amount,MAD z-score >= 8 (extreme outlier),,1381279.0,1901.55
,,providers_b,sum_payment_amount,MAD z-score >= 8 (extreme outlier),,2781875.0,472.15999999999997
,,providers_b,sum_payment_amount,MAD z-score >= 8 (extreme outlier),,1078537.0,14580.0
,,providers_b,sum_payment_amount,MAD z-score >= 8 (extreme outlier),,610598.0,577.52
,,providers_b,sum_payment_amount,MAD z-score >= 8 (extreme outlier),,506430.0,408.2
,,providers_b,sum_payment_amount,MAD z-score >= 8 (extreme outlier),,77192.0,285.03000000000003
,,providers_b,sum_payment_amount,MAD z-score >= 8 (extreme outlier),,932125.0,3626.1299999999997
,,providers_b,sum_payment_amount,MAD z-score >= 8 (extreme outlier),,362573.0,275.45
,,providers_b,sum_payment_amount,MAD z-score >= 8 (extreme outlier),,97727.0,394.51
,,providers_b,sum_payment_amount,MAD z-score >= 8 (extreme outlier),,175999.0,2100.0
,,providers_b,sum_payment_amount,MAD z-score >= 8 (extreme outlier),,1224132.0,122795.0
,,providers_b,sum_payment_amount,MAD z-score >= 8 (extreme outlier),,316860.0,3575.0
,,providers_b,sum_payment_amount,MAD z-score >= 8 (extreme outlier),,10424886.0,2313.55
,,providers_b,sum_payment_amount,MAD z-score >= 8 (extreme outlier),,1395723.0,34291.11
,,providers_b,sum_payment_amount,MAD z-score >= 8 (extreme outlier),,626911.0,1001.2
,,providers_b,sum_payment_amount,MAD z-score >= 8 (extreme outlier),,499017.0,73535.79
,,providers_b,sum_payment_amount,MAD z-score >= 8 (extreme outlier),,11506330.0,406.85
,,providers_b,sum_payment_amount,MAD z-score >= 8 (extreme outlier),,1267111.0,276.15000000000003
,,providers_b,sum_payment_amount,MAD z-score >= 8 (extreme outlier),,1161575.0,585.0
,,providers_b,sum_payment_amount,MAD z-score >= 8 (extreme outlier),,631035.0,293.19
,,providers_b,sum_payment_amount,MAD z-score >= 8 (extreme outlier),,9440648.0,273.99
,,providers_b,sum_payment_amount,MAD z-score >= 8 (extreme outlier),,277398.0,328.97
,,providers_b,sum_payment_amount,MAD z-score >= 8 (extreme outlier),,336811.0,1956.08
,,providers_b,sum_payment_amount,MAD z-score >= 8 (extreme outlier),,908234.0,3274.71
,,providers_b,sum_payment_amount,MAD z-score >= 8 (extreme outlier),,348791.0,807.79
,,providers_b,sum_payment_amount,MAD z-score >= 8 (extreme outlier),,11546073.0,957.8299999999999
,,providers_b,sum_payment_amount,MAD z-score >= 8 (extreme outlier),,1150461.0,6860.0
,,providers_b,sum_payment_amount,MAD z-score >= 8 (extreme outlier),,1033061.0,303.41
,,providers_b,sum_payment_amount,MAD z-score >= 8 (extreme outlier),,352614.0,300.45
,,providers_b,sum_payment_amount,MAD z-score >= 8 (extreme outlier),,10879181.0,559.8100000000001
,,providers_b,sum_payment_amount,MAD z-score >= 8 (extreme outlier),,1105849.0,114888.69
,,providers_b,sum_payment_amount,MAD z-score >= 8 (extreme outlier),,816570.0,600.08
,,providers_b,sum_payment_amount,MAD z-score >= 8 (extreme outlier),,224539.0,34074.67
,,providers_b,sum_payment_amount,MAD z-score >= 8 (extreme outlier),,716642.0,313.1
,,providers_b,sum_payment_amount,MAD z-score >= 8 (extreme outlier),,10639070.0,375.03
,,providers_b,sum_payment_amount,MAD z-score >= 8 (extreme outlier),,1011755.0,9803.84
,,providers_b,sum_payment_amount,MAD z-score >= 8 (extreme outlier),,7939859.0,331.58000000000004
,,providers_b,sum_payment_amount,MAD z-score >= 8 (extreme outlier),,10598220.0,523.96
,,providers_b,sum_payment_amount,MAD z-score >= 8 (extreme outlier),,50863.0,6735.9800000000005
,,providers_b,sum_payment_amount,MAD z-score >= 8 (extreme outlier),,100153.0,293.75
,,providers_b,sum_payment_amount,MAD z-score >= 8 (extreme outlier),,8803853.0,278.7
,,providers_b,sum_payment_amount,MAD z-score >= 8 (extreme outlier),,9444664.0,346.62
,,providers_b,sum_payment_amount,MAD z-score >= 8 (extreme outlier),,6132902.0,276.45
,,providers_b,sum_payment_amount,MAD z-score >= 8 (extreme outlier),,778873.0,374.61
,,providers_b,sum_payment_amount,MAD z-score >= 8 (extreme outlier),,879441.0,8438.4
,,providers_b,sum_payment_amount,MAD z-score >= 8 (extreme outlier),,90859.0,2094.0
,,providers_b,sum_payment_amount,MAD z-score >= 8 (extreme outlier),,321513.0,4459.99
,,providers_b,sum_payment_amount,MAD z-score >= 8 (extreme outlier),,1120136.0,616.7
,,providers_b,sum_payment_amount,MAD z-score >= 8 (extreme outlier),,98004.0,369.56
,,providers_b,sum_payment_amount,MAD z-score >= 8 (extreme outlier),,222129.0,348.61
,,providers_b,sum_payment_amount,MAD z-score >= 8 (extreme outlier),,310448.0,18760.5
,,providers_b,sum_payment_amount,MAD z-score >= 8 (extreme outlier),,154528.0,8750.0
,,providers_b,sum_payment_amount,MAD z-score >= 8 (extreme outlier),,10416446.0,290.26
,,providers_b,sum_payment_amount,MAD z-score >= 8 (extreme outlier),,52700.0,3612.5
,,providers_b,sum_payment_amount,MAD z-score >= 8 (extreme outlier),,1634515.0,358.55
,,providers_b,sum_payment_amount,MAD z-score >= 8 (extreme outlier),,10712299.0,602.85
,,providers_b,sum_payment_amount,MAD z-score >= 8 (extreme outlier),,233510.0,1852.91
,,providers_b,sum_payment_amount,MAD z-score >= 8 (extreme outlier),,1119790.0,573.38
,,providers_b,sum_payment_amount,MAD z-score >= 8 (extreme outlier),,946086.0,1652.68
,,providers_b,sum_payment_amount,MAD z-score >= 8 (extreme outlier),,10429786.0,884.67
,,providers_b,sum_payment_amount,MAD z-score >= 8 (extreme outlier),,73828.0,348.57
,,providers_b,sum_payment_amount,MAD z-score >= 8 (extreme outlier),,259167.0,1494.9900000000002
,,providers_b,sum_payment_amount,MAD z-score >= 8 (extreme outlier),,253169.0,1595.86
,,providers_b,sum_payment_amount,MAD z-score >= 8 (extreme outlier),,318178.0,5049.74
,,providers_b,sum_payment_amount,MAD z-score >= 8 (extreme outlier),,1284998.0,327.62
,,providers_b,sum_payment_amount,MAD z-score >= 8 (extreme outlier),,10672903.0,290.04
,,providers_b,sum_payment_amount,MAD z-score >= 8 (extreme outlier),,150299.0,302.18
,,providers_b,sum_payment_amount,MAD z-score >= 8 (extreme outlier),,235024.0,781.62
,,providers_b,sum_payment_amount,MAD z-score >= 8 (extreme outlier),,10759938.0,277.78000000000003
,,providers_b,sum_payment_amount,MAD z-score >= 8 (extreme outlier),,1361488.0,1173.0
,,providers_b,sum_payment_amount,MAD z-score >= 8 (extreme outlier),,1212306.0,312.82
,,providers_b,sum_payment_amount,MAD z-score >= 8 (extreme outlier),,983231.0,1465.7
,,providers_b,sum_payment_amount,MAD z-score >= 8 (extreme outlier),,1111274.0,639.4
,,providers_b,sum_payment_amount,MAD z-score >= 8 (extreme outlier),,183545.0,1086.32
,,providers_b,sum_payment_amount,MAD z-score >= 8 (extreme outlier),,5696813.0,6423.0
,,providers_b,sum_payment_amount,MAD z-score >= 8 (extreme outlier),,1219960.0,1786.32
,,providers_b,sum_payment_amount,MAD z-score >= 8 (extreme outlier),,596338.0,367.61
,,providers_b,sum_payment_amount,MAD z-score >= 8 (extreme outlier),,145337.0,313.56
,,providers_b,sum_payment_amount,MAD z-score >= 8 (extreme outlier),,1266571.0,1700.0
,,providers_b,sum_payment_amount,MAD z-score >= 8 (extreme outlier),,166932.0,545.98
,,providers_b,sum_payment_amount,MAD z-score >= 8 (extreme outlier),,11100264.0,1957.3200000000002
,,providers_b,sum_payment_amount,MAD z-score >= 8 (extreme outlier),,10977937.0,296.4
,,providers_b,sum_payment_amount,MAD z-score >= 8 (extreme outlier),,699240.0,809.3199999999999
,,providers_b,sum_payment_amount,MAD z-score >= 8 (extreme outlier),,117346.0,364.8
,,providers_b,sum_payment_amount,MAD z-score >= 8 (extreme outlier),,1233923.0,1000.0
,,providers_b,sum_payment_amount,MAD z-score >= 8 (extreme outlier),,10633848.0,1826.06
,,providers_b,sum_payment_amount,MAD z-score >= 8 (extreme outlier),,7285964.0,337.95
,,providers_b,sum_payment_amount,MAD z-score >= 8 (extreme outlier),,10943582.0,373.22
,,providers_b,sum_payment_amount,MAD z-score >= 8 (extreme outlier),,1106108.0,387.98
,,providers_b,sum_payment_amount,MAD z-score >= 8 (extreme outlier),,98909.0,5000.0
,,providers_b,sum_payment_amount,MAD z-score >= 8 (extreme outlier),,381849.0,681.5600000000001
,,providers_b,sum_payment_amount,MAD z-score >= 8 (extreme outlier),,1363087.0,329.45
,,providers_b,sum_payment_amount,MAD z-score >= 8 (extreme outlier),,145299.0,318.87
,,providers_b,sum_payment_amount,MAD z-score >= 8 (extreme outlier),,184057.0,436.35
,,providers_b,sum_payment_amount,MAD z-score >= 8 (extreme outlier),,487951.0,362.4
,,providers_b,sum_payment_amount,MAD z-score >= 8 (extreme outlier),,1987334.0,2067.07
,,providers_b,sum_payment_amount,MAD z-score >= 8 (extreme outlier),,300888.0,306.1
,,providers_b,sum_payment_amount,MAD z-score >= 8 (extreme outlier),,11426095.0,2623.72
,,providers_b,sum_payment_amount,MAD z-score >= 8 (extreme outlier),,695350.0,585.97
,,providers_b,sum_payment_amount,MAD z-score >= 8 (extreme outlier),,1285163.0,4741.2
,,providers_b,sum_payment_amount,MAD z-score >= 8 (extreme outlier),,1094755.0,294.6
,,providers_b,sum_payment_amount,MAD z-score >= 8 (extreme outlier),,859933.0,5446.13
,,providers_b,sum_payment_amount,MAD z-score >= 8 (extreme outlier),,83724.0,447.61
,,providers_b,sum_payment_amount,MAD z-score >= 8 (extreme outlier),,11408174.0,355.23
,,providers_b,sum_payment_amount,MAD z-score >= 8 (extreme outlier),,10720456.0,1630.5
,,providers_b,sum_payment_amount,MAD z-score >= 8 (extreme outlier),,281096.0,9200.0
,,providers_b,sum_payment_amount,MAD z-score >= 8 (extreme outlier),,314618.0,1750.0
,,providers_b,sum_payment_amount,MAD z-score >= 8 (extreme outlier),,251547.0,289.21
,,providers_b,sum_payment_amount,MAD z-score >= 8 (extreme outlier),,1037965.0,286.11
,,providers_b,sum_payment_amount,MAD z-score >= 8 (extreme outlier),,589035.0,18736.08
,,providers_b,sum_payment_amount,MAD z-score >= 8 (extreme outlier),,1381432.0,582.76
,,providers_b,sum_payment_amount,MAD z-score >= 8 (extreme outlier),,11080108.0,301.62
,,providers_b,sum_payment_amount,MAD z-score >= 8 (extreme outlier),,301141.0,350.0
,,providers_b,sum_payment_amount,MAD z-score >= 8 (extreme outlier),,5700511.0,653.21
,,providers_b,sum_payment_amount,MAD z-score >= 8 (extreme outlier),,11112276.0,310.49
,,providers_b,sum_payment_amount,MAD z-score >= 8 (extreme outlier),,274293.0,6044.15
,,providers_b,sum_payment_amount,MAD z-score >= 8 (extreme outlier),,1293906.0,277.85
,,providers_b,sum_payment_amount,MAD z-score >= 8 (extreme outlier),,11156375.0,332.0
,,providers_b,sum_payment_amount,MAD z-score >= 8 (extreme outlier),,11400864.0,278.01
,,providers_b,sum_payment_amount,MAD z-score >= 8 (extreme outlier),,616134.0,17232.5
,,providers_b,sum_payment_amount,MAD z-score >= 8 (extreme outlier),,165160.0,308.19
,,providers_b,sum_payment_amount,MAD z-score >= 8 (extreme outlier),,204701.0,668.19
,,providers_b,sum_payment_amount,MAD z-score >= 8 (extreme outlier),,484470.0,620.0
,,providers_b,sum_payment_amount,MAD z-score >= 8 (extreme outlier),,11204319.0,324.31
,,providers_b,sum_payment_amount,MAD z-score >= 8 (extreme outlier),,11389069.0,292.97
,,providers_b,sum_payment_amount,MAD z-score >= 8 (extreme outlier),,10851596.0,309.17
,,providers_b,sum_payment_amount,MAD z-score >= 8 (extreme outlier),,11190228.0,324.65
,,providers_b,sum_payment_amount,MAD z-score >= 8 (extreme outlier),,10425214.0,363.85
,,providers_b,sum_payment_amount,MAD z-score >= 8 (extreme outlier),,60115.0,5529.62
,,providers_b,sum_payment_amount,MAD z-score >= 8 (extreme outlier),,50144.0,523.8199999999999
,,providers_b,sum_payment_amount,MAD z-score >= 8 (extreme outlier),,554355.0,120400.0
,,providers_b,sum_payment_amount,MAD z-score >= 8 (extreme outlier),,11016126.0,951.9
,,providers_b,sum_payment_amount,MAD z-score >= 8 (extreme outlier),,1328524.0,380.41
,,providers_b,sum_payment_amount,MAD z-score >= 8 (extreme outlier),,144154.0,1250.48
,,providers_b,sum_payment_amount,MAD z-score >= 8 (extreme outlier),,263519.0,317.1
,,providers_b,sum_payment_amount,MAD z-score >= 8 (extreme outlier),,96593.0,1758.06
,,providers_b,sum_payment_amount,MAD z-score >= 8 (extreme outlier),,362066.0,72608.94
,,providers_b,sum_payment_amount,MAD z-score >= 8 (extreme outlier),,1388429.0,295.9
,,providers_b,sum_payment_amount,MAD z-score >= 8 (extreme outlier),,1382948.0,1242.78
,,providers_b,sum_payment_amount,MAD z-score >= 8 (extreme outlier),,183770.0,437.8
,,providers_b,sum_payment_amount,MAD z-score >= 8 (extreme outlier),,5362.0,274.84000000000003
,,providers_b,sum_payment_amount,MAD z-score >= 8 (extreme outlier),,11060476.0,322.53999999999996
,,providers_b,sum_payment_amount,MAD z-score >= 8 (extreme outlier),,58221.0,403.17
,,providers_b,sum_payment_amount,MAD z-score >= 8 (extreme outlier),,303244.0,1320.05
,,providers_b,sum_payment_amount,MAD z-score >= 8 (extreme outlier),,269284.0,3067.6400000000003
,,providers_b,sum_payment_amount,MAD z-score >= 8 (extreme outlier),,48714.0,750.0
,,providers_b,sum_payment_amount,MAD z-score >= 8 (extreme outlier),,11157362.0,2574.06
,,providers_b,sum_payment_amount,MAD z-score >= 8 (extreme outlier),,1074309.0,307.54
,,providers_b,sum_payment_amount,MAD z-score >= 8 (extreme outlier),,11224530.0,367.36
,,providers_b,sum_payment_amount,MAD z-score >= 8 (extreme outlier),,10840474.0,1849.94
,,providers_b,sum_payment_amount,MAD z-score >= 8 (extreme outlier),,1064293.0,2326.68
,,providers_b,sum_payment_amount,MAD z-score >= 8 (extreme outlier),,211456.0,280.81
,,providers_b,sum_payment_amount,MAD z-score >= 8 (extreme outlier),,10462840.0,344.28000000000003
,,providers_b,sum_payment_amount,MAD z-score >= 8 (extreme outlier),,648569.0,310.0
,,providers_b,sum_payment_amount,MAD z-score >= 8 (extreme outlier),,10783793.0,402.64
,,providers_b,sum_payment_amount,MAD z-score >= 8 (extreme outlier),,1029556.0,362.13
,,providers_b,sum_payment_amount,MAD z-score >= 8 (extreme outlier),,298571.0,467.28000000000003
,,providers_b,sum_payment_amount,MAD z-score >= 8 (extreme outlier),,10596351.0,359.19
,,providers_b,sum_payment_amount,MAD z-score >= 8 (extreme outlier),,293985.0,317.14
,,providers_b,sum_payment_amount,MAD z-score >= 8 (extreme outlier),,59504.0,701.27
,,providers_b,sum_payment_amount,MAD z-score >= 8 (extreme outlier),,9833.0,2833.86
,,providers_b,sum_payment_amount,MAD z-score >= 8 (extreme outlier),,223825.0,288.62
,,providers_b,sum_payment_amount,MAD z-score >= 8 (extreme outlier),,661678.0,35711.2
,,providers_b,sum_payment_amount,MAD z-score >= 8 (extreme outlier),,10424844.0,287.0
,,providers_b,sum_payment_amount,MAD z-score >= 8 (extreme outlier),,723980.0,1925.0500000000002
,,providers_b,sum_payment_amount,MAD z-score >= 8 (extreme outlier),,11321006.0,280.6
,,providers_b,sum_payment_amount,MAD z-score >= 8 (extreme outlier),,119407.0,378.53000000000003
,,providers_b,sum_payment_amount,MAD z-score >= 8 (extreme outlier),,11360483.0,8734.82
,,providers_b,sum_payment_amount,MAD z-score >= 8 (extreme outlier),,569682.0,373.25
,,providers_b,sum_payment_amount,MAD z-score >= 8 (extreme outlier),,167038.0,6638.41
,,providers_b,sum_payment_amount,MAD z-score >= 8 (extreme outlier),,629001.0,41076.0
,,providers_b,sum_payment_amount,MAD z-score >= 8 (extreme outlier),,229021.0,347.57
,,providers_b,sum_payment_amount,MAD z-score >= 8 (extreme outlier),,10962762.0,407.34
,,providers_b,sum_payment_amount,MAD z-score >= 8 (extreme outlier),,1391865.0,1799.29
,,providers_b,sum_payment_amount,MAD z-score >= 8 (extreme outlier),,11376696.0,986.61
,,providers_b,sum_payment_amount,MAD z-score >= 8 (extreme outlier),,122501.0,416.73
,,providers_b,sum_payment_amount,MAD z-score >= 8 (extreme outlier),,334002.0,4986.82
,,providers_b,sum_payment_amount,MAD z-score >= 8 (extreme outlier),,11106741.0,296.21
,,providers_b,sum_payment_amount,MAD z-score >= 8 (extreme outlier),,1005927.0,4960.84
,,providers_b,sum_payment_amount,MAD z-score >= 8 (extreme outlier),,487645.0,331.90999999999997
,,providers_b,sum_payment_amount,MAD z-score >= 8 (extreme outlier),,10461693.0,283.09
,,providers_b,sum_payment_amount,MAD z-score >= 8 (extreme outlier),,310856.0,309.81
,,providers_b,sum_payment_amount,MAD z-score >= 8 (extreme outlier),,358807.0,419.8
,,providers_b,sum_payment_amount,MAD z-score >= 8 (extreme outlier),,11031285.0,783.77
,,providers_b,sum_payment_amount,MAD z-score >= 8 (extreme outlier),,1071647.0,15573.01
,,providers_b,sum_payment_amount,MAD z-score >= 8 (extreme outlier),,775937.0,1706.27
,,providers_b,sum_payment_amount,MAD z-score >= 8 (extreme outlier),,11311269.0,291.76
,,providers_b,sum_payment_amount,MAD z-score >= 8 (extreme outlier),,67260.0,571.2
,,providers_b,sum_payment_amount,MAD z-score >= 8 (extreme outlier),,2793088.0,379.69
,,providers_b,sum_payment_amount,MAD z-score >= 8 (extreme outlier),,584272.0,3847.16
,,providers_b,sum_payment_amount,MAD z-score >= 8 (extreme outlier),,1094438.0,277.41
,,providers_b,sum_payment_amount,MAD z-score >= 8 (extreme outlier),,2589699.0,15148.87
,,providers_b,sum_payment_amount,MAD z-score >= 8 (extreme outlier),,3869641.0,6724.79
,,providers_b,sum_payment_amount,MAD z-score >= 8 (extreme outlier),,1391287.0,21700.0
,,providers_b,sum_payment_amount,MAD z-score >= 8 (extreme outlier),,236780.0,570.26
,,providers_b,sum_payment_amount,MAD z-score >= 8 (extreme outlier),,11064894.0,306.81
,,providers_b,sum_payment_amount,MAD z-score >= 8 (extreme outlier),,313191.0,9783.26
,,providers_b,sum_payment_amount,MAD z-score >= 8 (extreme outlier),,774363.0,42300.18
,,providers_b,sum_payment_amount,MAD z-score >= 8 (extreme outlier),,215747.0,308.67
,,providers_b,sum_payment_amount,MAD z-score >= 8 (extreme outlier),,635479.0,12797.95
,,providers_b,sum_payment_amount,MAD z-score >= 8 (extreme outlier),,592945.0,315.0
,,providers_b,sum_payment_amount,MAD z-score >= 8 (extreme outlier),,147047.0,26574.87
,,providers_b,sum_payment_amount,MAD z-score >= 8 (extreme outlier),,10528608.0,894.66
,,providers_b,sum_payment_amount,MAD z-score >= 8 (extreme outlier),,11212960.0,317.28
,,providers_b,sum_payment_amount,MAD z-score >= 8 (extreme outlier),,7218621.0,1830.6
,,providers_b,sum_payment_amount,MAD z-score >= 8 (extreme outlier),,301800.0,71194.63
,,providers_b,sum_payment_amount,MAD z-score >= 8 (extreme outlier),,454011.0,750.0
,,providers_b,sum_payment_amount,MAD z-score >= 8 (extreme outlier),,10493748.0,1123.6
,,providers_b,sum_payment_amount,MAD z-score >= 8 (extreme outlier),,292807.0,839.9200000000001
,,providers_b,sum_payment_amount,MAD z-score >= 8 (extreme outlier),,322238.0,367.52
,,providers_b,sum_payment_amount,MAD z-score >= 8 (extreme outlier),,1183379.0,50622.06
,,providers_b,sum_payment_amount,MAD z-score >= 8 (extreme outlier),,55720.0,390.51
,,providers_b,sum_payment_amount,MAD z-score >= 8 (extreme outlier),,249174.0,356.74
,,providers_b,sum_payment_amount,MAD z-score >= 8 (extreme outlier),,11070970.0,300.24
,,providers_b,sum_payment_amount,MAD z-score >= 8 (extreme outlier),,701317.0,286.7
,,providers_b,sum_payment_amount,MAD z-score >= 8 (extreme outlier),,10954239.0,1043.78
,,providers_b,sum_payment_amount,MAD z-score >= 8 (extreme outlier),,1044153.0,400.0
,,providers_b,sum_payment_amount,MAD z-score >= 8 (extreme outlier),,5819401.0,459.98
,,providers_b,sum_payment_amount,MAD z-score >= 8 (extreme outlier),,60301.0,291.77
,,providers_b,sum_payment_amount,MAD z-score >= 8 (extreme outlier),,907920.0,338.03999999999996
,,providers_b,sum_payment_amount,MAD z-score >= 8 (extreme outlier),,226019.0,13570.0
,,providers_b,sum_payment_amount,MAD z-score >= 8 (extreme outlier),,10936454.0,336.31
,,providers_b,sum_payment_amount,MAD z-score >= 8 (extreme outlier),,132273.0,327.43
,,providers_b,sum_payment_amount,MAD z-score >= 8 (extreme outlier),,105537.0,17399.37
,,providers_b,sum_payment_amount,MAD z-score >= 8 (extreme outlier),,97896.0,335.17
,,providers_b,sum_payment_amount,MAD z-score >= 8 (extreme outlier),,101385.0,624.6
,,providers_b,sum_payment_amount,MAD z-score >= 8 (extreme outlier),,125504.0,5237.48
,,providers_b,sum_payment_amount,MAD z-score >= 8 (extreme outlier),,10761104.0,731.86
,,providers_b,sum_payment_amount,MAD z-score >= 8 (extreme outlier),,5706007.0,1623.69
,,providers_b,sum_payment_amount,MAD z-score >= 8 (extreme outlier),,11338715.0,274.7
,,providers_b,sum_payment_amount,MAD z-score >= 8 (extreme outlier),,254576.0,4000.0
,,providers_b,sum_payment_amount,MAD z-score >= 8 (extreme outlier),,1109375.0,342.4
,,providers_b,sum_payment_amount,MAD z-score >= 8 (extreme outlier),,231911.0,301.18
,,providers_b,sum_payment_amount,MAD z-score >= 8 (extreme outlier),,133202.0,19470.54
,,providers_b,sum_payment_amount,MAD z-score >= 8 (extreme outlier),,11246209.0,397.23
,,providers_b,sum_payment_amount,MAD z-score >= 8 (extreme outlier),,19072.0,707.66
,,providers_b,sum_payment_amount,MAD z-score >= 8 (extreme outlier),,264294.0,1543.18
,,providers_b,sum_payment_amount,MAD z-score >= 8 (extreme outlier),,267734.0,335.64
,,providers_b,sum_payment_amount,MAD z-score >= 8 (extreme outlier),,10586825.0,52744.64
,,providers_b,sum_payment_amount,MAD z-score >= 8 (extreme outlier),,951611.0,716.78
,,providers_b,sum_payment_amount,MAD z-score >= 8 (extreme outlier),,10852376.0,402.13
,,providers_b,sum_payment_amount,MAD z-score >= 8 (extreme outlier),,90082.0,450.0
,,providers_b,sum_payment_amount,MAD z-score >= 8 (extreme outlier),,10614366.0,1948.05
,,providers_b,sum_payment_amount,MAD z-score >= 8 (extreme outlier),,11200799.0,295.86
,,providers_b,sum_payment_amount,MAD z-score >= 8 (extreme outlier),,231013.0,582.04
,,providers_b,sum_payment_amount,MAD z-score >= 8 (extreme outlier),,11030608.0,281.85
,,providers_b,sum_payment_amount,MAD z-score >= 8 (extreme outlier),,994058.0,17482.010000000002
,,providers_b,sum_payment_amount,MAD z-score >= 8 (extreme outlier),,230897.0,339.35
,,providers_b,sum_payment_amount,MAD z-score >= 8 (extreme outlier),,245047.0,1980.14
,,providers_b,sum_payment_amount,MAD z-score >= 8 (extreme outlier),,11314570.0,303.28
,,providers_b,sum_payment_amount,MAD z-score >= 8 (extreme outlier),,1012418.0,1004.99
,,providers_b,sum_payment_amount,MAD z-score >= 8 (extreme outlier),,1195796.0,1980.0
,,providers_b,sum_payment_amount,MAD z-score >= 8 (extreme outlier),,334564.0,286.53000000000003
,,providers_b,sum_payment_amount,MAD z-score >= 8 (extreme outlier),,305319.0,1099.33
,,providers_b,sum_payment_amount,MAD z-score >= 8 (extreme outlier),,8805808.0,4417.91
,,providers_b,sum_payment_amount,MAD z-score >= 8 (extreme outlier),,191388.0,2280.0
,,providers_b,sum_payment_amount,MAD z-score >= 8 (extreme outlier),,633402.0,228600.0
,,providers_b,sum_payment_amount,MAD z-score >= 8 (extreme outlier),,11018821.0,763.3
,,providers_b,sum_payment_amount,MAD z-score >= 8 (extreme outlier),,173025.0,4284.05
,,providers_b,sum_payment_amount,MAD z-score >= 8 (extreme outlier),,10742425.0,7262.68
,,providers_b,sum_payment_amount,MAD z-score >= 8 (extreme outlier),,88919.0,9857.9
,,providers_b,sum_payment_amount,MAD z-score >= 8 (extreme outlier),,237698.0,7200.06
,,providers_b,sum_payment_amount,MAD z-score >= 8 (extreme outlier),,140963.0,319.38
,,providers_b,sum_payment_amount,MAD z-score >= 8 (extreme outlier),,5420885.0,281.27
,,providers_b,sum_payment_amount,MAD z-score >= 8 (extreme outlier),,416928.0,552.0
,,providers_b,sum_payment_amount,MAD z-score >= 8 (extreme outlier),,7612544.0,458.92
,,providers_b,sum_payment_amount,MAD z-score >= 8 (extreme outlier),,196629.0,12432.61
,,providers_b,sum_payment_amount,MAD z-score >= 8 (extreme outlier),,214580.0,2722.26
,,providers_b,sum_payment_amount,MAD z-score >= 8 (extreme outlier),,11419123.0,2566.46
,,providers_b,sum_payment_amount,MAD z-score >= 8 (extreme outlier),,296439.0,562.0
,,providers_b,sum_payment_amount,MAD z-score >= 8 (extreme outlier),,11157277.0,373.75
,,providers_b,sum_payment_amount,MAD z-score >= 8 (extreme outlier),,724714.0,2836.23
,,providers_b,sum_payment_amount,MAD z-score >= 8 (extreme outlier),,1267547.0,3529.97
,,providers_b,sum_payment_amount,MAD z-score >= 8 (extreme outlier),,10492961.0,633.8
,,providers_b,sum_payment_amount,MAD z-score >= 8 (extreme outlier),,1377650.0,298.1
,,providers_b,sum_payment_amount,MAD z-score >= 8 (extreme outlier),,11359495.0,327.57
,,providers_b,sum_payment_amount,MAD z-score >= 8 (extreme outlier),,247815.0,302.0
,,providers_b,sum_payment_amount,MAD z-score >= 8 (extreme outlier),,10864681.0,3446.11
,,providers_b,sum_payment_amount,MAD z-score >= 8 (extreme outlier),,43633.0,298.65999999999997
,,providers_b,sum_payment_amount,MAD z-score >= 8 (extreme outlier),,54866.0,800.9000000000001
,,providers_b,sum_payment_amount,MAD z-score >= 8 (extreme outlier),,10620697.0,412.5
,,providers_b,sum_payment_amount,MAD z-score >= 8 (extreme outlier),,1297722.0,16854.36
,,providers_b,sum_payment_amount,MAD z-score >= 8 (extreme outlier),,34589.0,538.49
,,providers_b,sum_payment_amount,MAD z-score >= 8 (extreme outlier),,1029178.0,3500.0
,,providers_b,sum_payment_amount,MAD z-score >= 8 (extreme outlier),,707557.0,2227.64
,,providers_b,sum_payment_amount,MAD z-score >= 8 (extreme outlier),,359945.0,5042.64
,,providers_b,sum_payment_amount,MAD z-score >= 8 (extreme outlier),,443164.0,592.3100000000001
,,providers_b,sum_payment_amount,MAD z-score >= 8 (extreme outlier),,12432.0,2400.0
,,providers_b,sum_payment_amount,MAD z-score >= 8 (extreme outlier),,288857.0,33945.33
,,providers_b,sum_payment_amount,MAD z-score >= 8 (extreme outlier),,211829.0,6049.92
,,providers_b,sum_payment_amount,MAD z-score >= 8 (extreme outlier),,2781966.0,715.24
,,providers_b,sum_payment_amount,MAD z-score >= 8 (extreme outlier),,358216.0,309.87
,,providers_b,sum_payment_amount,MAD z-score >= 8 (extreme outlier),,359965.0,1318.1
,,providers_b,sum_payment_amount,MAD z-score >= 8 (extreme outlier),,10625545.0,334.34000000000003
,,providers_b,sum_payment_amount,MAD z-score >= 8 (extreme outlier),,265651.0,9800.9
,,providers_b,sum_payment_amount,MAD z-score >= 8 (extreme outlier),,104830.0,2947.12
,,providers_b,sum_payment_amount,MAD z-score >= 8 (extreme outlier),,193701.0,378.0
,,providers_b,sum_payment_amount,MAD z-score >= 8 (extreme outlier),,742592.0,294.05
,,providers_b,sum_payment_amount,MAD z-score >= 8 (extreme outlier),,271328.0,12729.0
,,providers_b,sum_payment_amount,MAD z-score >= 8 (extreme outlier),,900659.0,400.0
,,providers_b,sum_payment_amount,MAD z-score >= 8 (extreme outlier),,8370862.0,276.32
,,providers_b,sum_payment_amount,MAD z-score >= 8 (extreme outlier),,46899.0,415.65
,,providers_b,sum_payment_amount,MAD z-score >= 8 (extreme outlier),,337143.0,2975.0
,,providers_b,sum_payment_amount,MAD z-score >= 8 (extreme outlier),,145961.0,5400.0
,,providers_b,sum_payment_amount,MAD z-score >= 8 (extreme outlier),,10966107.0,312.48
,,providers_b,sum_payment_amount,MAD z-score >= 8 (extreme outlier),,265293.0,4035.24
,,providers_b,sum_payment_amount,MAD z-score >= 8 (extreme outlier),,10849840.0,490.27
,,providers_b,sum_payment_amount,MAD z-score >= 8 (extreme outlier),,50079.0,894.0899999999999
,,providers_b,sum_payment_amount,MAD z-score >= 8 (extreme outlier),,4527630.0,291.4
,,providers_b,sum_payment_amount,MAD z-score >= 8 (extreme outlier),,915703.0,5704.009999999999
,,providers_b,sum_payment_amount,MAD z-score >= 8 (extreme outlier),,259591.0,280.12
,,providers_b,sum_payment_amount,MAD z-score >= 8 (extreme outlier),,8373707.0,414.53999999999996
,,providers_b,sum_payment_amount,MAD z-score >= 8 (extreme outlier),,223971.0,1808.71
,,providers_b,sum_payment_amount,MAD z-score >= 8 (extreme outlier),,11456405.0,362.75
,,providers_b,sum_payment_amount,MAD z-score >= 8 (extreme outlier),,736507.0,295.38
,,providers_b,sum_payment_amount,MAD z-score >= 8 (extreme outlier),,28173.0,1428.08
,,providers_b,sum_payment_amount,MAD z-score >= 8 (extreme outlier),,363227.0,1624.0
,,providers_b,sum_payment_amount,MAD z-score >= 8 (extreme outlier),,358060.0,751.7
,,providers_b,sum_payment_amount,MAD z-score >= 8 (extreme outlier),,895979.0,398.40999999999997
,,providers_b,sum_payment_amount,MAD z-score >= 8 (extreme outlier),,2776520.0,27653.03
,,providers_b,sum_payment_amount,MAD z-score >= 8 (extreme outlier),,10949296.0,295.59000000000003
,,providers_b,sum_payment_amount,MAD z-score >= 8 (extreme outlier),,311659.0,1842.13
,,providers_b,sum_payment_amount,MAD z-score >= 8 (extreme outlier),,10778972.0,329.07
,,providers_b,sum_payment_amount,MAD z-score >= 8 (extreme outlier),,557504.0,284.76
,,providers_b,sum_payment_amount,MAD z-score >= 8 (extreme outlier),,35250.0,392.61
,,providers_b,sum_payment_amount,MAD z-score >= 8 (extreme outlier),,981438.0,273.84000000000003
,,providers_b,sum_payment_amount,MAD z-score >= 8 (extreme outlier),,3759443.0,313.42
,,providers_b,sum_payment_amount,MAD z-score >= 8 (extreme outlier),,939684.0,328.73
,,providers_b,sum_payment_amount,MAD z-score >= 8 (extreme outlier),,117401.0,422.19
,,providers_b,sum_payment_amount,MAD z-score >= 8 (extreme outlier),,1078586.0,1000.0
,,providers_b,sum_payment_amount,MAD z-score >= 8 (extreme outlier),,10623514.0,339.62
,,providers_b,sum_payment_amount,MAD z-score >= 8 (extreme outlier),,11160943.0,2695.64
,,providers_b,sum_payment_amount,MAD z-score >= 8 (extreme outlier),,10811006.0,329.22
,,providers_b,sum_payment_amount,MAD z-score >= 8 (extreme outlier),,4040575.0,454.59000000000003
,,providers_b,sum_payment_amount,MAD z-score >= 8 (extreme outlier),,298285.0,362.43
,,providers_b,sum_payment_amount,MAD z-score >= 8 (extreme outlier),,11117421.0,320.96
,,providers_b,sum_payment_amount,MAD z-score >= 8 (extreme outlier),,2793814.0,1335.3
,,providers_b,sum_payment_amount,MAD z-score >= 8 (extreme outlier),,11304990.0,15000.0
,,providers_b,sum_payment_amount,MAD z-score >= 8 (extreme outlier),,11613.0,319.31
,,providers_b,sum_payment_amount,MAD z-score >= 8 (extreme outlier),,1010537.0,406.15999999999997
,,providers_b,sum_payment_amount,MAD z-score >= 8 (extreme outlier),,32025.0,426.38
,,providers_b,sum_payment_amount,MAD z-score >= 8 (extreme outlier),,10742148.0,313.09
,,providers_b,sum_payment_amount,MAD z-score >= 8 (extreme outlier),,686590.0,494.65000000000003
,,providers_b,sum_payment_amount,MAD z-score >= 8 (extreme outlier),,274597.0,529.3
,,providers_b,sum_payment_amount,MAD z-score >= 8 (extreme outlier),,267571.0,599.84
,,providers_b,sum_payment_amount,MAD z-score >= 8 (extreme outlier),,187098.0,345.78999999999996
,,providers_b,sum_payment_amount,MAD z-score >= 8 (extreme outlier),,337920.0,449.02
,,providers_b,sum_payment_amount,MAD z-score >= 8 (extreme outlier),,11421706.0,590.75
,,providers_b,sum_payment_amount,MAD z-score >= 8 (extreme outlier),,239239.0,21160.51
,,providers_b,sum_payment_amount,MAD z-score >= 8 (extreme outlier),,335395.0,2354.04
,,providers_b,sum_payment_amount,MAD z-score >= 8 (extreme outlier),,6576.0,5470.02
,,providers_b,sum_payment_amount,MAD z-score >= 8 (extreme outlier),,1324146.0,1941.75
,,providers_b,sum_payment_amount,MAD z-score >= 8 (extreme outlier),,75534.0,421.92
,,providers_b,sum_payment_amount,MAD z-score >= 8 (extreme outlier),,356221.0,298.88
,,providers_b,sum_payment_amount,MAD z-score >= 8 (extreme outlier),,10569525.0,415.6
,,providers_b,sum_payment_amount,MAD z-score >= 8 (extreme outlier),,191406.0,697.53
,,providers_b,sum_payment_amount,MAD z-score >= 8 (extreme outlier),,226067.0,281.57
,,providers_b,sum_payment_amount,MAD z-score >= 8 (extreme outlier),,1199740.0,19781.67
,,providers_b,sum_payment_amount,MAD z-score >= 8 (extreme outlier),,11368542.0,342.28999999999996
,,providers_b,sum_payment_amount,MAD z-score >= 8 (extreme outlier),,1377383.0,575.0
,,providers_b,sum_payment_amount,MAD z-score >= 8 (extreme outlier),,10613271.0,1260.55
,,providers_b,sum_payment_amount,MAD z-score >= 8 (extreme outlier),,721389.0,5222.36
,,providers_b,sum_payment_amount,MAD z-score >= 8 (extreme outlier),,313849.0,480.66
,,providers_b,sum_payment_amount,MAD z-score >= 8 (extreme outlier),,17402.0,8214.01
,,providers_b,sum_payment_amount,MAD z-score >= 8 (extreme outlier),,118369.0,55400.0
,,providers_b,sum_payment_amount,MAD z-score >= 8 (extreme outlier),,695163.0,299.0
,,providers_b,sum_payment_amount,MAD z-score >= 8 (extreme outlier),,10878651.0,706.32
,,providers_b,sum_payment_amount,MAD z-score >= 8 (extreme outlier),,11003545.0,370.59000000000003
,,providers_b,sum_payment_amount,MAD z-score >= 8 (extreme outlier),,836584.0,3500.0
,,providers_b,sum_payment_amount,MAD z-score >= 8 (extreme outlier),,303680.0,667.89
,,providers_b,sum_payment_amount,MAD z-score >= 8 (extreme outlier),,786127.0,1275.11
,,providers_b,sum_payment_amount,MAD z-score >= 8 (extreme outlier),,214418.0,400.83
,,providers_b,sum_payment_amount,MAD z-score >= 8 (extreme outlier),,8801510.0,361.95000000000005
,,providers_b,sum_payment_amount,MAD z-score >= 8 (extreme outlier),,10853613.0,501.1
,,providers_b,sum_payment_amount,MAD z-score >= 8 (extreme outlier),,1091181.0,3032.75
,,providers_b,sum_payment_amount,MAD z-score >= 8 (extreme outlier),,11102157.0,959.11
,,providers_b,sum_payment_amount,MAD z-score >= 8 (extreme outlier),,5781872.0,2095.68
,,providers_b,sum_payment_amount,MAD z-score >= 8 (extreme outlier),,1111405.0,395.96
,,providers_b,sum_payment_amount,MAD z-score >= 8 (extreme outlier),,98327.0,6000.0
,,providers_b,sum_payment_amount,MAD z-score >= 8 (extreme outlier),,310311.0,12530.710000000001
,,providers_b,sum_payment_amount,MAD z-score >= 8 (extreme outlier),,57529.0,11550.0
,,providers_b,sum_payment_amount,MAD z-score >= 8 (extreme outlier),,105974.0,452.56
,,providers_b,sum_payment_amount,MAD z-score >= 8 (extreme outlier),,2788939.0,914.22
,,providers_b,sum_payment_amount,MAD z-score >= 8 (extreme outlier),,174697.0,424.59
,,providers_b,sum_payment_amount,MAD z-score >= 8 (extreme outlier),,944063.0,3750.0
,,providers_b,sum_payment_amount,MAD z-score >= 8 (extreme outlier),,10701650.0,1916.54
,,providers_b,sum_payment_amount,MAD z-score >= 8 (extreme outlier),,10024663.0,395.53999999999996
,,providers_b,sum_payment_amount,MAD z-score >= 8 (extreme outlier),,12288.0,345.84
,,providers_b,sum_payment_amount,MAD z-score >= 8 (extreme outlier),,9292960.0,484.14
,,providers_b,sum_payment_amount,MAD z-score >= 8 (extreme outlier),,12883.0,328.2
,,providers_b,sum_payment_amount,MAD z-score >= 8 (extreme outlier),,4577353.0,3127.51
,,providers_b,sum_payment_amount,MAD z-score >= 8 (extreme outlier),,341950.0,669.39
,,providers_b,sum_payment_amount,MAD z-score >= 8 (extreme outlier),,22255.0,276.99
,,providers_b,sum_payment_amount,MAD z-score >= 8 (extreme outlier),,10626397.0,430.78
,,providers_b,sum_payment_amount,MAD z-score >= 8 (extreme outlier),,241445.0,7016.62
,,providers_b,sum_payment_amount,MAD z-score >= 8 (extreme outlier),,253046.0,600.0
,,providers_b,sum_payment_amount,MAD z-score >= 8 (extreme outlier),,364423.0,4546.0
,,providers_b,sum_payment_amount,MAD z-score >= 8 (extreme outlier),,341489.0,427.64
,,providers_b,sum_payment_amount,MAD z-score >= 8 (extreme outlier),,255991.0,6000.0
,,providers_b,sum_payment_amount,MAD z-score >= 8 (extreme outlier),,10627110.0,278.67
,,providers_b,sum_payment_amount,MAD z-score >= 8 (extreme outlier),,1253633.0,335.73
,,providers_b,sum_payment_amount,MAD z-score >= 8 (extreme outlier),,276963.0,315.99
,,providers_b,sum_payment_amount,MAD z-score >= 8 (extreme outlier),,100032.0,294.03
,,providers_b,sum_payment_amount,MAD z-score >= 8 (extreme outlier),,10984261.0,885.72
,,providers_b,sum_payment_amount,MAD z-score >= 8 (extreme outlier),,9426746.0,1807.11
,,providers_b,sum_payment_amount,MAD z-score >= 8 (extreme outlier),,550978.0,4027.9100000000003
,,providers_b,sum_payment_amount,MAD z-score >= 8 (extreme outlier),,193752.0,518.79
,,providers_b,sum_payment_amount,MAD z-score >= 8 (extreme outlier),,928145.0,433.73
,,providers_b,sum_payment_amount,MAD z-score >= 8 (extreme outlier),,802465.0,434.44
,,providers_b,sum_payment_amount,MAD z-score >= 8 (extreme outlier),,1078473.0,33945.33
,,providers_b,sum_payment_amount,MAD z-score >= 8 (extreme outlier),,80512.0,331.01
,,providers_b,sum_payment_amount,MAD z-score >= 8 (extreme outlier),,10826090.0,348.6
,,providers_b,sum_payment_amount,MAD z-score >= 8 (extreme outlier),,391235.0,369.86
,,providers_b,sum_payment_amount,MAD z-score >= 8 (extreme outlier),,10405614.0,500.0
,,providers_b,sum_payment_amount,MAD z-score >= 8 (extreme outlier),,204553.0,319.96
,,providers_b,sum_payment_amount,MAD z-score >= 8 (extreme outlier),,10688210.0,645.4
,,providers_b,sum_payment_amount,MAD z-score >= 8 (extreme outlier),,3219945.0,317.18
,,providers_b,sum_payment_amount,MAD z-score >= 8 (extreme outlier),,2071194.0,403.09
,,providers_b,sum_payment_amount,MAD z-score >= 8 (extreme outlier),,1180947.0,6900.0
,,providers_b,sum_payment_amount,MAD z-score >= 8 (extreme outlier),,10522242.0,323.44
,,providers_b,sum_payment_amount,MAD z-score >= 8 (extreme outlier),,181850.0,338.86
,,providers_b,sum_payment_amount,MAD z-score >= 8 (extreme outlier),,903687.0,367.37
,,providers_b,sum_payment_amount,MAD z-score >= 8 (extreme outlier),,10753651.0,345.03000000000003
,,providers_b,sum_payment_amount,MAD z-score >= 8 (extreme outlier),,960084.0,1075.17
,,providers_b,sum_payment_amount,MAD z-score >= 8 (extreme outlier),,974448.0,2527.62
,,providers_b,sum_payment_amount,MAD z-score >= 8 (extreme outlier),,4223767.0,3043.69
,,providers_b,sum_payment_amount,MAD z-score >= 8 (extreme outlier),,7284.0,3031.0
,,providers_b,sum_payment_amount,MAD z-score >= 8 (extreme outlier),,105836.0,334.34
,,providers_b,sum_payment_amount,MAD z-score >= 8 (extreme outlier),,6535979.0,333.21
,,providers_b,sum_payment_amount,MAD z-score >= 8 (extreme outlier),,11163547.0,535.48
,,providers_b,sum_payment_amount,MAD z-score >= 8 (extreme outlier),,3902058.0,450.0
,,providers_b,sum_payment_amount,MAD z-score >= 8 (extreme outlier),,429200.0,587.66
,,providers_b,sum_payment_amount,MAD z-score >= 8 (extreme outlier),,232433.0,10394.68
,,providers_b,sum_payment_amount,MAD z-score >= 8 (extreme outlier),,262496.0,332.99
,,providers_b,sum_payment_amount,MAD z-score >= 8 (extreme outlier),,10813990.0,332.51
,,providers_b,sum_payment_amount,MAD z-score >= 8 (extreme outlier),,350290.0,1375.0
,,providers_b,sum_payment_amount,MAD z-score >= 8 (extreme outlier),,1382605.0,2400.0
,,providers_b,sum_payment_amount,MAD z-score >= 8 (extreme outlier),,89614.0,50511.13
,,providers_b,sum_payment_amount,MAD z-score >= 8 (extreme outlier),,1359325.0,300.0
,,providers_b,sum_payment_amount,MAD z-score >= 8 (extreme outlier),,299278.0,399.43
,,providers_b,sum_payment_amount,MAD z-score >= 8 (extreme outlier),,9974136.0,329.73
,,providers_b,sum_payment_amount,MAD z-score >= 8 (extreme outlier),,296144.0,410.99
,,providers_b,sum_payment_amount,MAD z-score >= 8 (extreme outlier),,2789107.0,1197.45
,,providers_b,sum_payment_amount,MAD z-score >= 8 (extreme outlier),,991310.0,279.68
,,providers_b,sum_payment_amount,MAD z-score >= 8 (extreme outlier),,11087767.0,2064.0
,,providers_b,sum_payment_amount,MAD z-score >= 8 (extreme outlier),,234787.0,397.94
,,providers_b,sum_payment_amount,MAD z-score >= 8 (extreme outlier),,7254114.0,308.8
,,providers_b,sum_payment_amount,MAD z-score >= 8 (extreme outlier),,10635984.0,6987.78
,,providers_b,sum_payment_amount,MAD z-score >= 8 (extreme outlier),,11476803.0,286.65999999999997
,,providers_b,sum_payment_amount,MAD z-score >= 8 (extreme outlier),,823091.0,3303.0
,,providers_b,sum_payment_amount,MAD z-score >= 8 (extreme outlier),,11225277.0,991.48
,,providers_b,sum_payment_amount,MAD z-score >= 8 (extreme outlier),,768798.0,304.96
,,providers_b,sum_payment_amount,MAD z-score >= 8 (extreme outlier),,3393.0,5687.7
,,providers_b,sum_payment_amount,MAD z-score >= 8 (extreme outlier),,155286.0,1196.59
,,providers_b,sum_payment_amount,MAD z-score >= 8 (extreme outlier),,5045504.0,9425.0
,,providers_b,sum_payment_amount,MAD z-score >= 8 (extreme outlier),,136406.0,17556.41
,,providers_b,sum_payment_amount,MAD z-score >= 8 (extreme outlier),,10475541.0,313.15
,,providers_b,sum_payment_amount,MAD z-score >= 8 (extreme outlier),,65159.0,2524.2
,,providers_b,sum_payment_amount,MAD z-score >= 8 (extreme outlier),,11016228.0,318.58
,,providers_b,sum_payment_amount,MAD z-score >= 8 (extreme outlier),,519628.0,1110.0
,,providers_b,sum_payment_amount,MAD z-score >= 8 (extreme outlier),,356774.0,298.0
,,providers_b,sum_payment_amount,MAD z-score >= 8 (extreme outlier),,485763.0,1000.0
,,providers_b,sum_payment_amount,MAD z-score >= 8 (extreme outlier),,36297.0,36845.53
,,providers_b,sum_payment_amount,MAD z-score >= 8 (extreme outlier),,731445.0,594.3
,,providers_b,sum_payment_amount,MAD z-score >= 8 (extreme outlier),,1214710.0,437.28999999999996
,,providers_b,sum_payment_amount,MAD z-score >= 8 (extreme outlier),,106032.0,868.8399999999999
,,providers_b,sum_payment_amount,MAD z-score >= 8 (extreme outlier),,120372.0,1477.01
,,providers_b,sum_payment_amount,MAD z-score >= 8 (extreme outlier),,608454.0,323.09
,,providers_b,sum_payment_amount,MAD z-score >= 8 (extreme outlier),,15673.0,2989.88
,,providers_b,sum_payment_amount,MAD z-score >= 8 (extreme outlier),,8800501.0,304.95
,,providers_b,sum_payment_amount,MAD z-score >= 8 (extreme outlier),,55165.0,312.22
,,providers_b,sum_payment_amount,MAD z-score >= 8 (extreme outlier),,112581.0,35960.57
,,providers_b,sum_payment_amount,MAD z-score >= 8 (extreme outlier),,10897957.0,309.78
,,providers_b,sum_payment_amount,MAD z-score >= 8 (extreme outlier),,1126963.0,318.35
,,providers_b,sum_payment_amount,MAD z-score >= 8 (extreme outlier),,650563.0,1531.0
,,providers_b,sum_payment_amount,MAD z-score >= 8 (extreme outlier),,120430.0,347.07
,,providers_b,sum_payment_amount,MAD z-score >= 8 (extreme outlier),,186496.0,386.2
,,providers_b,sum_payment_amount,MAD z-score >= 8 (extreme outlier),,1173581.0,5225.0
,,providers_b,sum_payment_amount,MAD z-score >= 8 (extreme outlier),,10514642.0,730.91
,,providers_b,sum_payment_amount,MAD z-score >= 8 (extreme outlier),,756840.0,497.68
,,providers_b,sum_payment_amount,MAD z-score >= 8 (extreme outlier),,337855.0,13688.66
,,providers_b,sum_payment_amount,MAD z-score >= 8 (extreme outlier),,109604.0,600.0
,,providers_b,sum_payment_amount,MAD z-score >= 8 (extreme outlier),,10581714.0,1710.52
,,providers_b,sum_payment_amount,MAD z-score >= 8 (extreme outlier),,7920990.0,377.1
,,providers_b,sum_payment_amount,MAD z-score >= 8 (extreme outlier),,111975.0,273.92
,,providers_b,sum_payment_amount,MAD z-score >= 8 (extreme outlier),,733245.0,310.68
,,providers_b,sum_payment_amount,MAD z-score >= 8 (extreme outlier),,593707.0,1800.0
,,providers_b,sum_payment_amount,MAD z-score >= 8 (extreme outlier),,830639.0,483.71
,,providers_b,sum_payment_amount,MAD z-score >= 8 (extreme outlier),,11389276.0,288.16
,,providers_b,sum_payment_amount,MAD z-score >= 8 (extreme outlier),,10530594.0,297.25
,,providers_b,sum_payment_amount,MAD z-score >= 8 (extreme outlier),,10331327.0,363.5
,,providers_b,sum_payment_amount,MAD z-score >= 8 (extreme outlier),,243587.0,278.45
,,providers_b,sum_payment_amount,MAD z-score >= 8 (extreme outlier),,11202087.0,395.62
,,providers_b,sum_payment_amount,MAD z-score >= 8 (extreme outlier),,11079911.0,330.41999999999996
,,providers_b,sum_payment_amount,MAD z-score >= 8 (extreme outlier),,11277928.0,309.51
,,providers_b,sum_payment_amount,MAD z-score >= 8 (extreme outlier),,10829504.0,392.8
,,providers_b,sum_payment_amount,MAD z-score >= 8 (extreme outlier),,142789.0,315.88
,,providers_b,sum_payment_amount,MAD z-score >= 8 (extreme outlier),,5702899.0,1470.5300000000002
,,providers_b,sum_payment_amount,MAD z-score >= 8 (extreme outlier),,92649.0,8058.88
,,providers_b,sum_payment_amount,MAD z-score >= 8 (extreme outlier),,790846.0,622.87
,,providers_b,sum_payment_amount,MAD z-score >= 8 (extreme outlier),,1116225.0,1410.6299999999999
,,providers_b,sum_payment_amount,MAD z-score >= 8 (extreme outlier),,10500728.0,287.96
,,providers_b,sum_payment_amount,MAD z-score >= 8 (extreme outlier),,429303.0,1934.56
,,providers_b,sum_payment_amount,MAD z-score >= 8 (extreme outlier),,1285477.0,443.17
,,providers_b,sum_payment_amount,MAD z-score >= 8 (extreme outlier),,8802773.0,2237.77
,,providers_b,sum_payment_amount,MAD z-score >= 8 (extreme outlier),,699460.0,402.0
,,providers_b,sum_payment_amount,MAD z-score >= 8 (extreme outlier),,10599129.0,512.69
,,providers_b,sum_payment_amount,MAD z-score >= 8 (extreme outlier),,103187.0,950.5999999999999
,,providers_b,sum_payment_amount,MAD z-score >= 8 (extreme outlier),,111584.0,287.03
,,providers_b,sum_payment_amount,MAD z-score >= 8 (extreme outlier),,1316870.0,12843.6
,,providers_b,sum_payment_amount,MAD z-score >= 8 (extreme outlier),,10664303.0,305.99
,,providers_b,sum_payment_amount,MAD z-score >= 8 (extreme outlier),,4225474.0,1449.96
,,providers_b,sum_payment_amount,MAD z-score >= 8 (extreme outlier),,10967349.0,898.61
,,providers_b,sum_payment_amount,MAD z-score >= 8 (extreme outlier),,1296361.0,19570.21
,,providers_b,sum_payment_amount,MAD z-score >= 8 (extreme outlier),,7719162.0,324.86
,,providers_b,sum_payment_amount,MAD z-score >= 8 (extreme outlier),,373936.0,22374.62
,,providers_b,sum_payment_amount,MAD z-score >= 8 (extreme outlier),,10516825.0,425.59000000000003
,,providers_b,sum_payment_amount,MAD z-score >= 8 (extreme outlier),,10787748.0,337.36
,,providers_b,sum_payment_amount,MAD z-score >= 8 (extreme outlier),,437730.0,320.34000000000003
,,providers_b,sum_payment_amount,MAD z-score >= 8 (extreme outlier),,615592.0,312.26
,,providers_b,sum_payment_amount,MAD z-score >= 8 (extreme outlier),,10416034.0,709.41
,,providers_b,sum_payment_amount,MAD z-score >= 8 (extreme outlier),,1104365.0,8925.0
,,providers_b,sum_payment_amount,MAD z-score >= 8 (extreme outlier),,826912.0,277.57
,,providers_b,sum_payment_amount,MAD z-score >= 8 (extreme outlier),,1387366.0,465.26
,,providers_b,sum_payment_amount,MAD z-score >= 8 (extreme outlier),,151142.0,10000.0
,,providers_b,sum_payment_amount,MAD z-score >= 8 (extreme outlier),,452529.0,1400.0
,,providers_b,sum_payment_amount,MAD z-score >= 8 (extreme outlier),,11268886.0,355.92
,,providers_b,sum_payment_amount,MAD z-score >= 8 (extreme outlier),,7783749.0,1729.39
,,providers_b,sum_payment_amount,MAD z-score >= 8 (extreme outlier),,251098.0,484.2
,,providers_b,sum_payment_amount,MAD z-score >= 8 (extreme outlier),,51422.0,3045.0
,,providers_b,sum_payment_amount,MAD z-score >= 8 (extreme outlier),,949548.0,471.7
,,providers_b,sum_payment_amount,MAD z-score >= 8 (extreme outlier),,1116450.0,6327.3099999999995
,,providers_b,sum_payment_amount,MAD z-score >= 8 (extreme outlier),,1064891.0,1400.0
,,providers_b,sum_payment_amount,MAD z-score >= 8 (extreme outlier),,74732.0,53922.85
,,providers_b,sum_payment_amount,MAD z-score >= 8 (extreme outlier),,10436867.0,302.28
,,providers_b,sum_payment_amount,MAD z-score >= 8 (extreme outlier),,1022829.0,279.13
,,providers_b,sum_payment_amount,MAD z-score >= 8 (extreme outlier),,291500.0,14188.71
,,providers_b,sum_payment_amount,MAD z-score >= 8 (extreme outlier),,212932.0,5051.01
,,providers_b,sum_payment_amount,MAD z-score >= 8 (extreme outlier),,10785475.0,330.43
,,providers_b,sum_payment_amount,MAD z-score >= 8 (extreme outlier),,335380.0,291.14
,,providers_b,sum_payment_amount,MAD z-score >= 8 (extreme outlier),,280127.0,11366.25
,,providers_b,sum_payment_amount,MAD z-score >= 8 (extreme outlier),,983886.0,1462.95
,,providers_b,sum_payment_amount,MAD z-score >= 8 (extreme outlier),,239736.0,749.89
,,providers_b,sum_payment_amount,MAD z-score >= 8 (extreme outlier),,107500.0,459.75
,,providers_b,sum_payment_amount,MAD z-score >= 8 (extreme outlier),,164607.0,10055.880000000001
,,providers_b,sum_payment_amount,MAD z-score >= 8 (extreme outlier),,10422629.0,281.55
,,providers_b,sum_payment_amount,MAD z-score >= 8 (extreme outlier),,10713149.0,2375.0
,,providers_b,sum_payment_amount,MAD z-score >= 8 (extreme outlier),,188869.0,5024.110000000001
,,providers_b,sum_payment_amount,MAD z-score >= 8 (extreme outlier),,275699.0,33945.33
,,providers_b,sum_payment_amount,MAD z-score >= 8 (extreme outlier),,777462.0,502.31
,,providers_b,sum_payment_amount,MAD z-score >= 8 (extreme outlier),,1003200.0,551.59
,,providers_b,sum_payment_amount,MAD z-score >= 8 (extreme outlier),,11385561.0,290.93
,,providers_b,sum_payment_amount,MAD z-score >= 8 (extreme outlier),,651686.0,10760.44
,,providers_b,sum_payment_amount,MAD z-score >= 8 (extreme outlier),,1299369.0,17320.94
,,providers_b,sum_payment_amount,MAD z-score >= 8 (extreme outlier),,176541.0,417266.5
,,providers_b,sum_payment_amount,MAD z-score >= 8 (extreme outlier),,17114.0,2400.0
,,providers_b,sum_payment_amount,MAD z-score >= 8 (extreme outlier),,75966.0,353.31
,,providers_b,sum_payment_amount,MAD z-score >= 8 (extreme outlier),,188499.0,33924.020000000004
,,providers_b,sum_payment_amount,MAD z-score >= 8 (extreme outlier),,1391163.0,13434.73
,,providers_b,sum_payment_amount,MAD z-score >= 8 (extreme outlier),,328221.0,37852.05
,,providers_b,sum_payment_amount,MAD z-score >= 8 (extreme outlier),,505181.0,421.86
,,providers_b,sum_payment_amount,MAD z-score >= 8 (extreme outlier),,459009.0,18419.13
,,providers_b,sum_payment_amount,MAD z-score >= 8 (extreme outlier),,139508.0,8450.75
,,providers_b,sum_payment_amount,MAD z-score >= 8 (extreme outlier),,34046.0,310.27
,,providers_b,sum_payment_amount,MAD z-score >= 8 (extreme outlier),,149888.0,1485.63
,,providers_b,sum_payment_amount,MAD z-score >= 8 (extreme outlier),,5695931.0,15000.0
,,providers_b,sum_payment_amount,MAD z-score >= 8 (extreme outlier),,383032.0,370.17
,,providers_b,sum_payment_amount,MAD z-score >= 8 (extreme outlier),,243247.0,435.6
,,providers_b,sum_payment_amount,MAD z-score >= 8 (extreme outlier),,226242.0,417.26
,,providers_b,sum_payment_amount,MAD z-score >= 8 (extreme outlier),,11450709.0,321.31
,,providers_b,sum_payment_amount,MAD z-score >= 8 (extreme outlier),,54824.0,3350.0
,,providers_b,sum_payment_amount,MAD z-score >= 8 (extreme outlier),,10666969.0,318.13
,,providers_b,sum_payment_amount,MAD z-score >= 8 (extreme outlier),,300748.0,378.63
,,providers_b,sum_payment_amount,MAD z-score >= 8 (extreme outlier),,360791.0,1921.18
,,providers_b,sum_payment_amount,MAD z-score >= 8 (extreme outlier),,1048831.0,3685.17
,,providers_b,sum_payment_amount,MAD z-score >= 8 (extreme outlier),,207369.0,6579.45
,,providers_b,sum_payment_amount,MAD z-score >= 8 (extreme outlier),,11015392.0,305.25
,,providers_b,sum_payment_amount,MAD z-score >= 8 (extreme outlier),,1220886.0,1500.0
,,providers_b,sum_payment_amount,MAD z-score >= 8 (extreme outlier),,10645052.0,282.77
,,providers_b,sum_payment_amount,MAD z-score >= 8 (extreme outlier),,631892.0,107250.0
,,providers_b,sum_payment_amount,MAD z-score >= 8 (extreme outlier),,1495455.0,1028.86
,,providers_b,sum_payment_amount,MAD z-score >= 8 (extreme outlier),,929112.0,1005.55
,,providers_b,sum_payment_amount,MAD z-score >= 8 (extreme outlier),,334825.0,5900.0
,,providers_b,sum_payment_amount,MAD z-score >= 8 (extreme outlier),,272029.0,517.3000000000001
,,providers_b,sum_payment_amount,MAD z-score >= 8 (extreme outlier),,11272380.0,426.8
,,providers_b,sum_payment_amount,MAD z-score >= 8 (extreme outlier),,10461644.0,320.32
,,providers_b,sum_payment_amount,MAD z-score >= 8 (extreme outlier),,11354024.0,899.61
,,providers_b,sum_payment_amount,MAD z-score >= 8 (extreme outlier),,78372.0,294.37
,,providers_b,sum_payment_amount,MAD z-score >= 8 (extreme outlier),,124976.0,822.07
,,providers_b,sum_payment_amount,MAD z-score >= 8 (extreme outlier),,563637.0,670.92
,,providers_b,sum_payment_amount,MAD z-score >= 8 (extreme outlier),,169125.0,1076.81
,,providers_b,sum_payment_amount,MAD z-score >= 8 (extreme outlier),,235949.0,333.77
,,providers_b,sum_payment_amount,MAD z-score >= 8 (extreme outlier),,1388527.0,1052.84
,,providers_b,sum_payment_amount,MAD z-score >= 8 (extreme outlier),,51437.0,427.51
,,providers_b,sum_payment_amount,MAD z-score >= 8 (extreme outlier),,214876.0,280.75
,,providers_b,sum_payment_amount,MAD z-score >= 8 (extreme outlier),,300854.0,802.96
,,providers_b,sum_payment_amount,MAD z-score >= 8 (extreme outlier),,468907.0,1889.81
,,providers_b,sum_payment_amount,MAD z-score >= 8 (extreme outlier),,11328580.0,4019.75
,,providers_b,sum_payment_amount,MAD z-score >= 8 (extreme outlier),,10867639.0,555.2
,,providers_b,sum_payment_amount,MAD z-score >= 8 (extreme outlier),,4976843.0,345.0
,,providers_b,sum_payment_amount,MAD z-score >= 8 (extreme outlier),,300773.0,314.64
,,providers_b,sum_payment_amount,MAD z-score >= 8 (extreme outlier),,10947798.0,744.53
,,providers_b,sum_payment_amount,MAD z-score >= 8 (extreme outlier),,973656.0,5482.99
,,providers_b,sum_payment_amount,MAD z-score >= 8 (extreme outlier),,2787487.0,425.0
,,providers_b,sum_payment_amount,MAD z-score >= 8 (extreme outlier),,338244.0,1557.1
,,providers_b,sum_payment_amount,MAD z-score >= 8 (extreme outlier),,10848852.0,691.5
,,providers_b,sum_payment_amount,MAD z-score >= 8 (extreme outlier),,477787.0,850.66
,,providers_b,sum_payment_amount,MAD z-score >= 8 (extreme outlier),,1214649.0,283.42
,,providers_b,sum_payment_amount,MAD z-score >= 8 (extreme outlier),,4211498.0,26977.18
,,providers_b,sum_payment_amount,MAD z-score >= 8 (extreme outlier),,1129913.0,1363.54
,,providers_b,sum_payment_amount,MAD z-score >= 8 (extreme outlier),,1237452.0,1254.5
,,providers_b,sum_payment_amount,MAD z-score >= 8 (extreme outlier),,10833078.0,2309.38
,,providers_b,sum_payment_amount,MAD z-score >= 8 (extreme outlier),,231439.0,536.0
,,providers_b,sum_payment_amount,MAD z-score >= 8 (extreme outlier),,11198865.0,309.48
,,providers_b,sum_payment_amount,MAD z-score >= 8 (extreme outlier),,257855.0,7109.599999999999
,,providers_b,sum_payment_amount,MAD z-score >= 8 (extreme outlier),,874772.0,3350.0
,,providers_b,sum_payment_amount,MAD z-score >= 8 (extreme outlier),,273694.0,8250.0
,,providers_b,sum_payment_amount,MAD z-score >= 8 (extreme outlier),,263233.0,623.34
,,providers_b,sum_payment_amount,MAD z-score >= 8 (extreme outlier),,10414396.0,287.64
,,providers_b,sum_payment_amount,MAD z-score >= 8 (extreme outlier),,1379212.0,980.8199999999999
,,providers_b,sum_payment_amount,MAD z-score >= 8 (extreme outlier),,9797.0,632.36
,,providers_b,sum_payment_amount,MAD z-score >= 8 (extreme outlier),,104287.0,284.4
,,providers_b,sum_payment_amount,MAD z-score >= 8 (extreme outlier),,509658.0,3187.5
,,providers_b,sum_payment_amount,MAD z-score >= 8 (extreme outlier),,274230.0,825.0
,,providers_b,sum_payment_amount,MAD z-score >= 8 (extreme outlier),,5703360.0,1690.28
,,providers_b,sum_payment_amount,MAD z-score >= 8 (extreme outlier),,631942.0,44426.05
,,providers_b,sum_payment_amount,MAD z-score >= 8 (extreme outlier),,239067.0,5247.08
,,providers_b,sum_payment_amount,MAD z-score >= 8 (extreme outlier),,329931.0,342.59
,,providers_b,sum_payment_amount,MAD z-score >= 8 (extreme outlier),,1113468.0,292.25
,,providers_b,sum_payment_amount,MAD z-score >= 8 (extreme outlier),,352990.0,1254.34
,,providers_b,sum_payment_amount,MAD z-score >= 8 (extreme outlier),,116369.0,321.93
,,providers_b,sum_payment_amount,MAD z-score >= 8 (extreme outlier),,1558245.0,30446.79
